Codcir,Codmun,Municipio,Mesa,Censo,Certif. Alta,Certif. Correc.,Censo Total,Votos Electores,Votos Interventores,Votos Totales,Votos Blancos,Votos Nulos,PP,PUM+J,PSOE,ULEG,PH,PCTE,MM-VQ,CS,PACMA,FE DE LAS JONS,VOX,PODEMOS-IU-AV,PFE
28,1,La Acebeda,1-001-U,64,0,0,64,54,0,54,0,1,31,0,9,0,0,0,6,0,0,0,1,6,0
28,2,Ajalvir,1-001-A,859,0,0,859,554,1,555,11,11,285,0,62,1,0,1,105,9,0,0,57,13,0
28,2,Ajalvir,1-001-B,863,0,0,863,543,1,544,6,3,311,0,48,0,0,1,92,5,6,4,53,13,2
28,2,Ajalvir,1-002-A,766,0,0,766,561,1,562,2,9,271,0,81,0,0,0,98,9,5,3,71,13,0
28,2,Ajalvir,1-002-B,871,0,0,871,624,2,626,14,5,320,1,89,0,0,0,100,4,6,1,79,7,0
28,3,Alameda del Valle,1-001-U,194,0,0,194,168,0,168,1,3,74,0,31,0,0,0,27,3,2,1,18,7,1
28,4,El Álamo,1-001-A,621,0,0,621,399,1,400,8,5,192,1,94,0,0,0,41,4,4,0,40,10,1
28,4,El Álamo,1-001-B,762,0,0,762,472,2,474,3,7,221,1,125,0,0,0,58,2,2,0,41,14,0
28,4,El Álamo,1-001-C,747,0,0,747,448,1,449,1,6,203,1,107,0,0,2,53,1,1,1,60,12,1
28,4,El Álamo,1-002-A,710,0,0,710,474,3,477,3,8,251,1,81,1,0,0,66,3,2,0,40,19,2
28,4,El Álamo,1-002-B,841,0,0,841,573,3,576,6,7,273,1,124,1,0,2,55,4,6,0,78,19,0
28,4,El Álamo,1-002-C,828,0,0,828,572,0,572,0,7,320,0,99,0,1,1,61,2,0,1,58,22,0
28,4,El Álamo,1-003-A,761,0,0,761,536,0,536,6,10,279,2,123,0,0,0,46,2,3,0,50,15,0
28,4,El Álamo,1-003-B,628,0,0,628,454,0,454,2,2,243,0,84,0,0,1,52,1,1,0,42,25,1
28,4,El Álamo,1-004-A,610,1,0,611,406,1,407,2,2,178,0,109,0,0,0,58,2,2,0,43,10,1
28,4,El Álamo,1-004-B,564,5,0,569,385,2,387,5,4,185,0,88,0,0,0,41,2,4,0,40,18,0
28,5,Alcalá de Henares,1-001-A,577,0,0,577,401,1,402,3,6,190,1,50,1,0,1,77,4,1,1,47,17,3
28,5,Alcalá de Henares,1-001-B,641,0,0,641,410,0,410,8,3,206,0,56,1,0,2,78,3,1,0,30,21,1
28,5,Alcalá de Henares,1-002-U,691,0,0,691,490,0,490,3,3,212,0,97,0,1,1,115,6,6,0,19,26,1
28,5,Alcalá de Henares,1-003-A,574,0,0,574,412,1,413,2,5,154,3,88,0,1,1,93,4,5,0,34,23,0
28,5,Alcalá de Henares,1-003-B,652,0,0,652,437,0,437,3,13,159,1,91,0,0,6,101,11,2,0,31,17,2
28,5,Alcalá de Henares,1-004-U,933,0,0,933,696,0,696,3,8,409,0,124,0,0,0,70,8,2,1,49,21,1
28,5,Alcalá de Henares,1-005-A,530,0,0,530,378,0,378,0,1,216,0,43,0,0,0,55,4,1,0,41,17,0
28,5,Alcalá de Henares,1-005-B,457,0,0,457,334,0,334,3,0,182,1,55,0,1,0,44,6,2,2,21,17,0
28,5,Alcalá de Henares,1-006-U,940,0,0,940,708,0,708,8,7,272,0,188,1,0,0,131,14,4,0,54,29,0
28,5,Alcalá de Henares,1-007-U,912,0,0,912,628,0,628,5,6,240,2,214,2,0,1,82,5,2,0,44,25,0
28,5,Alcalá de Henares,1-008-U,574,0,0,574,371,1,372,3,1,148,1,128,0,0,0,51,5,2,0,21,12,0
28,5,Alcalá de Henares,1-009-U,779,0,0,779,510,0,510,1,6,189,3,177,0,1,0,69,5,5,0,30,24,0
28,5,Alcalá de Henares,1-010-U,667,0,0,667,456,0,456,4,12,209,5,81,0,0,0,70,9,7,0,36,18,5
28,5,Alcalá de Henares,1-011-A,498,0,0,498,359,0,359,1,3,174,1,75,0,0,0,56,6,5,1,25,11,1
28,5,Alcalá de Henares,1-011-B,463,0,0,463,330,0,330,6,3,157,0,87,0,0,0,40,3,0,1,15,18,0
28,5,Alcalá de Henares,1-012-A,661,0,0,661,465,0,465,4,5,222,1,85,0,0,0,71,4,5,1,49,17,1
28,5,Alcalá de Henares,1-012-B,616,0,0,616,442,0,442,4,4,225,1,78,0,0,1,62,4,2,0,44,17,0
28,5,Alcalá de Henares,1-013-U,651,0,0,651,463,0,463,3,1,253,1,71,1,0,0,71,5,2,1,31,21,2
28,5,Alcalá de Henares,1-014-U,941,0,0,941,679,0,679,13,2,383,0,131,0,1,1,72,7,5,0,40,24,0
28,5,Alcalá de Henares,1-015-A,738,0,0,738,503,0,503,10,5,208,0,78,0,0,3,106,7,2,0,56,28,0
28,5,Alcalá de Henares,1-015-B,818,0,0,818,560,0,560,3,4,226,1,104,0,1,0,114,11,4,1,46,44,1
28,5,Alcalá de Henares,1-016-U,799,0,0,799,524,0,524,1,2,221,0,109,0,1,1,104,8,0,1,40,35,1
28,5,Alcalá de Henares,1-017-U,602,0,0,602,388,0,388,9,6,192,0,84,1,1,1,47,5,2,0,24,16,0
28,5,Alcalá de Henares,1-018-U,708,0,0,708,445,0,445,4,2,179,1,108,1,1,1,68,7,3,0,46,24,0
28,5,Alcalá de Henares,1-020-U,923,0,0,923,557,0,557,6,10,228,0,145,0,0,0,80,5,8,0,50,24,1
28,5,Alcalá de Henares,1-021-A,499,0,0,499,379,0,379,2,4,184,0,99,0,0,0,39,8,3,0,25,13,2
28,5,Alcalá de Henares,1-021-B,507,0,0,507,373,0,373,2,3,205,0,74,0,0,0,31,4,0,0,33,21,0
28,5,Alcalá de Henares,1-022-A,584,0,0,584,377,0,377,3,4,185,0,82,0,1,0,49,4,3,0,36,9,1
28,5,Alcalá de Henares,1-022-B,597,0,0,597,417,0,417,0,6,207,1,85,0,0,2,44,5,4,1,48,13,1
28,5,Alcalá de Henares,1-023-U,908,0,0,908,670,0,670,7,7,423,0,75,0,0,0,65,7,2,1,56,27,0
28,5,Alcalá de Henares,1-024-A,514,0,0,514,389,0,389,4,3,224,0,66,0,0,2,49,4,0,0,28,8,1
28,5,Alcalá de Henares,1-024-B,519,0,0,519,378,0,378,7,2,198,3,70,0,0,0,60,4,0,0,26,8,0
28,5,Alcalá de Henares,2-001-U,867,0,0,867,515,0,515,3,5,195,1,167,0,1,0,67,3,3,0,47,23,0
28,5,Alcalá de Henares,2-002-U,741,0,0,741,490,0,490,7,5,184,3,158,0,0,1,63,3,11,0,40,14,1
28,5,Alcalá de Henares,2-003-A,476,0,0,476,322,0,322,4,5,117,1,103,0,0,1,47,2,4,1,22,15,0
28,5,Alcalá de Henares,2-003-B,499,0,0,499,344,0,344,3,6,108,0,134,0,0,0,42,1,2,0,32,16,0
28,5,Alcalá de Henares,2-004-U,776,0,0,776,412,0,412,8,4,159,2,130,0,0,0,40,7,2,0,44,15,1
28,5,Alcalá de Henares,2-005-U,808,0,0,808,404,0,404,6,4,122,1,162,0,0,0,39,7,7,1,39,16,0
28,5,Alcalá de Henares,2-006-A,586,0,0,586,355,0,355,4,4,113,0,112,0,1,0,49,5,10,0,33,24,0
28,5,Alcalá de Henares,2-006-B,608,0,0,608,317,0,317,4,1,95,0,110,0,0,0,54,2,3,0,31,16,1
28,5,Alcalá de Henares,2-007-A,559,0,0,559,295,0,295,2,2,104,0,84,0,0,0,35,0,7,1,42,18,0
28,5,Alcalá de Henares,2-007-B,558,0,0,558,293,0,293,3,4,95,0,102,0,0,2,32,2,6,1,31,14,1
28,5,Alcalá de Henares,2-008-A,624,0,0,624,360,0,360,6,2,118,1,89,0,0,1,55,4,10,0,56,17,1
28,5,Alcalá de Henares,2-008-B,653,0,0,653,354,0,354,6,4,131,0,94,0,0,1,60,7,1,0,34,16,0
28,5,Alcalá de Henares,2-010-A,696,0,0,696,341,0,341,3,3,128,1,110,0,2,0,33,5,2,0,31,23,0
28,5,Alcalá de Henares,2-010-B,669,0,0,669,348,0,348,3,1,116,0,114,0,1,0,52,0,3,0,41,17,0
28,5,Alcalá de Henares,2-011-U,845,0,0,845,307,0,307,0,0,115,0,99,0,0,3,38,1,4,1,37,9,0
28,5,Alcalá de Henares,2-012-U,760,0,0,760,326,0,326,1,4,121,1,97,0,2,0,34,3,4,0,33,26,0
28,5,Alcalá de Henares,2-013-U,579,0,0,579,280,0,280,3,7,77,0,101,0,0,1,29,4,4,0,29,24,1
28,5,Alcalá de Henares,2-014-U,641,0,0,641,396,0,396,1,2,154,1,107,0,1,0,67,4,4,1,27,27,0
28,5,Alcalá de Henares,2-015-U,567,0,0,567,295,0,295,4,2,97,0,99,1,4,2,37,4,8,0,22,15,0
28,5,Alcalá de Henares,2-016-U,907,0,0,907,589,0,589,8,3,200,3,178,0,0,0,83,7,10,0,69,25,3
28,5,Alcalá de Henares,2-017-U,746,0,0,746,416,0,416,5,4,118,2,138,0,1,0,67,11,4,1,46,19,0
28,5,Alcalá de Henares,2-018-A,623,0,0,623,409,0,409,2,8,149,1,127,0,0,3,69,3,4,1,23,19,0
28,5,Alcalá de Henares,2-018-B,594,0,0,594,390,0,390,2,4,153,0,99,0,0,0,66,4,4,0,31,27,0
28,5,Alcalá de Henares,2-019-A,639,0,0,639,404,0,404,2,6,160,0,120,0,0,1,58,3,4,0,26,23,1
28,5,Alcalá de Henares,2-019-B,700,0,0,700,438,0,438,3,10,149,1,150,0,2,2,63,8,3,0,30,16,1
28,5,Alcalá de Henares,2-020-A,618,0,0,618,416,0,416,9,8,162,0,110,0,1,1,56,6,4,0,39,20,0
28,5,Alcalá de Henares,2-020-B,586,0,0,586,386,0,386,5,3,171,0,96,0,2,0,44,1,2,1,38,21,2
28,5,Alcalá de Henares,2-021-A,540,0,0,540,335,0,335,2,3,108,0,89,0,0,0,72,13,2,0,24,22,0
28,5,Alcalá de Henares,2-021-B,517,0,0,517,311,0,311,2,5,114,1,89,0,0,1,54,1,1,0,22,20,1
28,5,Alcalá de Henares,2-022-U,815,0,0,815,505,0,505,5,2,207,0,135,0,0,0,85,2,4,0,49,16,0
28,5,Alcalá de Henares,2-023-U,667,0,0,667,400,0,400,1,2,129,2,159,0,1,0,54,3,1,1,38,9,0
28,5,Alcalá de Henares,2-024-A,564,0,0,564,329,0,329,5,0,108,0,114,0,0,0,43,1,3,0,41,14,0
28,5,Alcalá de Henares,2-024-B,504,0,0,504,261,0,261,0,1,83,0,94,0,1,0,36,2,2,1,29,12,0
28,5,Alcalá de Henares,2-025-U,959,0,0,959,583,0,583,4,11,195,0,189,0,0,1,93,13,2,2,40,30,3
28,5,Alcalá de Henares,2-026-A,576,0,0,576,394,0,394,5,1,174,1,101,0,0,0,53,5,0,1,30,23,0
28,5,Alcalá de Henares,2-026-B,544,0,0,544,372,0,372,2,5,159,0,122,0,1,0,38,7,4,0,20,14,0
28,5,Alcalá de Henares,2-027-A,534,0,0,534,293,0,293,7,3,87,0,100,0,0,1,56,4,3,0,21,11,0
28,5,Alcalá de Henares,2-027-B,529,0,0,529,303,0,303,1,1,119,1,94,0,0,1,43,1,3,0,32,6,1
28,5,Alcalá de Henares,2-028-A,715,0,0,715,514,0,514,5,10,191,1,119,0,0,0,101,12,7,1,48,18,1
28,5,Alcalá de Henares,2-028-B,668,0,0,668,497,0,497,5,1,211,0,121,0,0,0,88,9,5,1,33,22,1
28,5,Alcalá de Henares,2-029-A,571,0,0,571,448,0,448,10,7,186,1,107,0,1,3,82,4,3,0,20,24,0
28,5,Alcalá de Henares,2-029-B,592,0,0,592,472,0,472,10,5,178,0,111,0,1,0,102,8,7,0,20,30,0
28,5,Alcalá de Henares,2-030-U,673,0,0,673,408,0,408,2,7,165,0,120,1,0,0,53,2,4,0,40,14,0
28,5,Alcalá de Henares,2-031-A,772,0,0,772,626,0,626,12,2,297,3,138,0,0,0,106,11,1,3,33,20,0
28,5,Alcalá de Henares,2-031-B,689,0,0,689,536,0,536,11,3,225,0,98,0,0,0,123,13,3,0,35,25,0
28,5,Alcalá de Henares,2-032-A,494,0,0,494,357,0,357,11,5,134,1,89,0,0,0,60,5,3,0,31,17,1
28,5,Alcalá de Henares,2-032-B,501,0,0,501,327,0,327,5,3,131,0,86,0,1,0,47,3,3,0,26,22,0
28,5,Alcalá de Henares,2-033-A,519,0,0,519,380,0,380,6,4,139,0,105,0,0,0,67,5,6,0,32,16,0
28,5,Alcalá de Henares,2-033-B,491,0,0,491,346,0,346,2,8,143,0,85,0,0,0,52,6,3,1,26,20,0
28,5,Alcalá de Henares,2-034-A,578,0,0,578,404,0,404,6,2,175,1,111,1,1,0,54,5,5,0,21,22,0
28,5,Alcalá de Henares,2-034-B,524,0,0,524,348,0,348,3,3,118,0,141,0,2,0,31,3,0,2,35,10,0
28,5,Alcalá de Henares,2-035-A,614,0,0,614,410,0,410,7,5,149,0,121,0,1,0,72,5,2,1,27,20,0
28,5,Alcalá de Henares,2-035-B,666,0,0,666,462,0,462,5,10,157,1,110,0,0,1,95,5,5,1,41,30,1
28,5,Alcalá de Henares,2-036-A,676,0,0,676,460,0,460,4,4,182,3,113,0,0,0,79,7,6,0,35,26,1
28,5,Alcalá de Henares,2-036-B,626,0,0,626,438,0,438,0,7,152,2,130,1,0,1,77,2,3,1,38,23,1
28,5,Alcalá de Henares,2-037-U,737,0,0,737,507,0,507,8,7,181,2,141,0,1,1,71,2,13,0,47,31,2
28,5,Alcalá de Henares,2-038-A,934,0,0,934,697,0,697,10,3,335,0,102,0,0,2,127,28,3,1,59,24,3
28,5,Alcalá de Henares,2-038-B,828,0,0,828,648,0,648,8,5,324,1,110,0,0,1,124,18,4,0,25,27,1
28,5,Alcalá de Henares,3-001-A,480,1,0,481,323,1,324,2,4,129,0,89,1,0,1,48,4,4,2,29,11,0
28,5,Alcalá de Henares,3-001-B,532,0,0,532,339,0,339,1,4,129,0,94,0,0,1,55,8,5,0,30,12,0
28,5,Alcalá de Henares,3-002-U,787,0,0,787,483,0,483,6,1,173,2,163,0,2,0,58,8,7,0,36,27,0
28,5,Alcalá de Henares,3-003-U,665,0,0,665,375,0,375,7,6,137,0,123,0,0,0,46,5,4,1,29,15,2
28,5,Alcalá de Henares,3-004-A,539,0,0,539,388,0,388,2,4,157,0,98,0,1,0,74,4,2,0,30,15,1
28,5,Alcalá de Henares,3-004-B,521,0,0,521,382,1,383,8,3,149,0,84,0,0,0,80,9,4,0,26,20,0
28,5,Alcalá de Henares,3-005-U,644,0,0,644,361,0,361,4,5,121,0,125,0,0,1,59,1,5,0,30,9,1
28,5,Alcalá de Henares,3-006-A,590,0,0,590,359,1,360,0,6,110,0,125,0,0,3,46,5,4,1,33,27,0
28,5,Alcalá de Henares,3-006-B,569,0,0,569,338,0,338,2,4,126,0,127,0,0,1,28,5,4,1,29,10,1
28,5,Alcalá de Henares,3-007-A,799,0,0,799,570,0,570,5,9,234,0,142,0,0,1,89,7,3,1,55,24,0
28,5,Alcalá de Henares,3-007-B,710,0,0,710,482,0,482,5,5,200,3,132,0,0,0,70,2,3,1,35,26,0
28,5,Alcalá de Henares,3-008-U,803,0,0,803,533,0,533,11,3,234,0,126,0,2,0,82,6,3,0,43,22,1
28,5,Alcalá de Henares,3-009-U,860,0,0,860,473,0,473,7,2,162,0,155,0,1,1,62,6,5,3,42,27,0
28,5,Alcalá de Henares,3-011-A,476,0,0,476,318,0,318,4,3,106,0,102,0,0,0,50,5,2,0,22,24,0
28,5,Alcalá de Henares,3-011-B,518,0,0,518,378,0,378,3,8,138,1,122,0,0,0,49,9,4,1,27,16,0
28,5,Alcalá de Henares,3-012-U,907,0,0,907,550,0,550,6,5,195,1,162,0,1,0,102,5,4,1,42,26,0
28,5,Alcalá de Henares,3-013-A,576,0,0,576,477,0,477,11,3,224,0,86,0,1,0,88,13,3,0,39,9,0
28,5,Alcalá de Henares,3-013-B,549,0,0,549,438,0,438,5,7,214,0,69,0,0,1,71,16,4,0,39,12,0
28,5,Alcalá de Henares,3-014-A,659,0,0,659,462,0,462,2,6,187,0,106,0,1,0,72,10,0,1,46,31,0
28,5,Alcalá de Henares,3-014-B,783,0,0,783,557,0,557,2,8,242,2,124,1,0,0,91,9,4,0,43,30,1
28,5,Alcalá de Henares,3-015-A,896,0,0,896,683,0,683,12,5,291,1,130,0,0,4,133,14,8,1,59,25,0
28,5,Alcalá de Henares,3-015-B,851,0,0,851,622,0,622,7,7,304,0,112,0,1,3,106,13,2,0,45,21,1
28,5,Alcalá de Henares,3-016-A,767,0,0,767,603,0,603,3,7,325,1,87,0,0,0,96,11,3,0,51,19,0
28,5,Alcalá de Henares,3-016-B,797,0,0,797,606,0,606,6,9,325,1,105,0,0,1,69,14,5,0,52,18,1
28,5,Alcalá de Henares,3-017-A,736,0,0,736,574,0,574,2,8,301,1,92,0,1,0,99,7,5,0,41,17,0
28,5,Alcalá de Henares,3-017-B,665,0,0,665,535,0,535,8,0,272,0,88,0,1,0,99,12,9,0,35,11,0
28,5,Alcalá de Henares,3-018-A,766,0,0,766,485,0,485,5,6,240,1,65,0,0,1,79,9,4,0,60,15,0
28,5,Alcalá de Henares,3-018-B,725,0,0,725,486,0,486,3,6,234,0,68,1,0,0,85,10,7,1,52,19,0
28,5,Alcalá de Henares,4-001-A,684,0,0,684,370,0,370,6,2,209,0,41,0,0,0,50,6,2,0,45,9,0
28,5,Alcalá de Henares,4-001-B,720,0,0,720,359,0,359,4,5,201,0,41,1,0,1,50,10,2,2,36,6,0
28,5,Alcalá de Henares,4-002-A,615,0,0,615,487,0,487,5,2,240,1,97,0,2,0,75,12,3,0,29,21,0
28,5,Alcalá de Henares,4-002-B,627,0,0,627,494,0,494,9,3,217,0,108,0,0,1,84,11,1,1,39,19,1
28,5,Alcalá de Henares,4-003-A,753,0,0,753,610,0,610,9,9,304,0,104,0,0,0,106,14,1,1,36,26,0
28,5,Alcalá de Henares,4-003-B,825,0,0,825,645,0,645,14,6,262,0,128,0,0,1,128,19,3,1,49,32,2
28,5,Alcalá de Henares,4-004-A,565,0,0,565,451,0,451,4,5,255,1,74,0,0,0,55,12,2,0,35,8,0
28,5,Alcalá de Henares,4-004-B,553,0,0,553,421,0,421,2,6,225,1,74,0,0,0,55,15,2,0,29,12,0
28,5,Alcalá de Henares,4-005-A,691,0,0,691,487,1,488,7,10,196,2,87,0,0,1,107,6,0,0,42,29,1
28,5,Alcalá de Henares,4-005-B,645,0,0,645,447,0,447,2,5,184,4,91,0,0,0,85,6,3,0,40,26,1
28,5,Alcalá de Henares,4-006-A,747,0,0,747,526,0,526,8,10,209,0,98,0,0,1,109,11,4,0,52,24,0
28,5,Alcalá de Henares,4-006-B,757,0,0,757,573,0,573,3,11,234,1,123,0,2,1,114,10,3,0,53,18,0
28,5,Alcalá de Henares,4-007-A,618,0,0,618,479,0,479,13,2,233,0,74,0,0,0,89,12,4,0,43,9,0
28,5,Alcalá de Henares,4-007-B,625,0,0,625,490,0,490,6,4,260,1,81,0,0,0,76,14,4,0,31,13,0
28,5,Alcalá de Henares,4-008-A,800,0,0,800,632,0,632,5,3,308,1,125,0,1,0,100,10,3,0,57,19,0
28,5,Alcalá de Henares,4-008-B,852,0,0,852,654,0,654,10,7,331,2,114,0,0,1,104,19,2,0,46,17,1
28,5,Alcalá de Henares,4-009-A,800,0,0,800,554,0,554,2,9,242,1,116,0,0,0,91,17,5,0,50,20,1
28,5,Alcalá de Henares,4-009-B,752,0,0,752,510,0,510,1,5,221,0,108,0,0,1,87,8,4,0,53,21,1
28,5,Alcalá de Henares,4-010-A,800,0,0,800,625,0,625,8,5,315,3,111,0,2,0,89,11,3,1,58,19,0
28,5,Alcalá de Henares,4-010-B,911,0,0,911,716,0,716,11,8,359,0,125,0,1,1,113,24,5,1,37,29,2
28,5,Alcalá de Henares,4-011-A,817,0,0,817,632,0,632,10,2,254,2,117,0,0,0,138,16,5,0,55,33,0
28,5,Alcalá de Henares,4-011-B,901,0,0,901,721,0,721,9,10,319,0,147,0,0,0,131,9,3,0,53,40,0
28,5,Alcalá de Henares,4-012-A,632,0,0,632,386,0,386,6,11,136,0,84,0,0,1,71,6,6,0,50,15,0
28,5,Alcalá de Henares,4-012-B,622,0,0,622,363,0,363,5,10,118,1,77,0,1,1,72,4,3,2,46,23,0
28,5,Alcalá de Henares,4-013-A,853,0,0,853,639,0,639,4,4,305,2,112,1,0,3,129,23,4,0,37,13,2
28,5,Alcalá de Henares,4-013-B,818,0,0,818,645,0,645,9,11,323,1,118,0,0,0,107,17,2,0,40,17,0
28,5,Alcalá de Henares,4-014-A,711,0,0,711,578,0,578,8,3,255,2,122,0,0,0,108,7,9,0,38,25,1
28,5,Alcalá de Henares,4-014-B,669,0,0,669,531,0,531,15,9,240,0,101,0,0,1,85,5,1,0,54,19,1
28,5,Alcalá de Henares,4-015-U,911,0,0,911,435,0,435,4,3,159,1,123,0,0,0,73,11,12,2,36,11,0
28,5,Alcalá de Henares,4-016-A,577,0,0,577,442,0,442,9,2,180,1,86,0,0,0,90,8,4,0,39,21,2
28,5,Alcalá de Henares,4-016-B,674,0,0,674,506,0,506,4,7,192,0,107,0,0,0,106,12,5,0,48,25,0
28,5,Alcalá de Henares,4-017-A,640,0,0,640,467,0,467,5,2,173,3,85,1,0,1,118,13,6,1,31,28,0
28,5,Alcalá de Henares,4-017-B,741,0,0,741,544,0,544,6,8,234,0,73,0,0,1,120,18,4,0,50,27,3
28,5,Alcalá de Henares,4-017-C,701,0,0,701,532,0,532,7,3,231,1,78,1,1,2,113,13,7,1,46,27,1
28,5,Alcalá de Henares,4-018-A,644,0,0,644,474,0,474,9,5,215,1,68,0,0,0,108,11,6,1,34,16,0
28,5,Alcalá de Henares,4-018-B,686,0,0,686,495,0,495,12,4,221,1,67,0,0,0,99,10,10,1,49,20,1
28,5,Alcalá de Henares,4-019-A,712,0,0,712,539,0,539,10,6,290,1,75,0,0,1,67,13,1,1,55,17,2
28,5,Alcalá de Henares,4-019-B,774,0,0,774,595,0,595,10,6,338,3,82,2,0,0,68,12,1,0,61,12,0
28,5,Alcalá de Henares,4-020-U,848,0,0,848,628,0,628,8,7,289,0,89,0,1,1,137,10,9,0,58,19,0
28,5,Alcalá de Henares,4-021-A,539,0,0,539,419,0,419,9,5,226,0,64,0,0,1,71,11,3,2,21,6,0
28,5,Alcalá de Henares,4-021-B,573,0,0,573,463,0,463,6,8,243,0,85,0,0,0,66,6,4,2,26,16,1
28,5,Alcalá de Henares,5-001-U,694,0,0,694,457,0,457,0,2,201,3,116,0,0,0,64,4,2,0,36,29,0
28,5,Alcalá de Henares,5-002-A,563,0,0,563,404,0,404,2,9,198,0,100,0,1,0,41,7,1,0,29,16,0
28,5,Alcalá de Henares,5-002-B,582,0,0,582,412,0,412,2,3,208,1,98,0,1,1,48,2,1,0,31,12,4
28,5,Alcalá de Henares,5-003-A,507,0,0,507,337,0,337,0,2,128,0,113,0,1,0,54,6,1,0,17,14,1
28,5,Alcalá de Henares,5-003-B,531,0,0,531,368,0,368,3,6,156,0,114,0,0,0,48,6,2,0,15,18,0
28,5,Alcalá de Henares,5-004-U,866,0,0,866,589,0,589,5,5,220,1,211,0,0,2,78,4,3,0,36,24,0
28,5,Alcalá de Henares,5-005-U,841,0,0,841,582,0,582,3,5,268,0,165,0,1,0,82,11,4,1,26,16,0
28,5,Alcalá de Henares,5-006-U,641,0,0,641,471,0,471,6,5,243,1,91,0,1,0,67,9,3,0,32,13,0
28,5,Alcalá de Henares,5-007-A,663,0,0,663,485,0,485,4,5,224,0,90,0,0,0,82,10,4,0,42,24,0
28,5,Alcalá de Henares,5-007-B,728,0,0,728,530,0,530,5,5,259,1,104,0,1,2,62,10,3,0,53,25,0
28,5,Alcalá de Henares,5-008-U,759,0,0,759,563,0,563,8,7,224,0,147,0,0,1,86,9,4,1,45,30,1
28,5,Alcalá de Henares,5-009-U,912,0,0,912,464,0,464,2,5,131,1,138,0,2,1,66,1,17,0,83,17,0
28,5,Alcalá de Henares,5-010-U,533,0,0,533,342,0,342,2,2,143,0,109,0,0,0,38,2,2,0,26,17,1
28,5,Alcalá de Henares,5-011-U,919,0,0,919,594,0,594,0,10,249,0,137,0,1,1,115,6,3,0,36,36,0
28,5,Alcalá de Henares,5-012-A,568,0,0,568,314,0,314,1,4,111,1,94,0,1,0,46,1,4,0,26,25,0
28,5,Alcalá de Henares,5-012-B,575,0,0,575,345,0,345,0,1,121,2,101,0,2,0,73,8,1,0,18,18,0
28,5,Alcalá de Henares,5-013-U,842,0,0,842,722,0,722,5,4,446,1,96,0,0,0,79,8,1,1,44,36,1
28,5,Alcalá de Henares,5-014-A,842,0,0,842,590,0,590,3,7,221,1,135,0,0,1,114,14,6,0,55,30,3
28,5,Alcalá de Henares,5-014-B,779,0,0,779,548,0,548,10,7,200,1,141,0,1,0,110,8,8,0,37,25,0
28,5,Alcalá de Henares,5-015-A,586,0,0,586,458,0,458,3,0,265,2,67,0,0,0,57,16,1,0,29,18,0
28,5,Alcalá de Henares,5-015-B,555,0,0,555,415,0,415,8,1,197,1,71,1,0,0,73,8,2,0,28,25,0
28,5,Alcalá de Henares,5-016-U,750,0,0,750,589,0,589,6,3,335,0,95,0,0,0,61,14,2,0,46,25,2
28,5,Alcalá de Henares,5-017-A,546,0,0,546,351,0,351,4,3,128,1,101,0,3,0,55,3,5,1,23,24,0
28,5,Alcalá de Henares,5-017-B,504,0,0,504,303,0,303,0,8,106,0,98,0,1,0,41,6,2,1,27,13,0
28,5,Alcalá de Henares,5-018-U,704,0,0,704,522,1,523,9,3,223,0,115,0,0,1,90,16,6,0,42,17,1
28,5,Alcalá de Henares,5-020-A,581,0,0,581,368,0,368,5,2,137,0,117,0,0,1,52,5,2,1,24,21,1
28,5,Alcalá de Henares,5-020-B,561,0,0,561,365,0,365,4,2,130,0,124,0,0,1,56,3,2,1,31,10,1
28,5,Alcalá de Henares,5-021-A,656,0,0,656,460,0,460,3,8,169,0,141,0,0,0,65,9,5,1,37,22,0
28,5,Alcalá de Henares,5-021-B,604,0,0,604,401,0,401,7,9,139,1,120,1,2,0,54,4,6,0,35,23,0
28,5,Alcalá de Henares,5-022-A,871,0,0,871,671,0,671,5,9,318,3,118,1,0,1,132,8,4,0,42,30,0
28,5,Alcalá de Henares,5-022-B,862,0,0,862,672,0,672,10,4,355,0,115,0,0,0,111,18,4,1,31,22,1
28,5,Alcalá de Henares,5-023-A,615,0,0,615,429,0,429,3,4,164,0,137,0,0,0,58,4,1,1,35,22,0
28,5,Alcalá de Henares,5-023-B,579,0,0,579,404,0,404,7,5,173,0,112,0,2,0,55,4,4,0,23,18,1
28,5,Alcalá de Henares,5-024-A,474,0,0,474,320,0,320,2,2,144,0,95,0,0,0,32,5,2,0,27,11,0
28,5,Alcalá de Henares,5-024-B,506,0,0,506,316,0,316,0,6,130,0,77,0,1,0,49,1,5,0,26,20,1
28,5,Alcalá de Henares,5-025-U,875,0,0,875,563,0,563,4,8,267,2,133,0,0,0,59,5,7,0,54,22,2
28,5,Alcalá de Henares,5-026-U,937,0,0,937,595,0,595,9,2,261,1,128,0,2,4,95,8,5,0,55,24,1
28,5,Alcalá de Henares,5-027-A,492,0,0,492,325,0,325,3,5,126,0,107,0,0,0,42,2,3,0,17,17,3
28,5,Alcalá de Henares,5-027-B,512,0,0,512,325,0,325,2,0,121,1,121,0,0,0,38,4,1,0,20,17,0
28,5,Alcalá de Henares,5-028-U,873,0,0,873,635,0,635,6,3,385,2,80,0,1,0,59,10,3,1,63,22,0
28,5,Alcalá de Henares,5-029-A,694,0,0,694,514,0,514,4,4,226,0,132,0,0,0,92,10,1,0,24,21,0
28,5,Alcalá de Henares,5-029-B,637,0,0,637,488,0,488,9,5,225,0,118,1,1,0,80,5,4,1,22,17,0
28,5,Alcalá de Henares,5-030-U,573,0,0,573,441,0,441,3,4,286,0,34,0,0,0,40,10,0,0,60,3,1
28,5,Alcalá de Henares,5-031-U,672,0,0,672,523,0,523,5,4,292,1,70,0,0,0,78,8,3,0,34,27,1
28,5,Alcalá de Henares,5-032-A,761,0,0,761,541,1,542,5,1,278,0,86,0,0,0,91,17,0,0,40,22,2
28,5,Alcalá de Henares,5-032-B,679,0,0,679,481,0,481,6,2,252,2,83,1,0,1,72,11,2,1,24,21,3
28,6,Alcobendas,1-001-A,561,0,0,561,309,2,311,5,0,129,0,82,1,1,0,42,6,5,0,26,14,0
28,6,Alcobendas,1-001-B,613,0,0,613,330,0,330,2,1,147,0,81,0,0,0,41,3,6,1,26,20,2
28,6,Alcobendas,1-002-A,854,0,0,854,489,0,489,5,3,183,0,143,0,5,1,79,9,5,1,39,15,1
28,6,Alcobendas,1-002-B,767,0,0,767,421,1,422,2,9,161,1,113,0,1,1,57,5,5,0,46,19,2
28,6,Alcobendas,1-003-A,543,0,0,543,304,1,305,3,1,128,0,87,0,2,0,42,0,4,0,27,11,0
28,6,Alcobendas,1-003-B,540,0,0,540,282,1,283,2,3,137,1,88,0,0,3,40,1,4,0,0,3,1
28,6,Alcobendas,1-004-A,852,0,0,852,514,0,514,7,16,217,0,117,0,0,1,72,5,3,0,55,21,0
28,6,Alcobendas,1-004-B,763,0,0,763,453,0,453,3,5,199,0,114,0,0,1,63,4,6,0,40,17,1
28,6,Alcobendas,1-005-U,593,0,0,593,374,0,374,2,10,159,0,98,0,0,0,65,1,4,0,22,11,2
28,6,Alcobendas,1-006-U,917,0,0,917,540,0,540,2,5,220,0,166,0,0,2,72,14,3,0,31,25,0
28,6,Alcobendas,1-007-A,591,0,0,591,363,0,363,5,0,132,1,138,0,2,0,47,6,3,0,16,13,0
28,6,Alcobendas,1-007-B,558,0,0,558,326,0,326,1,9,127,1,104,0,0,0,48,3,2,0,19,12,0
28,6,Alcobendas,1-008-A,543,0,0,543,331,0,331,5,1,147,1,85,0,0,1,48,4,1,0,22,16,0
28,6,Alcobendas,1-008-B,563,0,0,563,360,0,360,4,4,146,0,104,0,0,1,43,8,3,0,37,9,1
28,6,Alcobendas,1-009-A,772,0,0,772,428,0,428,6,7,171,0,114,0,1,1,61,8,4,0,41,13,1
28,6,Alcobendas,1-009-B,869,0,0,869,481,0,481,2,4,188,0,146,0,0,1,58,1,8,0,58,14,1
28,6,Alcobendas,1-011-U,518,0,0,518,310,0,310,1,7,108,3,87,0,1,0,50,3,4,0,27,19,0
28,6,Alcobendas,1-012-U,731,0,0,731,431,0,431,3,2,181,0,134,0,0,2,48,6,3,0,38,14,0
28,6,Alcobendas,1-013-A,584,0,0,584,356,0,356,10,4,137,0,85,0,0,0,54,2,2,1,47,14,0
28,6,Alcobendas,1-013-B,597,0,0,597,371,0,371,3,2,147,0,112,0,0,0,47,5,5,1,35,14,0
28,6,Alcobendas,1-014-A,552,0,0,552,322,0,322,1,5,113,1,101,0,0,0,49,5,2,1,31,13,0
28,6,Alcobendas,1-014-B,567,0,0,567,323,0,323,2,4,115,0,96,0,1,0,47,4,3,0,32,17,2
28,6,Alcobendas,1-015-A,632,0,0,632,409,1,410,2,5,167,1,117,2,2,0,53,5,4,0,37,14,1
28,6,Alcobendas,1-015-B,687,0,0,687,435,0,435,2,14,148,1,142,0,2,0,60,7,2,1,35,19,2
28,6,Alcobendas,1-016-A,539,0,0,539,298,0,298,2,3,120,1,82,0,1,2,34,2,3,0,34,14,0
28,6,Alcobendas,1-016-B,509,0,0,509,308,0,308,2,2,119,1,93,0,2,0,35,1,1,0,43,9,0
28,6,Alcobendas,1-017-U,671,0,0,671,388,0,388,2,3,145,0,142,0,0,0,42,4,2,0,34,13,1
28,6,Alcobendas,1-018-A,594,0,0,594,346,0,346,3,3,113,0,121,1,1,0,53,6,1,1,23,20,0
28,6,Alcobendas,1-018-B,621,0,0,621,359,0,359,2,4,133,0,118,2,0,0,44,7,2,0,34,13,0
28,6,Alcobendas,1-019-A,519,0,0,519,302,0,302,5,6,111,0,86,0,0,0,53,2,5,0,18,16,0
28,6,Alcobendas,1-019-B,578,0,0,578,342,0,342,11,6,122,1,89,1,1,1,65,4,1,1,27,11,1
28,6,Alcobendas,1-021-A,540,0,0,540,370,0,370,1,6,141,0,125,0,2,0,59,2,1,1,15,16,1
28,6,Alcobendas,1-021-B,601,0,0,601,373,0,373,0,2,161,0,101,0,0,0,67,4,6,0,19,13,0
28,6,Alcobendas,1-022-A,583,0,0,583,360,1,361,4,6,137,3,119,0,0,0,57,6,1,0,17,11,0
28,6,Alcobendas,1-022-B,549,0,0,549,342,0,342,4,7,146,0,99,0,2,0,42,4,2,0,22,13,1
28,6,Alcobendas,1-023-A,712,0,0,712,488,1,489,5,9,205,1,124,0,1,0,68,6,5,0,38,26,1
28,6,Alcobendas,1-023-B,772,4,0,776,549,1,550,5,3,250,1,157,0,0,0,76,3,6,0,34,14,1
28,6,Alcobendas,1-024-U,814,0,0,814,553,0,553,6,1,250,3,146,0,1,0,68,7,0,0,56,15,0
28,6,Alcobendas,1-025-A,630,0,0,630,445,0,445,4,6,186,1,118,0,2,1,57,6,4,0,42,18,0
28,6,Alcobendas,1-025-B,634,0,0,634,446,0,446,6,8,181,0,116,0,0,0,74,7,2,0,35,17,0
28,6,Alcobendas,1-026-U,849,0,0,849,612,0,612,7,16,293,1,119,0,0,0,91,9,4,1,34,36,1
28,6,Alcobendas,1-027-A,811,0,0,811,565,0,565,6,7,230,2,161,0,2,0,96,5,5,1,31,19,0
28,6,Alcobendas,1-027-B,850,0,0,850,599,0,599,3,6,258,1,168,0,0,2,95,6,7,0,23,28,2
28,6,Alcobendas,1-028-A,606,0,0,606,409,1,410,2,3,163,1,119,0,1,0,58,7,7,1,30,18,0
28,6,Alcobendas,1-028-B,683,0,0,683,483,1,484,3,7,180,1,142,1,0,0,90,9,3,1,29,17,1
28,6,Alcobendas,1-029-U,945,0,0,945,678,0,678,10,4,207,0,238,0,1,4,120,11,7,0,41,35,0
28,6,Alcobendas,1-030-A,842,0,0,842,639,0,639,2,5,303,1,134,0,1,3,91,14,5,1,47,31,1
28,6,Alcobendas,1-030-B,820,0,0,820,652,0,652,7,4,298,2,143,0,0,1,121,5,1,0,52,18,0
28,6,Alcobendas,1-031-A,607,0,0,607,436,0,436,5,7,192,1,95,0,0,0,84,5,0,0,29,17,1
28,6,Alcobendas,1-031-B,638,0,0,638,461,0,461,2,5,227,2,111,0,0,1,65,8,2,0,23,14,1
28,6,Alcobendas,1-032-A,843,0,0,843,541,0,541,8,2,219,2,126,1,0,1,92,10,4,0,51,24,1
28,6,Alcobendas,1-032-B,758,0,0,758,473,0,473,2,3,193,2,113,1,1,1,87,8,7,1,38,15,1
28,6,Alcobendas,1-033-A,681,0,0,681,548,0,548,0,0,457,1,23,0,0,0,18,7,0,0,40,1,1
28,6,Alcobendas,1-033-B,757,0,0,757,644,0,644,3,6,528,0,27,0,0,0,17,9,0,0,50,3,1
28,6,Alcobendas,1-034-U,935,0,0,935,763,0,763,6,1,646,0,29,0,0,2,13,14,0,1,48,3,0
28,6,Alcobendas,1-035-U,565,0,0,565,411,0,411,2,1,357,0,7,0,0,0,7,5,0,1,30,1,0
28,6,Alcobendas,1-036-A,761,0,0,761,584,0,584,2,1,506,1,15,0,0,0,3,5,0,0,44,7,0
28,6,Alcobendas,1-036-B,739,0,0,739,575,0,575,4,0,500,0,10,0,0,0,5,5,0,0,49,2,0
28,6,Alcobendas,1-037-U,847,0,0,847,600,2,602,7,2,439,0,28,0,1,0,47,13,2,0,56,6,1
28,6,Alcobendas,1-038-A,619,0,0,619,458,0,458,4,5,187,0,104,0,0,0,98,10,2,0,30,18,0
28,6,Alcobendas,1-038-B,584,0,0,584,424,0,424,5,9,177,0,91,0,0,0,79,8,2,0,33,20,0
28,6,Alcobendas,1-039-A,576,0,0,576,444,0,444,5,1,334,1,25,0,0,0,28,6,2,0,37,5,0
28,6,Alcobendas,1-039-B,667,0,0,667,508,0,508,4,1,402,1,40,0,0,0,14,11,0,0,35,0,0
28,6,Alcobendas,1-039-C,626,0,0,626,491,1,492,2,0,376,0,35,0,0,0,20,12,2,0,44,1,0
28,6,Alcobendas,1-040-A,661,0,0,661,508,0,508,4,0,445,0,12,0,0,0,5,4,0,2,36,0,0
28,6,Alcobendas,1-040-B,649,0,0,649,522,0,522,1,0,455,0,13,0,0,0,6,1,3,0,41,2,0
28,6,Alcobendas,1-041-A,708,0,0,708,583,0,583,6,2,491,0,19,0,0,0,8,11,0,0,46,0,0
28,6,Alcobendas,1-041-B,761,0,0,761,585,0,585,2,3,481,2,22,0,0,0,15,13,2,1,41,3,0
28,6,Alcobendas,1-042-U,918,0,0,918,568,0,568,3,5,227,1,178,0,1,1,87,7,8,0,31,17,2
28,6,Alcobendas,1-043-U,692,0,0,692,414,0,414,5,6,180,2,119,0,0,0,42,5,1,0,44,9,1
28,6,Alcobendas,1-044-A,729,0,0,729,544,0,544,7,3,266,1,119,0,2,0,83,4,4,0,36,18,1
28,6,Alcobendas,1-044-B,647,0,0,647,471,0,471,8,1,221,0,107,1,0,1,72,12,4,0,25,18,1
28,6,Alcobendas,1-045-A,614,0,0,614,405,0,405,7,5,175,2,91,1,0,0,61,6,2,0,37,18,0
28,6,Alcobendas,1-045-B,610,0,0,610,402,0,402,2,2,182,1,79,1,0,0,82,2,3,0,34,14,0
28,6,Alcobendas,1-046-U,604,0,0,604,398,1,399,4,7,180,0,97,1,0,0,50,6,1,0,38,14,1
28,6,Alcobendas,1-047-U,737,0,0,737,593,0,593,9,5,269,0,140,1,0,0,104,13,1,0,29,21,1
28,6,Alcobendas,1-048-A,714,0,0,714,568,1,569,2,0,481,2,25,0,0,0,5,10,1,0,40,3,0
28,6,Alcobendas,1-048-B,746,0,0,746,587,0,587,1,1,496,0,27,0,0,0,12,9,0,0,39,2,0
28,6,Alcobendas,1-049-A,672,0,0,672,512,0,512,6,6,221,1,102,0,0,1,106,9,2,0,33,24,1
28,6,Alcobendas,1-049-B,731,0,0,731,538,0,538,6,9,204,1,125,0,0,1,118,13,3,0,36,22,0
28,6,Alcobendas,1-050-A,653,0,0,653,531,0,531,10,5,250,1,85,0,0,0,101,8,1,0,42,28,0
28,6,Alcobendas,1-050-B,725,0,0,725,598,0,598,7,6,335,2,78,0,0,0,94,16,3,0,33,24,0
28,6,Alcobendas,1-051-A,860,0,0,860,646,0,646,8,11,262,1,130,0,0,1,147,12,6,0,42,26,0
28,6,Alcobendas,1-051-B,895,0,0,895,704,0,704,9,6,318,0,137,1,0,0,152,19,9,0,31,22,0
28,6,Alcobendas,1-052-A,854,0,0,854,703,0,703,15,7,384,1,102,0,0,0,110,22,0,0,35,26,1
28,6,Alcobendas,1-052-B,907,0,0,907,740,0,740,8,9,398,1,117,0,0,0,115,23,1,0,45,23,0
28,6,Alcobendas,1-053-A,849,0,0,849,681,0,681,8,6,374,2,102,0,0,0,97,17,5,0,41,27,2
28,6,Alcobendas,1-053-B,913,0,0,913,767,0,767,10,9,416,3,133,0,0,0,101,17,8,1,47,20,2
28,6,Alcobendas,1-054-A,666,0,0,666,466,0,466,4,6,185,1,89,1,1,0,105,8,5,0,45,16,0
28,6,Alcobendas,1-054-B,709,0,0,709,504,0,504,10,5,190,0,118,0,2,3,96,6,11,1,34,27,1
28,6,Alcobendas,1-055-A,764,0,0,764,581,0,581,6,4,266,0,93,0,0,0,134,11,5,0,38,21,3
28,6,Alcobendas,1-055-B,784,0,0,784,610,0,610,7,12,287,3,100,0,1,1,123,14,3,1,31,27,0
28,6,Alcobendas,1-056-A,689,0,0,689,473,0,473,3,6,178,1,105,0,0,0,104,9,1,0,33,33,0
28,6,Alcobendas,1-056-B,632,0,0,632,414,0,414,6,6,147,0,92,0,0,0,94,7,5,0,34,22,1
28,6,Alcobendas,1-057-A,667,0,0,667,496,0,496,8,6,259,1,72,0,0,0,85,18,2,0,28,17,0
28,6,Alcobendas,1-057-B,739,0,0,739,578,0,578,4,5,294,1,115,1,0,0,95,17,3,0,17,26,0
28,6,Alcobendas,1-058-A,557,0,0,557,366,0,366,2,3,127,1,94,0,0,1,92,2,12,0,25,7,0
28,6,Alcobendas,1-058-B,621,0,0,621,402,0,402,3,4,158,0,83,0,1,0,106,4,3,0,34,6,0
28,6,Alcobendas,1-059-A,593,0,0,593,468,0,468,0,0,413,0,11,0,0,0,8,3,1,0,30,2,0
28,6,Alcobendas,1-059-B,653,0,0,653,523,0,523,1,0,438,1,12,0,0,0,13,2,0,1,52,1,2
28,6,Alcobendas,1-059-C,655,0,0,655,517,0,517,4,0,446,1,11,0,0,0,12,9,1,0,29,4,0
28,6,Alcobendas,1-060-A,503,0,0,503,298,0,298,4,1,193,0,26,0,0,0,38,4,2,0,20,9,1
28,6,Alcobendas,1-060-B,486,0,0,486,307,0,307,5,2,189,1,29,0,0,0,33,11,1,0,31,5,0
28,6,Alcobendas,1-061-U,728,0,0,728,483,0,483,7,7,172,1,117,0,0,0,97,12,4,0,30,35,1
28,6,Alcobendas,1-062-A,607,0,0,607,435,0,435,8,5,169,1,80,0,1,0,113,3,1,1,32,20,1
28,6,Alcobendas,1-062-B,655,0,0,655,456,0,456,3,9,174,1,62,0,0,1,130,9,9,2,35,21,0
28,6,Alcobendas,1-063-A,929,0,0,929,750,0,750,11,4,401,0,114,0,0,0,119,18,1,0,51,30,1
28,6,Alcobendas,1-063-B,860,0,0,860,702,1,703,11,0,350,0,127,0,0,1,122,18,3,0,44,26,1
28,6,Alcobendas,1-064-A,710,0,0,710,530,0,530,10,6,190,3,110,0,0,1,129,9,6,0,40,25,1
28,6,Alcobendas,1-064-B,730,0,0,730,561,0,561,8,6,231,4,111,0,1,1,110,8,8,0,47,22,4
28,6,Alcobendas,1-065-A,623,0,0,623,450,0,450,4,1,178,0,106,0,2,0,95,11,3,1,31,18,0
28,6,Alcobendas,1-065-B,573,0,0,573,419,0,419,4,6,172,0,90,0,0,1,100,0,3,0,19,18,6
28,6,Alcobendas,1-066-A,589,0,0,589,455,0,455,12,4,188,0,97,0,0,0,95,9,1,0,27,22,0
28,6,Alcobendas,1-066-B,660,0,0,660,510,0,510,9,4,208,0,114,0,0,1,102,12,2,0,34,24,0
28,6,Alcobendas,1-066-C,655,0,0,655,496,0,496,6,4,222,0,116,0,0,0,98,12,3,0,17,17,1
28,6,Alcobendas,1-067-U,868,0,0,868,673,0,673,8,0,489,0,46,0,1,1,36,13,5,0,67,7,0
28,6,Alcobendas,1-068-A,690,0,0,690,551,1,552,8,2,413,0,32,0,0,0,34,10,4,1,45,3,0
28,6,Alcobendas,1-068-B,697,0,0,697,557,0,557,4,1,444,0,35,0,0,0,21,6,2,0,41,3,0
28,7,Alcorcón,1-001-U,960,0,0,960,704,0,704,3,6,323,0,146,0,1,1,112,13,5,0,57,35,2
28,7,Alcorcón,1-002-A,631,0,0,631,336,0,336,2,3,135,0,90,0,1,0,58,4,2,0,25,14,2
28,7,Alcorcón,1-002-B,671,0,0,671,352,0,352,3,3,131,1,110,0,1,1,52,4,1,1,24,19,1
28,7,Alcorcón,1-003-A,528,0,0,528,366,0,366,2,3,167,2,84,0,0,0,53,2,4,0,33,15,1
28,7,Alcorcón,1-003-B,505,0,0,505,323,0,323,4,2,119,1,100,0,0,2,54,2,4,1,20,14,0
28,7,Alcorcón,1-004-U,939,0,0,939,513,0,513,6,15,205,2,135,1,0,1,76,5,6,0,33,26,2
28,7,Alcorcón,1-005-A,585,0,0,585,376,1,377,4,3,168,0,87,0,0,0,75,2,0,0,19,18,1
28,7,Alcorcón,1-005-B,588,0,0,588,382,0,382,4,4,176,0,83,0,0,1,67,7,1,0,20,17,2
28,7,Alcorcón,1-006-U,677,0,0,677,424,0,424,6,5,176,1,107,0,0,0,61,4,5,0,31,28,0
28,7,Alcorcón,1-007-A,498,0,0,498,306,0,306,0,3,129,1,73,0,0,1,49,0,4,0,23,23,0
28,7,Alcorcón,1-007-B,486,0,0,486,302,0,302,2,3,136,0,89,0,1,1,32,6,1,0,19,11,1
28,7,Alcorcón,1-008-A,638,0,0,638,439,0,439,3,1,165,0,138,0,0,0,64,7,6,0,27,26,2
28,7,Alcorcón,1-008-B,714,0,0,714,449,0,449,5,12,149,0,173,0,0,0,77,3,0,0,30,0,0
28,7,Alcorcón,1-010-A,535,0,0,535,295,0,295,2,4,112,0,99,1,0,0,38,2,4,0,23,9,1
28,7,Alcorcón,1-010-B,531,0,0,531,298,0,298,1,5,128,0,87,0,0,0,41,2,2,0,25,7,0
28,7,Alcorcón,1-011-U,915,0,0,915,594,0,594,5,7,242,2,164,0,0,2,102,2,12,0,29,27,0
28,7,Alcorcón,1-012-U,877,0,0,877,501,1,502,5,6,175,1,157,1,0,1,83,9,3,0,32,28,1
28,7,Alcorcón,1-013-U,767,0,0,767,458,0,458,13,7,152,1,134,0,1,3,88,3,6,0,33,16,1
28,7,Alcorcón,1-014-U,622,0,0,622,401,0,401,2,5,166,1,101,2,0,0,72,3,3,1,29,16,0
28,7,Alcorcón,1-015-U,908,0,0,908,596,0,596,2,8,361,1,91,0,0,0,65,9,1,1,47,10,0
28,7,Alcorcón,1-016-A,582,0,0,582,414,0,414,4,4,209,1,68,1,0,0,80,8,2,0,25,11,1
28,7,Alcorcón,1-016-B,719,0,0,719,494,0,494,7,8,227,0,97,0,0,1,91,11,5,0,32,15,0
28,7,Alcorcón,1-016-C,704,0,0,704,514,0,514,2,3,236,1,79,0,1,1,103,13,5,0,40,29,1
28,7,Alcorcón,1-017-A,726,0,0,726,606,0,606,13,6,267,1,98,0,0,2,133,10,6,1,42,25,2
28,7,Alcorcón,1-017-B,748,0,0,748,600,0,600,14,7,255,2,108,0,0,0,144,7,5,2,30,25,1
28,7,Alcorcón,1-018-A,701,0,0,701,552,0,552,8,3,289,1,92,0,0,0,105,9,3,1,28,13,0
28,7,Alcorcón,1-018-B,659,0,0,659,523,0,523,8,4,282,1,85,0,0,1,88,9,6,0,25,14,0
28,7,Alcorcón,1-019-A,697,0,0,697,510,0,510,13,10,243,2,84,0,0,1,95,16,2,0,21,23,0
28,7,Alcorcón,1-019-B,740,0,0,740,564,0,564,8,12,250,0,90,0,0,1,119,20,4,0,39,21,0
28,7,Alcorcón,1-020-A,902,0,0,902,696,0,696,13,6,384,3,79,0,1,0,108,8,10,0,55,28,1
28,7,Alcorcón,1-020-B,962,0,0,962,747,0,747,10,0,422,2,92,1,0,0,81,13,2,1,87,34,2
28,7,Alcorcón,2-001-U,752,0,0,752,576,1,577,5,1,309,1,106,0,0,0,77,7,5,0,49,17,0
28,7,Alcorcón,2-002-U,590,0,0,590,465,0,465,3,6,265,0,73,0,0,0,57,5,2,1,34,18,1
28,7,Alcorcón,2-003-A,531,0,0,531,409,0,409,1,3,233,0,48,0,0,1,64,3,2,0,37,17,0
28,7,Alcorcón,2-003-B,542,0,0,542,404,0,404,1,2,212,0,64,0,0,0,60,5,1,0,42,17,0
28,7,Alcorcón,2-004-U,863,0,0,863,664,0,664,4,4,345,0,110,0,0,0,89,17,0,0,73,22,0
28,7,Alcorcón,2-005-A,483,0,0,483,386,0,386,5,2,219,1,70,0,0,1,39,4,3,1,21,20,0
28,7,Alcorcón,2-005-B,505,0,0,505,358,0,358,4,0,192,0,70,0,0,0,38,7,4,0,28,15,0
28,7,Alcorcón,2-006-A,548,0,0,548,398,0,398,3,3,244,1,60,0,0,1,34,5,2,0,26,19,0
28,7,Alcorcón,2-006-B,583,0,0,583,436,0,436,4,4,252,0,65,0,0,0,48,6,2,1,46,7,1
28,7,Alcorcón,2-007-A,542,0,0,542,399,1,400,4,9,186,0,69,0,0,0,72,8,4,0,32,16,0
28,7,Alcorcón,2-007-B,503,0,0,503,327,2,329,0,0,187,0,72,0,0,0,21,9,0,0,40,0,0
28,7,Alcorcón,2-008-U,546,0,0,546,416,1,417,5,2,237,1,68,0,0,1,63,5,3,1,22,9,0
28,7,Alcorcón,2-009-U,924,0,0,924,711,1,712,3,9,372,2,128,0,1,0,102,9,2,0,63,20,1
28,7,Alcorcón,2-010-U,737,0,0,737,528,0,528,3,6,272,0,85,0,1,0,85,6,2,0,40,27,1
28,7,Alcorcón,2-011-U,914,0,0,914,647,0,647,6,4,287,1,163,1,1,2,99,9,3,0,39,32,0
28,7,Alcorcón,2-012-U,761,0,0,761,501,0,501,9,7,189,0,108,0,0,5,96,5,2,0,50,29,1
28,7,Alcorcón,2-013-U,954,0,0,954,641,0,641,7,9,230,0,160,0,0,1,145,11,2,0,46,30,0
28,7,Alcorcón,2-014-A,534,0,0,534,361,0,361,2,3,155,0,73,0,0,0,73,2,1,1,26,25,0
28,7,Alcorcón,2-014-B,499,0,0,499,354,0,354,1,3,157,2,78,0,0,0,66,6,1,1,23,16,0
28,7,Alcorcón,2-015-A,661,0,0,661,476,0,476,6,4,208,0,102,0,1,0,105,6,1,0,21,22,0
28,7,Alcorcón,2-015-B,747,0,0,747,588,1,589,8,4,262,0,111,0,0,0,116,11,5,1,52,18,1
28,7,Alcorcón,2-016-A,793,0,0,793,582,0,582,7,6,271,2,108,0,0,0,115,6,1,1,37,28,0
28,7,Alcorcón,2-016-B,832,0,0,832,630,0,630,4,8,270,0,141,1,0,0,135,6,5,0,32,27,1
28,7,Alcorcón,2-017-A,532,0,0,532,380,0,380,2,3,179,2,83,0,0,0,57,5,1,0,30,17,1
28,7,Alcorcón,2-017-B,509,0,0,509,378,0,378,2,6,168,0,87,0,1,0,65,4,5,0,17,23,0
28,7,Alcorcón,2-019-A,680,0,0,680,533,0,533,5,7,246,2,87,0,0,1,123,3,2,0,30,27,0
28,7,Alcorcón,2-019-B,680,0,0,680,540,0,540,11,5,240,1,95,1,1,0,122,6,4,0,31,23,0
28,7,Alcorcón,2-020-A,504,0,0,504,386,0,386,4,4,165,2,87,0,0,0,66,2,3,0,24,29,0
28,7,Alcorcón,2-020-B,530,0,0,530,388,0,388,7,6,185,2,72,0,0,0,71,5,1,1,19,19,0
28,7,Alcorcón,2-021-A,651,0,0,651,508,0,508,6,4,257,0,97,0,0,1,81,6,1,0,40,15,0
28,7,Alcorcón,2-021-B,694,0,0,694,546,0,546,8,6,259,1,123,0,0,0,80,4,2,0,29,33,1
28,7,Alcorcón,2-022-A,590,0,0,590,423,0,423,3,7,150,0,117,0,0,0,95,6,3,0,17,25,0
28,7,Alcorcón,2-022-B,646,0,0,646,421,0,421,1,6,157,0,121,1,0,1,78,5,1,0,21,29,0
28,7,Alcorcón,2-023-U,593,0,0,593,421,0,421,4,3,261,1,67,0,1,1,44,2,0,0,24,13,0
28,7,Alcorcón,2-024-U,682,0,0,682,489,0,489,3,3,293,0,79,0,0,0,54,10,1,0,31,12,3
28,7,Alcorcón,2-025-U,665,0,0,665,502,0,502,3,5,269,0,80,0,0,1,78,6,3,0,40,17,0
28,7,Alcorcón,2-027-U,913,0,0,913,650,0,650,6,7,301,1,127,0,0,2,128,11,8,0,26,32,1
28,7,Alcorcón,2-028-A,526,0,0,526,388,0,388,1,5,162,3,89,0,1,1,84,6,1,0,23,12,0
28,7,Alcorcón,2-028-B,527,0,0,527,375,0,375,4,2,144,1,87,0,0,0,71,12,8,0,24,22,0
28,7,Alcorcón,2-029-A,454,0,0,454,347,0,347,2,1,152,1,94,0,0,1,46,7,5,1,16,20,1
28,7,Alcorcón,2-029-B,518,0,0,518,400,0,400,2,5,146,0,111,0,0,0,73,5,4,2,23,27,2
28,7,Alcorcón,2-030-U,938,0,0,938,735,0,735,5,5,348,0,99,0,0,3,172,14,5,0,49,34,1
28,7,Alcorcón,2-031-A,678,0,0,678,500,0,500,6,8,214,0,77,2,0,0,126,6,2,1,28,27,3
28,7,Alcorcón,2-031-B,665,0,0,665,467,0,467,8,2,178,0,109,0,0,0,101,9,5,0,29,26,0
28,7,Alcorcón,2-032-A,696,0,0,696,560,0,560,6,3,266,1,98,1,0,0,114,2,2,1,46,20,0
28,7,Alcorcón,2-032-B,646,0,0,646,534,0,534,4,10,269,0,81,0,0,0,104,9,2,0,36,19,0
28,7,Alcorcón,2-033-A,779,0,0,779,513,0,513,6,11,172,0,101,0,0,0,130,6,2,1,44,39,1
28,7,Alcorcón,2-033-B,748,0,0,748,476,0,476,5,7,157,0,124,0,0,1,107,6,6,0,31,30,2
28,7,Alcorcón,2-034-A,550,0,0,550,419,0,419,6,1,189,0,63,0,0,0,93,12,2,0,35,18,0
28,7,Alcorcón,2-034-B,788,0,0,788,617,0,617,12,3,280,1,90,0,0,0,144,12,4,0,34,36,1
28,7,Alcorcón,2-034-C,664,0,0,664,535,0,535,10,5,236,0,82,0,0,0,125,9,4,1,28,34,1
28,7,Alcorcón,2-035-A,838,0,0,838,682,0,682,6,4,340,0,110,0,0,0,138,8,4,0,41,30,1
28,7,Alcorcón,2-035-B,920,0,0,920,732,0,732,9,7,330,0,144,0,0,0,161,8,2,0,44,27,0
28,7,Alcorcón,2-036-U,663,0,0,663,485,0,485,4,5,238,1,96,0,1,0,84,9,4,1,31,11,0
28,7,Alcorcón,2-037-A,499,0,0,499,391,0,391,6,1,163,1,73,0,0,0,92,8,1,1,33,12,0
28,7,Alcorcón,2-037-B,519,0,0,519,396,0,396,6,8,170,3,64,0,0,0,94,8,1,0,27,15,0
28,7,Alcorcón,2-038-A,639,0,0,639,513,0,513,9,1,233,0,84,0,0,2,110,20,3,1,27,23,0
28,7,Alcorcón,2-038-B,723,0,0,723,585,0,585,6,3,291,1,82,0,0,1,121,8,3,0,43,25,1
28,7,Alcorcón,3-001-A,663,0,0,663,464,0,464,6,1,217,1,111,0,0,0,74,4,4,1,26,19,0
28,7,Alcorcón,3-001-B,659,0,0,659,454,0,454,4,1,190,1,135,0,0,1,63,7,4,0,27,21,0
28,7,Alcorcón,3-002-U,768,0,0,768,465,0,465,5,3,183,0,126,0,0,1,71,1,1,0,54,20,0
28,7,Alcorcón,3-003-U,625,0,0,625,425,0,425,3,8,194,0,101,0,1,0,60,5,6,0,28,18,1
28,7,Alcorcón,3-004-U,834,0,0,834,529,0,529,3,7,225,3,155,0,1,0,82,6,3,0,21,23,0
28,7,Alcorcón,3-005-A,524,0,0,524,358,0,358,4,3,144,0,82,0,1,0,62,4,6,0,34,16,2
28,7,Alcorcón,3-005-B,486,0,0,486,328,0,328,3,4,132,0,108,0,1,1,42,0,1,0,26,10,0
28,7,Alcorcón,3-006-U,690,0,0,690,412,0,412,5,4,140,0,110,0,1,0,91,7,5,0,24,25,0
28,7,Alcorcón,3-007-U,636,0,0,636,394,0,394,5,4,134,2,108,0,0,1,83,2,6,1,20,27,1
28,7,Alcorcón,3-008-U,609,0,0,609,356,0,356,3,1,139,0,91,0,0,0,66,4,11,0,25,16,0
28,7,Alcorcón,3-009-U,937,0,0,937,699,0,699,4,9,361,3,143,0,0,1,92,2,4,1,51,28,0
28,7,Alcorcón,3-010-U,946,0,0,946,601,0,601,3,3,205,0,213,0,0,1,84,2,11,0,37,41,1
28,7,Alcorcón,3-011-U,630,0,0,630,479,0,479,4,1,226,0,122,0,0,1,63,2,5,1,26,26,2
28,7,Alcorcón,3-012-A,621,0,0,621,481,1,482,3,5,224,1,126,0,0,1,63,3,0,0,31,25,0
28,7,Alcorcón,3-012-B,692,0,0,692,550,0,550,11,6,227,2,139,0,0,0,100,11,3,0,24,27,0
28,7,Alcorcón,3-013-A,535,0,0,535,378,0,378,6,5,150,0,101,0,0,2,65,5,2,0,21,21,0
28,7,Alcorcón,3-013-B,528,0,0,528,393,0,393,2,5,183,1,72,0,0,1,74,3,6,0,18,28,0
28,7,Alcorcón,3-014-A,525,1,0,526,393,1,394,3,3,156,0,89,0,0,0,98,1,4,1,18,21,0
28,7,Alcorcón,3-014-B,521,1,0,522,395,1,396,3,2,174,0,78,0,0,1,75,2,2,1,32,26,0
28,7,Alcorcón,3-015-A,477,0,0,477,354,0,354,1,4,144,1,78,0,0,2,60,5,2,1,34,22,0
28,7,Alcorcón,3-015-B,494,0,0,494,374,0,374,3,1,150,0,84,0,0,0,72,9,3,0,32,18,2
28,7,Alcorcón,3-016-U,897,0,0,897,679,0,679,6,14,282,3,153,0,0,0,126,12,3,0,54,26,0
28,7,Alcorcón,3-017-U,956,0,0,956,716,0,716,7,10,258,4,186,0,0,2,128,5,4,0,71,38,3
28,7,Alcorcón,3-018-A,530,0,0,530,392,0,392,4,2,167,0,88,0,0,1,80,9,1,0,26,14,0
28,7,Alcorcón,3-018-B,543,0,0,543,375,0,375,0,9,165,0,101,0,0,0,64,1,1,0,20,14,0
28,7,Alcorcón,3-019-A,575,0,0,575,384,0,384,1,3,143,1,92,0,1,0,91,2,4,0,21,25,0
28,7,Alcorcón,3-019-B,628,0,0,628,428,0,428,2,3,201,1,87,0,0,0,74,1,4,0,33,22,0
28,7,Alcorcón,3-020-U,885,0,0,885,648,0,648,20,8,298,1,155,2,0,0,69,6,3,0,49,36,1
28,7,Alcorcón,3-021-A,493,0,0,493,362,0,362,1,2,169,0,71,0,0,0,70,3,5,2,18,21,0
28,7,Alcorcón,3-021-B,486,0,0,486,377,0,377,1,3,147,0,91,0,0,1,82,4,6,0,23,19,0
28,7,Alcorcón,3-022-U,655,0,0,655,470,0,470,4,10,191,1,132,0,0,0,66,5,1,0,27,32,1
28,7,Alcorcón,3-023-U,639,0,0,639,486,0,486,2,9,198,1,145,0,0,2,67,3,2,0,26,31,0
28,7,Alcorcón,3-024-U,865,0,0,865,608,0,608,2,8,274,0,135,0,0,0,107,5,2,1,37,37,0
28,7,Alcorcón,3-025-U,821,0,0,821,558,0,558,3,9,248,0,154,0,1,0,82,0,5,0,36,20,0
28,7,Alcorcón,3-026-U,657,0,0,657,382,0,382,2,13,140,1,94,0,0,0,83,4,3,1,23,16,2
28,7,Alcorcón,3-027-A,515,0,0,515,366,0,366,2,2,159,1,110,0,0,0,58,3,1,0,11,19,0
28,7,Alcorcón,3-027-B,552,0,0,552,391,0,391,1,3,174,1,100,0,0,0,60,10,2,0,15,24,1
28,7,Alcorcón,3-029-U,686,0,0,686,443,0,443,2,9,141,0,122,1,0,1,84,3,5,0,39,35,1
28,7,Alcorcón,4-001-U,558,0,0,558,343,0,343,4,3,135,3,116,0,0,0,44,3,4,0,19,11,1
28,7,Alcorcón,4-002-U,703,0,0,703,405,0,405,2,6,134,1,137,1,0,2,60,4,7,1,26,24,0
28,7,Alcorcón,4-003-U,837,0,0,837,465,0,465,6,8,176,3,151,0,0,0,66,6,3,0,32,13,1
28,7,Alcorcón,4-004-U,930,0,0,930,492,1,493,3,3,162,1,163,0,1,1,71,7,5,0,40,32,4
28,7,Alcorcón,4-005-U,744,0,0,744,415,0,415,2,5,128,1,175,0,0,4,57,1,4,0,19,19,0
28,7,Alcorcón,4-006-U,656,0,0,656,426,0,426,8,2,163,1,121,0,0,0,75,1,5,0,27,22,1
28,7,Alcorcón,4-007-A,658,0,0,658,514,0,514,3,5,226,0,152,0,0,1,69,4,4,0,24,25,1
28,7,Alcorcón,4-007-B,721,0,0,721,525,0,525,4,0,189,0,163,0,1,3,105,1,5,0,30,24,0
28,7,Alcorcón,4-008-A,682,0,0,682,478,0,478,8,5,205,1,127,0,0,0,85,5,2,0,26,12,2
28,7,Alcorcón,4-008-B,637,0,0,637,464,0,464,5,5,191,2,131,0,0,0,78,5,1,1,20,25,0
28,7,Alcorcón,4-009-A,523,0,0,523,283,0,283,8,2,93,1,84,0,0,1,47,2,5,1,24,15,0
28,7,Alcorcón,4-009-B,528,0,0,528,304,0,304,2,2,105,1,90,0,0,0,58,2,3,0,15,24,2
28,7,Alcorcón,4-010-U,550,0,0,550,333,0,333,4,13,92,0,109,0,0,2,61,2,2,0,23,25,0
28,7,Alcorcón,4-011-U,895,0,0,895,545,0,545,3,8,202,1,159,0,0,0,95,6,4,1,41,23,2
28,7,Alcorcón,4-012-U,735,0,0,735,480,0,480,3,5,195,0,139,0,0,0,66,5,3,0,31,33,0
28,7,Alcorcón,4-013-U,922,0,0,922,536,0,536,2,8,172,0,189,0,0,0,74,11,7,1,38,34,0
28,7,Alcorcón,4-014-U,703,0,0,703,446,0,446,4,5,172,0,133,0,0,0,54,4,9,2,40,22,1
28,7,Alcorcón,4-015-A,616,0,0,616,457,0,457,0,7,180,2,114,0,0,1,79,10,2,1,35,26,0
28,7,Alcorcón,4-015-B,601,0,0,601,441,0,441,2,9,143,1,136,0,0,0,86,3,1,0,36,23,1
28,7,Alcorcón,4-016-A,470,0,0,470,320,0,320,1,2,143,0,94,0,0,0,53,4,3,0,10,10,0
28,7,Alcorcón,4-016-B,504,0,0,504,362,0,362,6,9,157,0,100,0,0,0,52,4,4,0,17,13,0
28,7,Alcorcón,4-017-U,812,0,0,812,529,0,529,5,5,185,1,142,0,0,1,93,12,9,0,47,28,1
28,7,Alcorcón,4-018-A,628,0,0,628,455,0,455,0,6,195,0,94,1,0,1,84,4,5,0,30,34,1
28,7,Alcorcón,4-018-B,628,0,0,628,465,0,465,4,6,178,0,112,0,0,2,99,4,4,0,32,21,3
28,7,Alcorcón,4-019-U,812,0,0,812,586,0,586,9,1,258,0,187,0,0,4,85,4,3,0,19,15,1
28,7,Alcorcón,4-020-A,637,0,0,637,482,0,482,7,4,199,2,112,0,0,1,85,6,3,1,33,28,1
28,7,Alcorcón,4-020-B,689,0,0,689,519,0,519,6,5,207,0,118,0,0,0,117,6,2,0,31,27,0
28,7,Alcorcón,4-021-U,900,0,0,900,526,0,526,6,6,194,1,164,1,0,0,84,3,4,0,39,21,3
28,7,Alcorcón,4-022-U,912,0,0,912,625,0,625,6,2,260,2,178,0,0,2,95,9,5,0,43,23,0
28,7,Alcorcón,4-023-A,521,0,0,521,365,0,365,4,9,159,0,65,0,0,0,88,5,0,0,16,18,1
28,7,Alcorcón,4-023-B,667,0,0,667,457,0,457,6,5,175,0,98,0,0,0,124,8,0,0,20,21,0
28,7,Alcorcón,4-023-C,591,0,0,591,413,0,413,4,3,184,0,82,0,0,0,94,14,1,1,18,12,0
28,7,Alcorcón,4-024-A,625,0,0,625,481,0,481,5,6,205,0,90,0,0,1,117,6,3,1,27,19,1
28,7,Alcorcón,4-024-B,663,0,0,663,505,0,505,8,5,205,0,124,0,1,0,96,7,1,0,32,24,2
28,7,Alcorcón,4-025-A,578,0,0,578,432,0,432,4,5,147,0,100,1,0,0,114,3,3,0,38,17,0
28,7,Alcorcón,4-025-B,713,0,0,713,543,0,543,8,8,211,2,113,0,1,1,115,8,2,0,38,36,0
28,7,Alcorcón,4-025-C,632,0,0,632,470,0,470,2,9,200,0,76,0,0,3,100,9,7,0,28,34,2
28,7,Alcorcón,4-026-A,840,0,0,840,638,0,638,9,4,292,1,129,0,0,0,131,5,2,0,45,20,0
28,7,Alcorcón,4-026-B,812,0,0,812,616,0,616,13,6,302,3,102,1,0,0,113,6,6,1,33,28,2
28,7,Alcorcón,4-027-A,563,0,0,563,431,0,431,7,8,176,1,79,0,0,0,99,7,1,0,28,25,0
28,7,Alcorcón,4-027-B,809,0,0,809,623,0,623,8,8,271,1,130,0,0,0,120,13,8,0,34,30,0
28,7,Alcorcón,4-027-C,691,0,0,691,546,0,546,10,16,226,1,97,0,1,1,127,6,6,0,29,25,1
28,7,Alcorcón,4-028-A,569,0,0,569,446,0,446,10,10,232,0,59,0,1,1,85,7,1,0,28,12,0
28,7,Alcorcón,4-028-B,783,0,0,783,618,0,618,8,4,267,3,110,0,0,1,131,13,4,0,44,33,0
28,7,Alcorcón,4-028-C,656,0,0,656,503,0,503,9,1,230,1,93,1,0,1,102,5,4,0,31,25,0
28,7,Alcorcón,4-029-U,804,0,0,804,609,0,609,11,3,319,0,106,1,1,1,96,14,3,1,35,17,1
28,7,Alcorcón,4-030-A,629,0,0,629,447,0,447,3,4,144,2,100,0,0,0,124,3,1,0,30,35,1
28,7,Alcorcón,4-030-B,761,0,0,761,561,0,561,7,5,188,0,95,0,0,0,162,10,5,0,38,50,1
28,7,Alcorcón,4-030-C,628,0,0,628,455,0,455,8,8,163,2,74,0,0,1,128,11,4,0,26,29,1
28,7,Alcorcón,4-031-A,649,0,0,649,491,0,491,14,7,153,0,86,1,0,1,154,13,4,1,32,25,0
28,7,Alcorcón,4-031-B,599,0,0,599,449,0,449,8,5,160,0,77,0,0,0,123,4,5,0,35,32,0
28,7,Alcorcón,4-032-A,579,0,0,579,431,0,431,6,3,152,1,69,0,1,0,123,8,5,0,30,32,1
28,7,Alcorcón,4-032-B,690,0,0,690,538,0,538,12,6,210,0,108,1,0,0,123,11,5,1,27,33,1
28,7,Alcorcón,4-032-C,658,0,0,658,510,0,510,9,3,201,4,90,0,0,0,123,10,3,2,32,32,1
28,7,Alcorcón,4-033-A,699,0,0,699,559,0,559,11,9,219,1,94,3,0,1,131,15,10,1,34,30,0
28,7,Alcorcón,4-033-B,756,0,0,756,608,0,608,9,4,236,0,114,0,0,0,158,12,7,1,28,37,2
28,7,Alcorcón,4-034-A,889,0,0,889,650,0,650,10,3,221,1,119,0,1,0,190,8,7,0,48,40,2
28,7,Alcorcón,4-034-B,844,0,0,844,597,0,597,8,11,207,0,104,0,0,4,156,11,3,0,37,56,0
28,7,Alcorcón,4-035-A,626,0,0,626,455,0,455,4,4,159,1,96,1,0,0,106,10,10,0,37,27,0
28,7,Alcorcón,4-035-B,654,0,0,654,486,0,486,6,5,156,1,108,0,1,2,122,11,11,0,31,29,3
28,7,Alcorcón,4-035-C,646,0,0,646,476,0,476,11,5,145,0,109,1,0,0,131,12,2,0,31,29,0
28,7,Alcorcón,4-036-A,608,0,0,608,483,0,483,5,0,191,0,73,0,0,3,144,8,7,1,23,26,2
28,7,Alcorcón,4-036-B,588,0,0,588,460,1,461,11,4,173,3,77,0,0,0,119,9,8,2,33,21,1
28,8,Aldea del Fresno,1-001-A,669,0,0,669,447,2,449,2,11,224,0,84,0,1,0,43,6,2,0,52,20,4
28,8,Aldea del Fresno,1-001-B,873,0,0,873,586,1,587,6,5,282,1,109,0,0,1,74,6,10,2,69,20,2
28,8,Aldea del Fresno,1-001-C,773,0,0,773,494,1,495,1,3,223,0,129,1,0,0,61,7,4,0,47,19,0
28,9,Algete,1-001-A,674,0,0,674,515,0,515,1,2,407,0,21,0,0,0,11,10,3,1,54,5,0
28,9,Algete,1-001-B,738,0,0,738,579,0,579,6,2,450,1,24,0,0,0,21,9,2,0,60,4,0
28,9,Algete,1-001-C,699,0,0,699,523,0,523,3,1,414,0,19,0,1,1,14,10,1,0,55,4,0
28,9,Algete,1-002-A,581,0,0,581,401,0,401,4,3,156,2,111,0,0,1,78,2,2,0,25,17,0
28,9,Algete,1-002-B,786,0,0,786,552,0,552,3,9,205,1,150,0,0,1,89,6,4,1,54,28,1
28,9,Algete,1-002-C,660,0,0,660,459,0,459,0,1,178,0,120,1,0,1,83,3,7,1,37,24,3
28,9,Algete,1-003-A,647,0,0,647,413,0,413,4,7,207,0,94,0,0,0,50,3,5,1,34,7,1
28,9,Algete,1-003-B,662,0,0,662,441,1,442,12,1,224,1,90,0,1,2,59,4,2,0,33,13,0
28,9,Algete,1-004-A,572,0,0,572,348,0,348,2,0,155,2,88,0,0,1,53,7,6,0,25,8,1
28,9,Algete,1-004-B,624,0,0,624,422,4,426,6,10,181,0,103,0,1,0,69,9,6,0,28,12,1
28,9,Algete,1-005-A,807,0,0,807,534,0,534,5,6,262,0,101,5,1,0,85,8,10,1,41,9,0
28,9,Algete,1-005-B,877,0,0,877,600,0,600,10,4,280,0,127,0,1,1,96,10,7,0,50,14,0
28,9,Algete,1-006-A,559,0,0,559,375,0,375,5,6,172,0,78,0,1,0,68,2,6,0,28,9,0
28,9,Algete,1-006-B,530,0,0,530,383,1,384,4,7,214,0,68,0,0,0,38,5,4,0,35,9,0
28,9,Algete,1-007-A,782,0,0,782,559,1,560,9,4,269,1,103,0,0,0,93,6,8,0,42,24,1
28,9,Algete,1-007-B,826,0,0,826,610,0,610,4,3,323,2,94,0,2,0,89,9,8,0,62,13,1
28,9,Algete,1-008-A,658,0,0,658,485,1,486,1,5,256,3,73,0,0,2,79,6,1,1,40,19,0
28,9,Algete,1-008-B,724,0,0,724,502,0,502,5,2,311,1,53,0,0,0,54,5,1,1,59,9,1
28,9,Algete,1-008-C,743,0,0,743,565,0,565,3,2,340,1,55,0,0,1,60,6,2,0,80,15,0
28,9,Algete,1-009-A,784,0,0,784,553,0,553,8,13,254,1,106,1,0,0,97,12,8,0,28,24,1
28,9,Algete,1-009-B,832,0,0,832,579,0,579,2,5,271,4,99,0,1,0,94,11,9,0,56,27,0
28,10,Alpedrete,1-001-A,554,0,0,554,389,0,389,5,9,166,0,77,0,0,1,67,3,1,0,44,16,0
28,10,Alpedrete,1-001-B,695,0,0,695,490,0,490,4,6,223,3,72,0,0,0,93,6,4,0,56,23,0
28,10,Alpedrete,1-001-C,611,0,0,611,412,0,412,2,2,174,1,71,0,1,0,78,5,4,1,52,18,3
28,10,Alpedrete,1-002-A,869,0,0,869,582,0,582,11,8,298,2,77,3,1,0,101,8,5,0,49,17,2
28,10,Alpedrete,1-002-B,859,0,0,859,572,0,572,2,3,278,0,78,1,1,1,119,14,4,0,44,26,1
28,10,Alpedrete,1-003-A,584,0,0,584,403,0,403,3,1,215,0,49,0,0,0,87,3,4,0,25,14,2
28,10,Alpedrete,1-003-B,739,0,0,739,539,0,539,4,8,292,1,41,1,0,1,100,13,3,0,44,30,1
28,10,Alpedrete,1-003-C,632,0,0,632,470,0,470,7,1,233,3,44,0,1,0,89,12,2,0,43,35,0
28,10,Alpedrete,1-004-A,656,0,0,656,464,0,464,4,3,264,0,59,0,1,2,60,5,6,1,36,23,0
28,10,Alpedrete,1-004-B,626,0,0,626,442,0,442,10,2,227,2,56,1,0,0,86,6,4,1,28,18,1
28,10,Alpedrete,1-005-A,784,1,0,785,576,0,576,12,8,305,1,62,0,0,1,84,20,7,0,51,23,2
28,10,Alpedrete,1-005-B,809,0,0,809,599,0,599,9,3,336,2,64,1,0,1,104,7,6,0,37,26,3
28,10,Alpedrete,1-006-A,491,0,0,491,365,0,365,1,0,187,0,51,0,1,0,70,1,1,1,37,14,1
28,10,Alpedrete,1-006-B,502,0,0,502,372,0,372,5,5,189,1,44,0,0,1,74,4,3,1,25,20,0
28,10,Alpedrete,1-007-U,975,0,0,975,773,0,773,9,15,410,0,80,0,1,0,133,16,3,1,66,38,1
28,10,Alpedrete,1-008-U,918,0,0,918,663,0,663,8,5,363,2,104,0,0,1,84,4,4,2,60,25,1
28,11,Ambite,1-001-U,465,0,0,465,372,0,372,8,3,192,0,56,0,0,0,49,2,0,2,42,17,1
28,12,Anchuelo,1-001-A,479,0,0,479,319,0,319,3,4,148,0,71,0,0,0,36,2,1,4,40,10,0
28,12,Anchuelo,1-001-B,468,0,0,468,319,0,319,0,3,179,0,57,0,0,0,42,1,0,0,35,2,0
28,13,Aranjuez,1-001-A,494,0,0,494,287,1,288,3,2,161,2,35,0,0,0,42,1,0,0,33,9,0
28,13,Aranjuez,1-001-B,521,0,0,521,325,1,326,5,6,176,0,50,0,0,0,43,4,0,0,33,9,0
28,13,Aranjuez,1-002-A,790,0,0,790,542,1,543,6,4,268,0,126,0,0,0,64,8,5,1,42,17,2
28,13,Aranjuez,1-002-B,748,0,0,748,532,1,533,3,4,267,0,114,0,0,0,75,7,5,0,43,15,0
28,13,Aranjuez,1-003-A,722,0,0,722,425,1,426,3,4,211,1,98,0,0,0,42,7,2,1,38,19,0
28,13,Aranjuez,1-003-B,762,0,0,762,454,1,455,3,5,189,0,111,0,0,1,47,7,0,0,58,34,0
28,13,Aranjuez,1-004-U,683,0,0,683,406,1,407,8,3,172,1,91,0,1,1,64,5,1,0,46,13,1
28,13,Aranjuez,1-005-U,844,0,0,844,394,1,395,6,4,117,0,133,0,0,1,61,3,5,0,47,18,0
28,13,Aranjuez,1-006-U,588,0,0,588,360,1,361,3,3,150,4,111,0,0,1,38,2,7,0,30,11,1
28,13,Aranjuez,1-007-U,913,0,0,913,673,1,674,9,13,287,1,167,0,0,0,114,4,7,1,46,25,0
28,13,Aranjuez,1-008-A,561,0,0,561,456,1,457,11,4,196,0,80,0,0,1,97,4,2,1,43,17,1
28,13,Aranjuez,1-008-B,722,0,0,722,569,1,570,4,5,247,0,115,1,0,1,110,4,5,0,44,34,0
28,13,Aranjuez,1-008-C,710,0,0,710,543,2,545,11,6,182,0,116,0,1,0,144,9,2,2,48,24,0
28,13,Aranjuez,1-009-A,599,1,0,600,429,1,430,5,5,244,1,62,0,0,1,50,9,2,0,43,8,0
28,13,Aranjuez,1-009-B,566,1,0,567,401,1,402,1,1,225,0,69,0,0,0,56,3,1,0,34,12,0
28,13,Aranjuez,2-001-U,871,0,0,871,527,1,528,3,8,296,1,81,1,2,0,57,1,6,2,50,19,1
28,13,Aranjuez,2-002-A,756,0,0,756,532,1,533,3,9,247,1,96,0,3,0,86,3,2,0,56,25,2
28,13,Aranjuez,2-002-B,785,0,0,785,559,0,559,5,2,260,0,118,0,1,0,91,7,7,0,49,18,1
28,13,Aranjuez,2-003-A,801,0,0,801,491,1,492,5,3,221,0,131,0,0,0,72,4,4,0,36,16,0
28,13,Aranjuez,2-003-B,877,0,0,877,544,0,544,10,8,242,3,131,0,0,1,67,7,3,0,45,27,0
28,13,Aranjuez,2-004-A,542,0,0,542,348,1,349,3,4,171,0,62,1,0,1,51,3,0,0,42,11,0
28,13,Aranjuez,2-004-B,482,0,0,482,312,1,313,2,5,130,0,71,0,0,1,53,3,1,0,31,15,1
28,13,Aranjuez,2-005-A,778,0,0,778,473,1,474,8,7,188,0,122,1,0,1,68,5,9,1,41,23,0
28,13,Aranjuez,2-005-B,753,0,0,753,450,0,450,3,4,180,0,127,0,1,1,59,7,0,0,43,23,2
28,13,Aranjuez,2-006-A,723,0,0,723,416,0,416,3,10,162,0,112,0,0,1,66,2,7,0,38,14,1
28,13,Aranjuez,2-006-B,652,0,0,652,428,2,430,2,4,159,0,132,0,0,0,67,3,5,0,45,13,0
28,13,Aranjuez,2-007-A,602,0,0,602,413,1,414,6,4,185,0,78,1,0,0,76,5,4,0,39,16,0
28,13,Aranjuez,2-007-B,768,0,0,768,547,1,548,7,7,264,0,102,0,0,0,91,8,2,0,38,28,1
28,13,Aranjuez,2-007-C,705,0,0,705,508,0,508,9,7,228,0,105,0,1,2,76,4,11,1,39,25,0
28,13,Aranjuez,2-008-A,766,0,0,766,503,1,504,3,3,194,1,152,0,0,0,73,8,5,0,39,26,0
28,13,Aranjuez,2-008-B,726,0,0,726,471,1,472,8,8,160,0,151,0,0,1,84,3,1,0,37,18,1
28,13,Aranjuez,3-001-U,816,1,0,817,525,0,525,13,16,257,3,79,1,0,1,64,7,6,1,51,25,1
28,13,Aranjuez,3-002-A,897,0,0,897,551,1,552,5,10,259,1,100,0,1,1,85,7,5,0,56,22,0
28,13,Aranjuez,3-002-B,902,0,0,902,572,1,573,11,9,235,2,115,0,0,1,97,8,0,0,64,31,0
28,13,Aranjuez,3-003-A,901,0,0,901,569,1,570,6,8,248,0,126,0,1,2,96,4,10,0,46,22,1
28,13,Aranjuez,3-003-B,867,0,0,867,533,1,534,2,9,211,1,146,0,1,0,72,4,3,0,58,26,1
28,13,Aranjuez,3-004-A,524,0,0,524,354,1,355,0,1,152,0,98,0,0,0,58,6,3,0,21,16,0
28,13,Aranjuez,3-004-B,564,0,0,564,398,1,399,2,5,179,0,99,0,0,0,66,8,2,0,21,17,0
28,13,Aranjuez,3-005-A,589,0,0,589,331,2,333,2,8,123,0,111,0,1,0,41,2,0,0,22,22,1
28,13,Aranjuez,3-005-B,660,0,0,660,402,1,403,2,8,134,0,124,0,0,0,59,3,6,3,43,20,1
28,13,Aranjuez,3-006-A,600,0,0,600,342,1,343,3,5,111,0,119,0,0,0,53,2,5,2,24,19,0
28,13,Aranjuez,3-006-B,570,0,0,570,372,1,373,4,3,122,0,131,0,0,1,45,1,6,0,39,21,0
28,13,Aranjuez,3-007-A,572,0,0,572,407,0,407,4,7,160,1,125,0,0,2,57,1,3,1,33,13,0
28,13,Aranjuez,3-007-B,612,0,0,612,435,0,435,8,6,156,0,130,0,1,0,84,3,3,0,35,9,0
28,13,Aranjuez,3-008-A,630,0,0,630,396,1,397,2,9,164,1,88,0,0,0,68,1,5,0,36,23,0
28,13,Aranjuez,3-008-B,593,0,0,593,378,0,378,3,8,164,3,94,0,0,1,54,2,2,0,29,18,0
28,13,Aranjuez,3-009-U,946,0,0,946,693,1,694,18,13,313,1,127,0,0,1,124,5,4,0,65,22,1
28,13,Aranjuez,3-010-A,788,0,0,788,532,1,533,9,13,192,1,136,1,0,0,95,2,1,2,60,20,1
28,13,Aranjuez,3-010-B,829,0,0,829,585,1,586,12,11,221,0,135,0,0,1,113,3,7,0,66,15,2
28,13,Aranjuez,4-001-U,612,0,0,612,376,0,376,5,3,212,0,63,0,0,0,45,0,4,0,25,18,1
28,13,Aranjuez,4-002-A,512,0,0,512,307,2,309,3,9,129,0,71,0,0,0,48,2,2,0,29,16,0
28,13,Aranjuez,4-002-B,527,0,0,527,358,2,360,1,5,156,0,83,0,0,0,51,5,3,0,34,22,0
28,13,Aranjuez,4-003-A,723,0,0,723,442,2,444,7,6,229,1,66,0,0,0,64,3,4,2,42,20,0
28,13,Aranjuez,4-003-B,432,0,0,432,346,0,346,9,7,156,1,48,0,0,0,60,5,4,1,32,23,0
28,13,Aranjuez,4-004-A,595,0,0,595,436,0,436,6,3,245,0,46,0,0,0,68,7,3,1,48,8,1
28,13,Aranjuez,4-004-B,816,0,0,816,581,1,582,5,7,308,1,80,0,2,0,86,12,5,1,55,20,0
28,13,Aranjuez,4-004-C,664,0,0,664,486,1,487,5,2,244,0,78,1,0,0,76,8,3,0,54,16,0
28,13,Aranjuez,4-005-A,649,0,0,649,417,1,418,2,4,229,0,56,0,0,0,59,3,7,0,43,14,1
28,13,Aranjuez,4-005-B,680,0,0,680,420,0,420,5,5,208,0,53,0,0,0,77,5,2,3,47,15,0
28,13,Aranjuez,4-006-A,600,0,0,600,387,1,388,1,3,217,0,49,0,0,0,54,4,6,1,39,13,1
28,13,Aranjuez,4-006-B,626,0,0,626,436,1,437,1,4,224,2,70,0,0,1,71,1,6,0,38,19,0
28,14,Arganda del Rey,1-001-A,823,0,0,823,556,1,557,6,6,227,2,145,0,0,0,98,8,2,0,43,20,0
28,14,Arganda del Rey,1-001-B,745,0,0,745,521,1,522,3,6,229,0,121,0,1,2,67,10,2,0,60,20,1
28,14,Arganda del Rey,1-002-A,527,0,0,527,315,1,316,0,7,131,0,84,0,0,0,52,1,2,1,28,10,0
28,14,Arganda del Rey,1-002-B,593,0,0,593,360,1,361,5,2,167,0,111,0,0,0,32,4,4,0,23,13,0
28,14,Arganda del Rey,1-003-A,515,0,0,515,334,0,334,3,4,160,1,96,1,0,0,41,2,1,0,18,7,0
28,14,Arganda del Rey,1-003-B,477,0,0,477,302,1,303,2,5,143,1,78,1,0,0,34,3,1,0,22,13,0
28,14,Arganda del Rey,1-004-A,707,0,0,707,467,1,468,6,3,236,0,111,0,1,1,54,3,8,0,33,12,0
28,14,Arganda del Rey,1-004-B,753,0,0,753,527,1,528,9,5,245,0,139,0,0,0,62,5,3,0,44,16,0
28,14,Arganda del Rey,1-005-A,583,0,0,583,355,1,356,0,7,176,0,100,0,0,0,31,5,4,0,24,9,0
28,14,Arganda del Rey,1-005-B,597,0,0,597,359,0,359,6,7,171,1,90,0,0,0,41,3,6,1,30,3,0
28,14,Arganda del Rey,1-007-A,459,0,0,459,316,1,317,0,0,174,0,79,0,0,0,24,4,1,1,27,6,1
28,14,Arganda del Rey,1-007-B,501,0,0,501,325,2,327,2,3,156,0,67,0,0,0,43,3,3,0,37,12,1
28,14,Arganda del Rey,1-008-A,469,0,0,469,339,2,341,2,4,179,0,62,0,0,1,40,0,3,0,34,16,0
28,14,Arganda del Rey,1-008-B,484,0,0,484,368,2,370,5,7,201,0,72,0,0,0,38,1,0,0,35,11,0
28,14,Arganda del Rey,1-009-A,663,0,0,663,457,2,459,5,7,237,0,101,1,0,1,38,4,2,0,42,21,0
28,14,Arganda del Rey,1-009-B,714,0,0,714,509,1,510,3,5,260,0,127,1,0,1,44,4,3,1,44,17,0
28,14,Arganda del Rey,1-010-A,807,0,0,807,587,2,589,11,16,292,0,123,0,0,0,70,5,8,2,41,21,0
28,14,Arganda del Rey,1-010-B,829,0,0,829,602,1,603,12,5,314,2,141,0,1,1,69,1,2,0,35,20,0
28,14,Arganda del Rey,1-011-A,713,0,0,713,428,2,430,3,8,200,1,87,0,1,1,54,5,4,0,40,26,0
28,14,Arganda del Rey,1-011-B,648,0,0,648,361,1,362,1,6,182,1,68,0,0,1,54,5,2,0,25,16,1
28,14,Arganda del Rey,1-012-A,710,0,0,710,520,1,521,6,6,240,2,129,0,0,1,77,5,3,0,36,16,0
28,14,Arganda del Rey,1-012-B,703,0,0,703,498,1,499,4,9,236,2,97,0,1,74,6,1,0,0,48,19,2
28,14,Arganda del Rey,1-013-A,494,0,0,494,297,2,299,2,4,135,3,73,0,1,0,37,3,2,0,30,9,0
28,14,Arganda del Rey,1-013-B,505,0,0,505,316,2,318,4,4,135,1,79,0,0,1,55,5,1,0,25,8,0
28,14,Arganda del Rey,1-014-A,564,0,0,564,402,2,404,4,2,171,0,82,0,1,0,78,4,3,0,40,19,0
28,14,Arganda del Rey,1-014-B,525,0,0,525,366,1,367,7,6,147,2,72,0,1,2,73,2,6,0,28,21,0
28,14,Arganda del Rey,1-015-A,602,0,0,602,431,0,431,1,3,158,0,115,0,0,1,83,2,7,0,27,33,1
28,14,Arganda del Rey,1-015-B,605,0,0,605,447,1,448,1,6,155,2,124,0,0,2,74,7,5,0,40,29,3
28,14,Arganda del Rey,1-016-U,707,0,0,707,487,2,489,8,2,222,0,143,0,0,1,65,1,3,0,29,15,0
28,14,Arganda del Rey,1-017-A,809,0,0,809,606,1,607,5,10,283,1,134,0,0,0,83,7,9,2,55,17,1
28,14,Arganda del Rey,1-017-B,873,1,0,874,631,1,632,7,6,293,1,135,1,0,2,98,5,2,0,68,14,0
28,14,Arganda del Rey,1-018-A,499,0,0,499,327,1,328,3,1,174,1,76,0,1,1,37,3,0,0,20,10,1
28,14,Arganda del Rey,1-018-B,511,0,0,511,340,1,341,1,2,178,0,75,0,0,0,40,9,2,0,26,8,0
28,14,Arganda del Rey,1-019-A,655,0,0,655,464,1,465,3,2,231,1,95,0,0,0,61,0,3,0,44,25,0
28,14,Arganda del Rey,1-019-B,616,0,0,616,435,0,435,1,4,215,0,77,0,0,1,73,5,2,0,33,24,0
28,14,Arganda del Rey,1-020-A,785,0,0,785,549,2,551,4,6,306,1,99,0,0,2,61,9,3,1,42,17,0
28,14,Arganda del Rey,1-020-B,856,0,0,856,605,1,606,9,4,318,0,91,0,0,1,102,12,2,0,55,12,0
28,14,Arganda del Rey,1-021-A,933,0,0,933,724,1,725,1,3,437,0,107,0,0,0,82,9,4,2,59,20,1
28,14,Arganda del Rey,1-021-B,961,0,0,961,743,0,743,14,5,421,0,123,0,0,0,89,6,4,1,57,23,0
28,14,Arganda del Rey,1-022-A,749,0,0,749,513,2,515,4,8,212,2,102,0,0,0,101,12,5,2,46,21,0
28,14,Arganda del Rey,1-022-B,788,0,0,788,590,1,591,10,5,268,2,113,0,0,1,101,14,2,0,56,18,1
28,14,Arganda del Rey,1-023-A,598,0,0,598,344,1,345,6,3,137,0,116,0,0,1,43,2,1,0,25,11,0
28,14,Arganda del Rey,1-023-B,619,0,0,619,435,1,436,5,10,161,1,102,0,0,2,79,5,3,3,43,18,4
28,14,Arganda del Rey,1-024-A,808,0,0,808,629,2,631,9,13,295,1,110,0,0,0,102,12,3,0,62,24,0
28,14,Arganda del Rey,1-024-B,892,0,0,892,722,2,724,3,7,341,2,123,1,1,1,116,13,3,0,82,30,1
28,14,Arganda del Rey,1-025-A,555,0,0,555,393,1,394,4,4,195,1,78,0,1,1,61,2,4,0,33,10,0
28,14,Arganda del Rey,1-025-B,721,0,0,721,548,1,549,5,4,283,1,99,0,0,1,85,9,1,0,41,20,0
28,14,Arganda del Rey,1-025-C,655,0,0,655,502,1,503,5,10,255,0,105,0,1,0,74,9,2,0,29,12,1
28,14,Arganda del Rey,1-026-A,604,0,0,604,446,2,448,8,6,233,0,69,0,0,1,80,8,2,0,27,14,0
28,14,Arganda del Rey,1-026-B,708,0,0,708,525,1,526,7,3,272,0,76,0,0,0,89,9,9,1,45,15,0
28,14,Arganda del Rey,1-026-C,650,0,0,650,449,1,450,5,2,227,0,68,0,0,0,74,6,4,2,47,15,0
28,14,Arganda del Rey,1-027-A,583,0,0,583,356,2,358,3,7,170,0,45,0,0,0,77,6,7,0,30,12,1
28,14,Arganda del Rey,1-027-B,618,0,0,618,363,4,367,2,1,167,0,56,0,0,0,77,6,2,0,36,19,1
28,14,Arganda del Rey,1-028-A,764,0,0,764,505,1,506,9,5,199,1,92,0,0,1,111,4,13,0,54,16,1
28,14,Arganda del Rey,1-028-B,686,0,0,686,480,1,481,5,9,211,1,87,0,0,0,98,4,7,0,40,19,0
28,15,Arroyomolinos,1-001-U,785,0,0,785,555,1,556,8,14,286,3,79,0,1,0,107,2,2,1,39,14,0
28,15,Arroyomolinos,1-002-A,773,0,0,773,559,0,559,4,5,264,1,91,0,1,4,103,7,5,0,50,23,1
28,15,Arroyomolinos,1-002-B,697,0,0,697,481,0,481,4,5,221,0,57,0,0,2,108,5,3,0,64,12,0
28,15,Arroyomolinos,1-003-A,702,0,0,702,484,0,484,1,2,258,2,79,0,1,0,67,8,3,0,46,16,1
28,15,Arroyomolinos,1-003-B,694,0,0,694,460,0,460,1,1,249,1,65,0,0,0,70,4,5,0,41,22,1
28,15,Arroyomolinos,1-004-A,709,0,0,709,516,0,516,10,3,275,0,60,0,1,2,83,4,1,0,63,14,0
28,15,Arroyomolinos,1-004-B,705,0,0,705,511,0,511,7,2,269,0,69,0,0,2,65,3,8,0,74,12,0
28,15,Arroyomolinos,1-005-A,910,0,0,910,661,0,661,6,4,349,2,82,0,2,1,103,8,5,0,80,19,0
28,15,Arroyomolinos,1-005-B,933,8,0,941,674,0,674,7,8,370,2,66,0,0,1,109,9,7,0,65,30,0
28,15,Arroyomolinos,1-006-A,771,0,0,771,568,1,569,11,9,253,0,87,0,0,1,101,9,9,0,59,29,1
28,15,Arroyomolinos,1-006-B,757,0,0,757,540,0,540,7,3,255,1,71,0,0,2,97,3,9,0,69,23,0
28,15,Arroyomolinos,1-007-A,551,0,0,551,432,0,432,7,4,237,1,41,0,0,3,77,7,1,0,44,9,1
28,15,Arroyomolinos,1-007-B,670,0,0,670,459,0,459,8,6,239,1,62,0,0,0,66,8,5,0,52,12,0
28,15,Arroyomolinos,1-007-C,663,0,0,663,486,0,486,9,8,250,0,63,1,1,1,76,7,1,0,54,15,0
28,15,Arroyomolinos,1-008-A,730,0,0,730,553,1,554,9,11,292,1,70,0,1,0,79,11,6,0,58,14,2
28,15,Arroyomolinos,1-008-B,817,0,0,817,622,0,622,11,9,290,2,66,1,0,1,129,15,9,1,74,13,1
28,15,Arroyomolinos,1-009-A,666,0,0,666,477,0,477,7,4,263,0,64,0,0,0,74,5,2,0,49,7,2
28,15,Arroyomolinos,1-009-B,831,0,0,831,610,0,610,8,12,364,1,68,0,0,0,73,10,4,0,61,9,0
28,15,Arroyomolinos,1-009-C,770,0,0,770,563,0,563,17,6,284,0,57,0,0,1,91,13,9,0,71,13,1
28,15,Arroyomolinos,1-010-A,545,0,0,545,394,0,394,4,5,204,1,52,0,0,0,61,6,3,0,50,7,1
28,15,Arroyomolinos,1-010-B,576,0,0,576,432,1,433,5,6,219,1,46,0,1,0,82,8,5,0,52,8,0
28,15,Arroyomolinos,1-011-A,629,0,0,629,465,0,465,11,12,267,0,43,1,0,0,61,6,3,0,48,13,0
28,15,Arroyomolinos,1-011-B,662,0,0,662,514,0,514,14,7,276,0,71,0,0,0,65,11,5,0,50,15,0
28,15,Arroyomolinos,1-012-A,883,0,0,883,619,0,619,10,4,263,1,101,0,0,1,121,13,9,0,64,30,2
28,15,Arroyomolinos,1-012-B,778,0,0,778,541,0,541,4,7,239,0,81,1,0,0,110,7,9,0,66,16,1
28,15,Arroyomolinos,1-013-A,530,0,0,530,282,0,282,3,2,91,0,89,1,0,0,45,5,3,0,30,13,0
28,15,Arroyomolinos,1-013-B,559,0,0,559,298,0,298,2,2,108,1,77,0,0,1,61,0,6,1,28,9,2
28,15,Arroyomolinos,1-014-A,539,0,0,539,336,0,336,5,2,181,1,50,1,0,1,39,2,2,0,47,5,0
28,15,Arroyomolinos,1-014-B,568,0,0,568,353,0,353,5,2,181,0,50,0,1,0,57,8,3,0,32,13,1
28,15,Arroyomolinos,1-015-U,941,0,0,941,697,0,697,8,10,370,1,57,3,0,0,122,16,4,1,77,27,1
28,15,Arroyomolinos,1-016-A,808,0,0,808,599,0,599,12,1,326,4,79,0,0,0,90,11,5,0,46,25,0
28,15,Arroyomolinos,1-016-B,727,0,0,727,523,1,524,11,5,246,2,81,0,0,1,94,8,4,0,60,12,0
28,15,Arroyomolinos,1-017-A,606,0,0,606,476,0,476,7,1,261,3,62,0,0,0,55,16,6,0,53,12,0
28,15,Arroyomolinos,1-017-B,620,0,0,620,485,0,485,5,3,281,1,49,0,0,0,67,14,4,0,51,9,1
28,16,El Atazar,1-001-U,89,0,0,89,68,0,68,3,3,14,0,23,0,0,0,9,0,1,0,7,8,0
28,17,Batres,1-001-A,683,0,0,683,498,0,498,5,3,241,0,85,0,1,0,84,5,7,1,39,27,0
28,17,Batres,1-001-B,744,0,0,744,511,2,513,3,11,257,1,44,0,0,1,69,5,14,0,67,41,0
28,18,Becerril de la Sierra,1-001-A,638,0,0,638,475,1,476,2,2,234,0,92,0,0,2,73,3,4,1,39,22,2
28,18,Becerril de la Sierra,1-001-B,818,0,0,818,646,0,646,2,2,343,0,113,1,0,2,83,7,7,0,53,31,2
28,18,Becerril de la Sierra,1-001-C,672,0,0,672,480,1,481,5,4,233,1,101,0,0,1,65,6,3,1,39,22,0
28,18,Becerril de la Sierra,1-002-A,575,0,0,575,422,3,425,3,4,229,0,67,0,0,0,50,4,2,0,49,17,0
28,18,Becerril de la Sierra,1-002-B,615,0,0,615,452,1,453,5,7,260,0,60,0,0,0,53,2,3,0,45,17,1
28,18,Becerril de la Sierra,1-003-A,626,0,0,626,450,0,450,4,5,240,3,53,0,0,0,82,5,2,0,35,21,0
28,18,Becerril de la Sierra,1-003-B,634,0,0,634,455,2,457,5,2,200,2,78,1,0,0,81,6,4,0,51,27,0
28,19,Belmonte de Tajo,1-001-A,703,0,0,703,533,0,533,7,16,206,3,132,1,0,0,106,2,4,0,44,11,1
28,19,Belmonte de Tajo,1-001-B,693,0,0,693,517,0,517,6,9,208,5,131,0,0,3,78,5,4,4,45,19,0
28,20,Berzosa del Lozoya,1-001-U,178,0,0,178,120,0,120,2,3,41,0,19,0,1,0,30,1,2,1,8,12,0
28,21,El Berrueco,1-001-U,618,0,0,618,443,0,443,4,5,197,1,67,0,1,1,99,7,4,1,25,30,1
28,22,Boadilla del Monte,1-001-A,634,0,0,634,435,0,435,7,3,229,1,88,0,0,2,55,3,2,0,40,5,0
28,22,Boadilla del Monte,1-001-B,600,0,0,600,391,0,391,4,4,197,0,76,0,0,0,48,1,5,3,43,10,0
28,22,Boadilla del Monte,1-002-U,647,0,0,647,493,0,493,3,0,404,0,27,0,0,0,14,4,2,0,38,1,0
28,22,Boadilla del Monte,1-003-A,598,0,0,598,457,0,457,4,2,312,0,32,0,0,0,30,8,4,0,58,7,0
28,22,Boadilla del Monte,1-003-B,694,0,0,694,517,0,517,4,1,373,0,37,0,1,0,29,7,2,0,58,5,0
28,22,Boadilla del Monte,1-003-C,689,0,0,689,524,0,524,7,0,383,1,26,0,0,0,30,4,1,2,67,3,0
28,22,Boadilla del Monte,1-004-A,873,0,0,873,649,0,649,2,2,512,0,32,0,0,0,18,1,3,0,74,5,0
28,22,Boadilla del Monte,1-004-B,791,0,0,791,617,0,617,3,2,473,0,33,0,0,0,25,9,2,0,67,3,0
28,22,Boadilla del Monte,1-005-A,527,0,0,527,390,0,390,3,4,260,1,35,0,1,0,44,8,3,0,21,10,0
28,22,Boadilla del Monte,1-005-B,567,0,0,567,431,0,431,7,2,295,1,46,0,0,0,26,5,1,0,36,12,0
28,22,Boadilla del Monte,1-006-A,583,0,0,583,436,0,436,3,9,243,0,58,0,0,0,71,6,1,0,25,19,1
28,22,Boadilla del Monte,1-006-B,662,0,0,662,472,0,472,8,5,238,0,67,0,0,1,88,12,1,0,37,15,0
28,22,Boadilla del Monte,1-007-A,768,0,0,768,590,0,590,1,4,412,1,48,0,1,0,50,7,2,0,50,13,1
28,22,Boadilla del Monte,1-007-B,794,0,0,794,616,0,616,14,3,419,1,41,0,0,0,48,9,5,0,59,16,1
28,22,Boadilla del Monte,1-008-U,888,0,0,888,591,0,591,4,4,324,1,93,0,1,2,79,7,3,1,51,19,2
28,22,Boadilla del Monte,1-009-U,884,0,0,884,686,0,686,3,0,535,0,35,0,0,0,23,6,1,0,81,2,0
28,22,Boadilla del Monte,1-010-A,749,0,0,749,558,0,558,5,4,372,0,51,0,0,0,54,12,5,0,47,7,1
28,22,Boadilla del Monte,1-010-B,769,0,0,769,581,0,581,5,3,365,0,60,0,1,0,58,5,6,2,57,19,0
28,22,Boadilla del Monte,1-011-A,608,0,0,608,448,0,448,7,1,247,0,48,0,0,0,70,12,4,0,41,18,0
28,22,Boadilla del Monte,1-011-B,579,0,0,579,415,0,415,3,3,229,0,53,0,1,0,67,10,0,2,29,18,0
28,22,Boadilla del Monte,1-012-A,891,0,0,891,684,0,684,14,6,377,2,91,0,0,0,90,14,4,1,71,14,0
28,22,Boadilla del Monte,1-012-B,923,0,0,923,699,0,699,9,1,405,3,76,0,0,1,112,17,4,1,48,22,0
28,22,Boadilla del Monte,1-013-A,679,0,0,679,534,0,534,8,4,354,0,54,0,0,2,54,12,1,1,36,8,0
28,22,Boadilla del Monte,1-013-B,760,0,0,760,595,0,595,7,1,368,0,65,0,0,0,79,11,1,2,45,16,0
28,22,Boadilla del Monte,1-013-C,743,0,0,743,564,0,564,8,7,349,2,62,1,1,0,65,18,4,0,33,13,1
28,22,Boadilla del Monte,1-014-A,633,0,0,633,524,0,524,11,5,354,0,38,0,2,1,67,10,1,1,27,6,1
28,22,Boadilla del Monte,1-014-B,691,0,0,691,519,0,519,9,6,337,0,54,0,0,0,50,7,1,1,47,7,0
28,22,Boadilla del Monte,1-015-A,814,0,0,814,651,0,651,12,4,401,0,64,1,1,0,94,12,2,1,45,11,3
28,22,Boadilla del Monte,1-015-B,847,0,0,847,655,0,655,18,5,376,0,75,1,0,0,99,5,2,4,50,19,1
28,22,Boadilla del Monte,1-016-A,724,0,0,724,584,0,584,11,8,358,1,67,0,0,0,79,11,1,1,36,10,1
28,22,Boadilla del Monte,1-016-B,740,0,0,740,608,0,608,3,6,385,3,58,0,0,0,90,16,2,1,31,13,0
28,22,Boadilla del Monte,1-017-A,780,0,0,780,610,0,610,7,5,374,0,61,0,0,0,82,13,1,1,53,11,2
28,22,Boadilla del Monte,1-017-B,865,0,0,865,668,0,668,15,2,437,0,57,0,0,0,87,10,5,3,39,12,1
28,22,Boadilla del Monte,1-018-A,678,0,0,678,522,0,522,4,3,346,0,56,0,0,0,48,13,1,1,42,8,0
28,22,Boadilla del Monte,1-018-B,696,0,0,696,556,0,556,18,5,344,2,44,0,0,1,61,14,4,0,49,13,1
28,22,Boadilla del Monte,1-019-A,686,0,0,686,473,0,473,3,2,320,0,38,0,1,0,45,9,1,0,40,14,0
28,22,Boadilla del Monte,1-019-B,772,0,0,772,537,0,537,0,3,363,1,43,1,0,0,54,11,3,1,50,6,1
28,22,Boadilla del Monte,1-019-C,679,0,0,679,490,0,490,5,0,329,0,33,0,0,0,43,4,2,0,62,10,2
28,22,Boadilla del Monte,1-020-A,863,0,0,863,672,0,672,8,6,506,1,44,0,0,0,37,20,3,0,37,8,2
28,22,Boadilla del Monte,1-020-B,937,0,0,937,700,0,700,9,2,506,1,48,1,0,0,61,14,1,0,53,4,0
28,22,Boadilla del Monte,1-021-A,711,0,0,711,566,0,566,12,4,340,0,52,1,0,1,88,8,5,0,42,12,1
28,22,Boadilla del Monte,1-021-B,759,0,0,759,608,0,608,14,3,376,0,63,1,1,0,76,9,4,1,43,15,2
28,22,Boadilla del Monte,1-022-A,553,0,0,553,415,0,415,3,3,274,0,30,0,1,0,48,3,3,0,48,2,0
28,22,Boadilla del Monte,1-022-B,593,0,0,593,472,0,472,1,1,336,0,33,0,0,0,41,3,3,1,46,7,0
28,22,Boadilla del Monte,1-023-A,642,0,0,642,493,0,493,9,4,318,1,43,0,1,0,54,9,4,0,46,1,3
28,22,Boadilla del Monte,1-023-B,639,0,0,639,493,0,493,9,3,313,1,47,0,0,0,58,9,1,2,37,11,2
28,22,Boadilla del Monte,1-024-A,629,0,0,629,498,0,498,8,5,289,1,36,0,0,0,85,16,3,0,41,14,0
28,22,Boadilla del Monte,1-024-B,647,0,0,647,494,0,494,8,3,276,0,50,0,1,0,88,15,3,0,34,13,3
28,22,Boadilla del Monte,1-025-A,623,0,0,623,493,0,493,6,1,360,0,36,0,1,0,29,16,0,0,41,3,0
28,22,Boadilla del Monte,1-025-B,781,0,0,781,632,0,632,6,2,454,3,52,0,0,0,41,18,2,0,51,3,0
28,22,Boadilla del Monte,1-025-C,702,0,0,702,538,0,538,2,4,403,1,46,0,1,0,29,9,3,0,33,7,0
28,22,Boadilla del Monte,1-026-A,482,0,0,482,380,0,380,9,2,249,0,26,0,0,3,36,6,0,1,35,13,0
28,22,Boadilla del Monte,1-026-B,492,0,0,492,377,0,377,7,4,257,0,35,0,0,1,34,9,2,0,22,6,0
28,22,Boadilla del Monte,1-027-A,492,0,0,492,403,0,403,6,4,288,0,26,0,0,0,36,7,0,1,33,2,0
28,22,Boadilla del Monte,1-027-B,435,0,0,435,373,0,373,9,2,256,0,33,0,0,0,30,11,1,0,25,6,0
28,22,Boadilla del Monte,1-028-A,784,0,0,784,651,0,651,7,1,503,1,28,0,0,0,40,21,7,0,39,3,1
28,22,Boadilla del Monte,1-028-B,749,0,0,749,599,0,599,8,2,448,0,37,0,0,1,34,12,3,1,49,4,0
28,22,Boadilla del Monte,1-029-A,908,0,0,908,767,0,767,4,0,599,1,57,0,0,0,40,10,3,0,50,2,1
28,22,Boadilla del Monte,1-029-B,841,0,0,841,712,0,712,8,4,550,1,44,0,0,0,37,10,4,0,51,3,0
28,22,Boadilla del Monte,1-030-A,468,0,0,468,397,0,397,7,2,283,0,28,0,0,0,31,12,0,1,28,5,0
28,22,Boadilla del Monte,1-030-B,483,0,0,483,405,0,405,7,1,299,0,26,0,0,0,34,8,0,0,25,4,1
28,22,Boadilla del Monte,1-031-A,510,0,0,510,394,0,394,7,1,262,0,31,0,0,0,44,9,6,2,26,6,0
28,22,Boadilla del Monte,1-031-B,522,0,0,522,407,0,407,3,1,270,0,32,0,1,0,52,8,8,0,27,5,0
28,22,Boadilla del Monte,1-032-U,643,0,0,643,533,0,533,8,5,359,0,56,0,0,0,57,7,1,0,39,0,1
28,23,El Boalo,1-001-A,578,0,0,578,450,1,451,7,1,214,1,76,0,0,1,88,3,0,0,34,26,0
28,23,El Boalo,1-001-B,698,0,0,698,555,1,556,4,9,263,3,73,0,1,1,116,5,4,3,30,44,0
28,23,El Boalo,1-001-C,646,0,0,646,504,2,506,6,3,214,2,72,1,1,0,115,2,3,0,39,46,2
28,23,El Boalo,1-002-A,712,0,0,712,510,2,512,10,4,250,0,65,0,1,1,84,10,4,0,48,35,0
28,23,El Boalo,1-002-B,766,0,0,766,576,1,577,3,8,270,2,81,0,0,0,113,5,7,0,61,27,0
28,23,El Boalo,1-003-A,715,0,0,715,537,1,538,6,10,212,2,86,0,0,1,115,12,4,0,40,47,3
28,23,El Boalo,1-003-B,765,0,0,765,569,1,570,4,5,242,1,97,0,2,0,130,5,7,0,33,44,0
28,23,El Boalo,1-004-A,507,0,0,507,376,1,377,5,3,203,3,62,0,1,0,48,1,5,0,31,15,0
28,23,El Boalo,1-004-B,518,0,0,518,390,1,391,3,6,210,1,43,0,0,0,54,3,4,0,40,27,0
28,24,Braojos,1-001-U,178,0,0,178,148,0,148,1,0,78,0,20,1,0,1,18,1,0,2,22,4,0
28,25,Brea de Tajo,1-001-U,428,0,0,428,327,0,327,2,2,212,1,36,0,0,0,28,2,2,0,33,9,0
28,26,Brunete,1-001-A,566,0,0,566,385,3,388,2,3,213,0,55,0,0,0,43,6,2,1,46,17,0
28,26,Brunete,1-001-B,553,0,0,553,404,4,408,4,6,231,1,52,0,0,0,51,5,1,1,42,13,1
28,26,Brunete,1-002-A,633,0,0,633,413,4,417,5,2,220,0,61,0,0,1,72,5,3,1,29,17,1
28,26,Brunete,1-002-B,669,0,0,669,443,3,446,5,7,247,1,60,0,0,0,70,4,0,0,37,15,0
28,26,Brunete,1-003-A,617,0,0,617,461,3,464,3,2,250,0,53,0,0,0,81,4,0,1,44,26,0
28,26,Brunete,1-003-B,591,0,0,591,459,3,462,7,6,268,0,53,0,1,1,55,5,1,0,41,23,1
28,26,Brunete,1-004-A,851,0,0,851,612,2,614,4,1,340,2,66,0,0,0,93,7,3,0,66,32,0
28,26,Brunete,1-004-B,797,0,0,797,557,2,559,0,7,315,0,64,0,1,1,79,9,6,0,54,22,1
28,26,Brunete,1-005-A,561,0,0,561,407,3,410,7,9,231,0,40,0,0,0,66,11,4,0,31,8,3
28,26,Brunete,1-005-B,658,0,0,658,459,4,463,6,1,251,1,55,0,0,0,80,6,3,1,43,14,2
28,26,Brunete,1-005-C,650,0,0,650,472,3,475,5,5,259,1,47,0,3,0,67,11,5,0,49,23,0
28,27,Buitrago del Lozoya,1-001-A,632,0,0,632,455,1,456,5,5,213,0,121,0,1,0,58,4,3,0,26,19,1
28,27,Buitrago del Lozoya,1-001-B,603,0,0,603,429,0,429,2,7,204,1,103,0,0,1,64,6,4,0,23,13,1
28,28,Bustarviejo,1-001-A,588,0,0,588,421,1,422,6,2,144,0,81,0,0,1,104,2,4,1,28,49,0
28,28,Bustarviejo,1-001-B,776,0,0,776,570,1,571,6,4,194,0,119,0,0,0,128,1,3,1,23,89,3
28,28,Bustarviejo,1-001-C,689,0,0,689,506,1,507,5,7,203,3,95,0,0,1,108,3,5,0,26,50,1
28,29,Cabanillas de la Sierra,1-001-U,689,0,0,689,568,0,568,4,6,265,1,80,0,3,1,117,5,4,0,43,38,1
28,30,La Cabrera,1-001-A,628,0,0,628,470,0,470,6,10,206,3,90,0,0,0,81,6,4,1,39,24,0
28,30,La Cabrera,1-001-B,672,0,0,672,469,0,469,7,8,189,0,82,0,0,0,104,2,4,0,36,36,1
28,30,La Cabrera,1-001-C,689,0,0,689,503,2,505,4,5,206,3,99,0,0,0,120,6,9,0,26,25,2
28,31,Cadalso de los Vidrios,1-001-A,485,0,0,485,373,2,375,5,11,179,0,114,0,0,2,28,0,0,1,25,10,0
28,31,Cadalso de los Vidrios,1-001-B,545,0,0,545,412,1,413,3,6,201,0,105,1,0,0,32,1,2,0,42,20,0
28,31,Cadalso de los Vidrios,1-002-A,585,0,0,585,453,1,454,2,5,233,0,143,0,0,1,28,0,2,0,32,8,0
28,31,Cadalso de los Vidrios,1-002-B,677,0,0,677,523,1,524,9,4,248,0,170,0,1,0,33,4,0,1,36,17,1
28,32,Camarma de Esteruelas,1-001-A,632,0,0,632,395,2,397,5,6,180,0,72,0,0,3,54,11,8,0,44,14,0
28,32,Camarma de Esteruelas,1-001-B,748,0,0,748,519,1,520,6,11,241,0,77,1,0,0,69,8,5,1,84,17,0
28,32,Camarma de Esteruelas,1-001-C,683,0,0,683,481,0,481,7,12,224,0,62,0,0,1,90,7,6,0,58,14,0
28,32,Camarma de Esteruelas,1-002-A,761,0,0,761,502,2,504,3,9,238,1,125,0,0,1,63,0,4,0,46,14,0
28,32,Camarma de Esteruelas,1-002-B,774,0,0,774,506,1,507,5,9,246,2,108,1,0,2,57,2,1,1,54,18,1
28,32,Camarma de Esteruelas,1-003-A,936,0,0,936,692,0,692,4,11,347,0,126,0,0,0,105,10,0,0,66,23,0
28,32,Camarma de Esteruelas,1-003-B,882,0,0,882,643,2,645,9,7,276,1,125,0,0,2,125,3,7,0,72,17,1
28,33,Campo Real,1-001-A,626,0,0,626,404,2,406,5,10,229,0,49,0,0,1,56,6,6,0,36,7,1
28,33,Campo Real,1-001-B,650,0,0,650,433,1,434,4,5,212,0,66,0,0,0,66,4,3,0,63,9,2
28,33,Campo Real,1-002-A,573,0,0,573,410,2,412,3,6,210,0,55,0,0,2,48,8,2,0,64,14,0
28,33,Campo Real,1-002-B,769,0,0,769,556,1,557,3,2,318,1,66,0,0,1,58,4,4,1,87,11,1
28,33,Campo Real,1-002-C,594,0,0,594,412,1,413,11,2,229,0,57,0,0,0,43,4,1,2,51,13,0
28,33,Campo Real,1-003-A,655,0,0,655,485,2,487,6,6,291,1,49,0,0,1,60,3,5,1,50,13,1
28,33,Campo Real,1-003-B,628,0,0,628,469,2,471,6,4,239,0,57,0,0,0,55,5,11,0,84,8,2
28,34,Canencia,1-001-U,394,0,0,394,308,0,308,5,2,156,1,67,0,0,2,39,1,2,1,25,5,2
28,35,Carabaña,1-001-A,782,0,0,782,542,0,542,5,8,239,1,139,0,0,3,75,3,6,0,45,16,2
28,35,Carabaña,1-001-B,761,0,0,761,516,3,519,1,2,254,0,127,0,0,1,57,1,8,0,41,24,3
28,36,Casarrubuelos,1-001-A,749,0,0,749,504,2,506,12,5,229,0,71,0,1,0,92,1,3,1,72,19,0
28,36,Casarrubuelos,1-001-B,802,0,0,802,536,2,538,5,8,244,1,74,0,0,0,116,6,5,0,44,33,2
28,36,Casarrubuelos,1-002-A,721,0,0,721,501,2,503,8,5,199,0,64,0,1,1,135,5,14,1,48,21,1
28,36,Casarrubuelos,1-002-B,702,0,0,702,494,2,496,8,5,223,0,64,2,1,1,97,4,6,1,50,34,0
28,37,Cenicientos,1-001-U,852,0,0,852,708,2,710,3,11,353,0,238,0,0,1,59,1,0,0,21,22,1
28,37,Cenicientos,1-002-U,770,0,0,770,618,1,619,8,13,257,0,201,0,1,3,70,2,2,0,40,22,0
28,38,Cercedilla,1-001-A,886,0,0,886,677,2,679,18,15,302,1,130,0,0,1,131,6,8,1,41,25,0
28,38,Cercedilla,1-001-B,672,0,0,672,499,0,499,9,7,220,2,113,0,0,1,97,6,0,1,27,16,0
28,38,Cercedilla,1-001-C,678,0,0,678,494,2,496,6,9,203,2,99,1,0,2,112,8,7,0,19,26,2
28,38,Cercedilla,1-002-A,608,0,0,608,431,1,432,7,9,184,1,59,0,1,0,121,2,5,1,27,14,1
28,38,Cercedilla,1-002-B,667,0,0,667,494,0,494,11,14,230,3,60,0,0,0,109,7,2,0,32,26,0
28,38,Cercedilla,1-003-A,579,0,0,579,417,1,418,4,11,170,1,67,0,1,0,100,3,5,1,30,25,0
28,38,Cercedilla,1-003-B,780,0,0,780,583,0,583,12,7,238,0,90,0,0,2,137,4,5,0,45,42,1
28,38,Cercedilla,1-003-C,701,0,0,701,495,1,496,0,15,201,5,65,0,0,1,123,6,4,1,39,35,1
28,39,Cervera de Buitrago,1-001-U,144,0,0,144,109,0,109,3,0,42,0,37,0,0,0,15,2,0,1,5,4,0
28,40,Ciempozuelos,1-001-A,813,0,0,813,173,1,174,3,3,75,0,39,0,0,0,26,2,2,1,16,6,1
28,40,Ciempozuelos,1-001-B,782,0,0,782,202,0,202,1,3,88,0,40,0,1,1,38,1,2,0,13,13,1
28,40,Ciempozuelos,1-002-A,481,0,0,481,350,1,351,5,8,151,0,88,0,0,0,52,1,2,0,26,18,0
28,40,Ciempozuelos,1-002-B,493,0,0,493,318,0,318,5,5,120,0,70,0,0,0,52,1,5,1,30,29,0
28,40,Ciempozuelos,1-003-A,583,0,0,583,389,1,390,8,5,178,0,65,0,0,0,81,1,4,1,29,18,0
28,40,Ciempozuelos,1-003-B,566,0,0,566,385,0,385,4,7,148,1,80,0,2,1,82,1,4,3,32,20,0
28,40,Ciempozuelos,2-001-A,950,0,0,950,555,1,556,8,12,219,0,144,0,0,0,60,6,8,0,70,27,2
28,40,Ciempozuelos,2-001-B,940,0,0,940,598,1,599,8,10,246,2,169,0,0,1,67,5,4,1,61,24,1
28,40,Ciempozuelos,2-002-A,489,0,0,489,310,1,311,1,2,142,1,93,1,0,1,32,0,3,1,30,4,0
28,40,Ciempozuelos,2-002-B,474,0,0,474,288,0,288,4,4,133,0,74,0,0,0,35,1,3,0,23,11,0
28,40,Ciempozuelos,2-003-A,569,0,0,569,352,0,352,3,8,138,0,82,0,0,2,58,4,9,1,31,16,0
28,40,Ciempozuelos,2-003-B,726,0,0,726,454,0,454,2,1,196,0,112,0,1,0,74,4,6,0,28,29,1
28,40,Ciempozuelos,2-003-C,724,0,0,724,461,2,463,6,5,192,1,106,0,1,1,63,2,6,2,59,18,1
28,40,Ciempozuelos,2-004-A,643,0,0,643,439,1,440,6,9,162,0,89,1,1,1,91,6,3,0,48,22,1
28,40,Ciempozuelos,2-004-B,703,0,0,703,487,1,488,4,7,211,0,99,0,0,0,81,1,5,0,53,27,0
28,40,Ciempozuelos,2-004-C,745,0,0,745,510,1,511,5,7,216,0,107,1,1,0,87,8,4,1,43,31,0
28,40,Ciempozuelos,2-005-A,615,0,0,615,330,1,331,5,5,149,0,66,0,1,0,49,3,3,0,26,24,0
28,40,Ciempozuelos,2-005-B,754,0,0,754,393,1,394,2,8,160,0,98,0,0,1,56,3,4,0,38,24,0
28,40,Ciempozuelos,2-005-C,690,0,0,690,396,0,396,6,6,163,1,85,0,1,1,60,3,4,1,37,28,0
28,40,Ciempozuelos,2-006-A,831,0,0,831,556,1,557,5,2,239,2,127,0,0,1,101,5,5,0,42,28,0
28,40,Ciempozuelos,2-006-B,807,0,0,807,531,1,532,5,5,229,1,110,1,1,0,89,4,4,1,59,22,1
28,40,Ciempozuelos,3-001-A,751,0,0,751,493,1,494,2,4,162,0,127,0,2,0,97,5,8,0,54,32,1
28,40,Ciempozuelos,3-001-B,718,0,0,718,464,0,464,4,6,172,0,93,1,0,1,91,5,5,0,59,27,0
28,40,Ciempozuelos,3-002-A,830,0,0,830,553,0,553,5,14,180,0,135,0,0,0,102,8,9,2,52,45,1
28,40,Ciempozuelos,3-002-B,893,0,0,893,569,1,570,5,10,232,0,146,1,0,0,92,3,8,0,52,20,1
28,41,Cobeña,1-001-A,651,0,0,651,487,2,489,9,7,284,1,60,0,2,0,52,11,6,1,42,14,0
28,41,Cobeña,1-001-B,644,0,0,644,491,1,492,3,5,272,0,72,1,0,0,67,13,0,0,46,13,0
28,41,Cobeña,1-002-A,626,0,0,626,467,1,468,9,8,257,1,48,0,2,1,74,8,7,0,39,13,1
28,41,Cobeña,1-002-B,778,0,0,778,563,1,564,11,6,316,0,67,0,0,0,79,8,6,1,50,19,1
28,41,Cobeña,1-002-C,700,1,0,701,489,3,492,5,5,276,2,54,0,0,0,67,7,3,1,56,15,1
28,41,Cobeña,1-003-A,810,0,0,810,609,0,609,13,2,309,1,89,0,0,0,111,6,3,2,47,26,0
28,41,Cobeña,1-003-B,892,0,0,892,676,1,677,9,8,368,3,86,1,0,1,104,10,7,1,59,20,0
28,42,Colmenar del Arroyo,1-001-A,701,0,0,701,505,0,505,6,8,268,1,70,0,1,0,76,5,7,1,35,27,0
28,42,Colmenar del Arroyo,1-001-B,723,0,0,723,551,0,551,7,12,294,0,56,0,0,1,84,4,10,1,55,25,2
28,43,Colmenar de Oreja,1-001-U,917,0,0,917,609,1,610,3,19,304,0,142,0,0,0,57,7,2,0,69,7,0
28,43,Colmenar de Oreja,1-002-A,820,0,0,820,566,1,567,4,9,315,1,127,0,0,0,43,1,1,1,56,8,1
28,43,Colmenar de Oreja,1-002-B,808,0,0,808,569,1,570,0,12,300,1,120,0,0,1,42,3,2,2,83,3,1
28,43,Colmenar de Oreja,2-001-A,590,0,0,590,380,1,381,3,7,208,0,57,0,0,0,34,5,0,0,60,7,0
28,43,Colmenar de Oreja,2-001-B,589,0,0,589,403,1,404,4,11,205,0,85,0,0,2,33,2,0,2,54,6,0
28,43,Colmenar de Oreja,2-002-A,596,0,0,596,346,0,346,2,6,153,2,67,0,0,1,47,7,1,0,40,18,2
28,43,Colmenar de Oreja,2-002-B,572,0,0,572,347,2,349,4,8,146,1,72,0,0,0,45,3,3,0,48,19,0
28,43,Colmenar de Oreja,2-003-A,828,0,0,828,464,3,467,6,5,158,0,100,0,0,2,83,8,7,0,63,34,1
28,43,Colmenar de Oreja,2-003-B,788,0,0,788,418,3,421,7,3,149,1,71,0,1,1,82,7,7,0,61,28,3
28,44,Colmenarejo,1-001-A,715,0,0,715,498,0,498,4,6,203,1,91,0,0,0,129,4,3,0,40,14,3
28,44,Colmenarejo,1-001-B,719,0,0,719,471,0,471,1,8,208,2,77,0,0,1,99,3,3,0,36,28,5
28,44,Colmenarejo,1-002-A,762,0,0,762,504,0,504,6,9,213,1,79,0,0,1,101,8,4,1,50,29,2
28,44,Colmenarejo,1-002-B,840,0,0,840,596,0,596,7,2,288,1,76,0,0,2,131,6,4,1,50,27,1
28,44,Colmenarejo,1-002-C,774,0,0,774,541,0,541,11,7,238,4,74,0,1,0,125,5,0,1,53,19,3
28,44,Colmenarejo,1-003-A,851,0,0,851,593,0,593,6,12,298,1,79,0,0,3,118,7,6,0,40,23,0
28,44,Colmenarejo,1-003-B,818,0,0,818,565,0,565,9,14,274,1,72,0,0,1,115,11,5,1,42,19,1
28,44,Colmenarejo,1-004-A,699,0,0,699,516,0,516,6,9,259,1,81,0,0,1,85,9,7,0,45,13,0
28,44,Colmenarejo,1-004-B,671,0,0,671,521,0,521,11,6,268,3,68,0,1,0,94,6,4,0,39,20,1
28,45,Colmenar Viejo,1-001-A,851,0,0,851,618,1,619,8,7,256,3,104,0,0,0,116,8,7,0,72,37,1
28,45,Colmenar Viejo,1-001-B,831,0,0,831,554,1,555,8,10,221,2,106,0,3,0,104,15,6,0,49,30,1
28,45,Colmenar Viejo,1-002-A,811,0,0,811,550,1,551,5,3,228,0,140,0,0,1,79,9,4,0,51,29,2
28,45,Colmenar Viejo,1-002-B,834,0,0,834,511,1,512,6,9,195,2,131,1,0,0,73,10,4,0,50,31,0
28,45,Colmenar Viejo,1-003-A,571,0,0,571,341,1,342,1,2,146,2,80,0,0,1,56,4,4,0,31,14,1
28,45,Colmenar Viejo,1-003-B,599,0,0,599,348,1,349,0,1,130,0,92,0,1,1,61,4,3,0,42,14,0
28,45,Colmenar Viejo,1-004-A,742,0,0,742,433,1,434,7,5,170,0,106,0,0,1,69,6,6,1,38,23,2
28,45,Colmenar Viejo,1-004-B,748,0,0,748,439,1,440,3,6,178,0,120,2,1,1,59,8,6,0,36,20,0
28,45,Colmenar Viejo,1-005-U,956,0,0,956,668,1,669,5,7,274,3,171,0,1,1,105,8,6,0,64,23,1
28,45,Colmenar Viejo,1-006-A,788,0,0,788,489,1,490,11,6,204,3,105,0,0,0,83,5,6,0,49,17,1
28,45,Colmenar Viejo,1-006-B,798,0,0,798,517,1,518,10,4,210,2,118,0,0,1,90,8,3,0,51,19,2
28,45,Colmenar Viejo,1-007-A,621,0,0,621,371,1,372,1,2,146,2,91,0,0,0,52,8,4,0,47,16,3
28,45,Colmenar Viejo,1-007-B,624,0,0,624,374,1,375,7,12,144,0,105,0,0,0,38,9,4,1,44,11,0
28,45,Colmenar Viejo,1-008-A,969,0,0,969,704,1,705,12,13,342,0,99,1,0,2,123,12,4,1,76,20,0
28,45,Colmenar Viejo,1-008-B,950,0,0,950,673,1,674,12,8,307,2,116,0,0,0,120,12,4,1,66,26,0
28,45,Colmenar Viejo,1-009-A,498,0,0,498,325,1,326,3,2,124,0,89,0,0,2,49,1,8,0,27,21,0
28,45,Colmenar Viejo,1-009-B,457,0,0,457,302,1,303,5,3,109,0,79,0,0,1,46,6,5,0,34,14,1
28,45,Colmenar Viejo,1-010-A,588,0,0,588,356,1,357,4,4,117,2,113,0,2,0,52,8,5,1,33,16,0
28,45,Colmenar Viejo,1-010-B,559,0,0,559,317,1,318,4,5,128,1,70,0,0,0,53,3,4,1,29,20,0
28,45,Colmenar Viejo,1-011-A,471,0,0,471,363,1,364,1,6,184,1,68,0,0,0,60,6,0,0,23,14,1
28,45,Colmenar Viejo,1-011-B,495,0,0,495,372,1,373,4,5,197,1,49,0,0,3,52,11,2,0,27,22,0
28,45,Colmenar Viejo,1-012-A,710,0,0,710,543,1,544,6,9,279,1,76,0,0,1,94,11,3,0,40,23,1
28,45,Colmenar Viejo,1-012-B,732,0,0,732,568,1,569,10,5,294,3,82,0,0,0,88,11,6,1,43,26,0
28,45,Colmenar Viejo,1-012-C,662,0,0,662,497,1,498,7,7,243,0,90,0,0,1,81,8,4,1,37,17,2
28,45,Colmenar Viejo,1-013-A,689,0,0,689,435,1,436,7,3,192,0,106,0,1,2,59,7,3,0,37,19,0
28,45,Colmenar Viejo,1-013-B,652,0,0,652,416,1,417,5,4,213,1,84,0,0,0,55,5,2,0,28,19,1
28,45,Colmenar Viejo,1-014-A,590,0,0,590,371,1,372,3,9,153,0,89,0,1,0,69,0,2,0,35,11,0
28,45,Colmenar Viejo,1-014-B,613,0,0,613,397,1,398,4,11,169,1,91,1,0,2,49,4,5,0,49,12,0
28,45,Colmenar Viejo,1-015-A,595,0,0,595,398,1,399,0,5,171,0,92,0,0,0,69,10,3,0,36,13,0
28,45,Colmenar Viejo,1-015-B,579,0,0,579,364,1,365,5,5,188,3,56,0,0,0,62,6,4,0,27,9,0
28,45,Colmenar Viejo,1-016-A,556,0,0,556,290,1,291,2,4,103,1,68,0,1,1,56,2,4,0,37,12,0
28,45,Colmenar Viejo,1-016-B,600,0,0,600,312,1,313,3,10,148,1,56,1,0,0,40,5,2,1,36,10,0
28,45,Colmenar Viejo,1-016-C,645,0,0,645,496,0,496,1,3,375,0,21,0,0,0,20,2,2,0,63,8,1
28,45,Colmenar Viejo,1-017-A,622,0,0,622,456,0,456,4,4,186,0,93,0,0,0,88,8,4,1,46,21,1
28,45,Colmenar Viejo,1-017-B,728,0,0,728,495,1,496,6,9,214,0,92,0,0,1,100,7,2,0,49,16,0
28,45,Colmenar Viejo,1-017-C,827,0,0,827,571,1,572,3,6,236,0,130,0,0,3,111,8,3,2,46,22,2
28,45,Colmenar Viejo,1-018-A,650,0,0,650,492,1,493,4,10,214,0,93,0,0,0,88,10,11,0,29,33,1
28,45,Colmenar Viejo,1-018-B,667,0,0,667,533,1,534,5,5,234,2,104,0,0,1,97,3,4,1,43,35,0
28,45,Colmenar Viejo,1-019-A,508,0,0,508,384,1,385,3,2,189,0,62,0,0,0,79,4,1,0,26,19,0
28,45,Colmenar Viejo,1-019-B,524,0,0,524,401,1,402,4,3,205,1,74,0,0,0,62,11,5,0,21,16,0
28,45,Colmenar Viejo,1-020-A,813,0,0,813,599,1,600,8,11,248,4,126,2,1,1,109,6,3,0,46,34,1
28,45,Colmenar Viejo,1-020-B,864,0,0,864,624,1,625,10,6,271,1,129,0,1,2,116,6,1,1,39,42,0
28,45,Colmenar Viejo,1-021-A,695,0,0,695,513,1,514,4,1,292,0,78,0,0,0,69,6,3,0,36,22,3
28,45,Colmenar Viejo,1-021-B,747,0,0,747,570,1,571,5,5,306,1,86,0,0,0,83,20,2,0,49,14,0
28,45,Colmenar Viejo,1-021-C,708,0,0,708,525,0,525,11,5,314,2,79,0,0,1,66,12,3,1,22,8,1
28,45,Colmenar Viejo,1-022-U,869,0,0,869,665,1,666,4,5,337,2,101,0,0,0,102,17,4,0,74,17,3
28,45,Colmenar Viejo,1-023-A,687,0,0,687,508,1,509,5,4,253,2,66,0,0,1,91,13,0,0,39,33,2
28,45,Colmenar Viejo,1-023-B,779,0,0,779,619,1,620,7,1,321,0,69,0,0,2,102,15,4,0,54,43,2
28,45,Colmenar Viejo,1-023-C,719,0,0,719,537,1,538,7,3,291,0,71,0,0,0,75,13,7,1,47,23,0
28,45,Colmenar Viejo,1-024-A,667,0,0,667,468,0,468,3,7,203,2,71,0,1,1,98,12,4,0,43,22,1
28,45,Colmenar Viejo,1-024-B,660,0,0,660,479,1,480,10,4,220,2,74,0,1,1,96,14,5,2,31,20,0
28,45,Colmenar Viejo,1-025-A,627,0,0,627,469,1,470,10,8,209,2,81,0,0,0,86,7,8,0,39,20,0
28,45,Colmenar Viejo,1-025-B,618,0,0,618,468,1,469,8,8,219,1,60,0,0,1,95,10,5,0,40,21,1
28,45,Colmenar Viejo,1-026-A,884,0,0,884,697,1,698,4,5,348,1,74,0,0,2,148,18,6,0,60,32,0
28,45,Colmenar Viejo,1-026-B,889,0,0,889,699,1,700,10,7,352,5,83,0,0,1,136,12,1,2,58,33,0
28,46,Collado Mediano,1-001-A,589,0,0,589,418,1,419,5,4,203,5,71,0,0,0,65,4,3,2,29,27,1
28,46,Collado Mediano,1-001-B,629,0,0,629,455,2,457,7,5,232,6,65,0,0,0,74,6,3,1,46,12,0
28,46,Collado Mediano,1-002-A,819,0,0,819,594,3,597,4,8,274,7,84,0,2,1,131,8,6,1,47,24,0
28,46,Collado Mediano,1-002-B,770,0,0,770,543,3,546,9,1,269,2,86,0,0,0,94,3,5,0,39,35,3
28,46,Collado Mediano,1-003-A,775,0,0,775,587,1,588,8,3,276,4,86,0,1,1,121,6,4,0,35,42,1
28,46,Collado Mediano,1-003-B,738,0,0,738,560,1,561,6,1,250,13,71,0,1,0,116,8,6,0,35,52,2
28,46,Collado Mediano,1-004-U,922,0,0,922,700,1,701,12,2,361,3,111,1,0,1,111,13,11,0,47,28,0
28,47,Collado Villalba,1-001-A,733,0,0,733,487,0,487,11,7,216,0,102,0,0,0,76,9,3,2,35,26,0
28,47,Collado Villalba,1-001-B,803,0,0,803,546,0,546,6,7,256,0,116,0,1,1,79,8,6,1,40,25,0
28,47,Collado Villalba,1-002-U,573,0,0,573,331,0,331,4,3,130,1,95,0,0,0,49,4,4,1,28,8,4
28,47,Collado Villalba,1-003-A,833,0,0,833,548,0,548,12,3,290,1,70,2,1,1,100,9,1,0,39,19,0
28,47,Collado Villalba,1-003-B,848,0,0,848,587,0,587,10,6,296,1,88,0,1,0,100,12,4,0,46,22,1
28,47,Collado Villalba,1-004-U,812,0,0,812,524,0,524,3,13,212,5,116,1,0,0,92,10,7,0,36,29,0
28,47,Collado Villalba,1-005-A,631,0,0,631,368,0,368,2,2,171,0,80,0,0,0,69,6,5,0,21,11,1
28,47,Collado Villalba,1-005-B,738,0,0,738,465,0,465,6,3,213,2,96,0,0,1,79,4,5,1,42,12,1
28,47,Collado Villalba,1-005-C,721,0,0,721,462,0,462,6,8,222,2,104,0,0,1,69,4,3,0,26,16,1
28,47,Collado Villalba,1-006-A,514,0,0,514,298,0,298,1,3,108,1,129,0,0,0,26,2,4,0,18,5,1
28,47,Collado Villalba,1-006-B,537,0,0,537,308,0,308,5,2,118,2,103,0,0,1,40,1,1,0,24,9,2
28,47,Collado Villalba,1-007-A,799,0,0,799,524,0,524,4,2,220,3,102,1,0,0,103,11,2,1,47,28,0
28,47,Collado Villalba,1-007-B,883,0,0,883,565,0,565,7,1,234,2,103,0,1,1,132,6,9,0,38,30,1
28,47,Collado Villalba,1-008-A,579,0,0,579,409,0,409,6,4,172,1,75,0,1,1,69,11,6,1,35,26,1
28,47,Collado Villalba,1-008-B,619,0,0,619,421,0,421,7,5,188,0,69,1,0,1,80,11,1,0,38,19,1
28,47,Collado Villalba,1-009-A,655,0,0,655,438,0,438,5,4,200,1,80,0,2,0,84,3,5,0,35,18,1
28,47,Collado Villalba,1-009-B,650,0,0,650,416,0,416,5,0,202,0,91,0,1,0,68,6,7,0,26,9,1
28,47,Collado Villalba,1-010-A,495,0,0,495,316,0,316,5,2,145,3,81,0,0,1,39,3,4,0,26,6,1
28,47,Collado Villalba,1-010-B,499,0,0,499,303,0,303,1,6,142,0,62,1,0,0,49,5,3,0,18,15,1
28,47,Collado Villalba,1-011-A,588,0,0,588,374,0,374,1,3,184,2,75,0,0,0,46,4,3,0,35,19,2
28,47,Collado Villalba,1-011-B,649,0,0,649,416,0,416,8,5,198,0,78,0,1,2,60,3,4,0,30,26,1
28,47,Collado Villalba,1-012-A,526,0,0,526,315,0,315,1,1,113,0,107,0,1,0,53,3,5,2,19,10,0
28,47,Collado Villalba,1-012-B,547,0,0,547,316,0,316,1,3,143,1,82,1,2,0,39,1,2,1,34,5,1
28,47,Collado Villalba,1-013-A,904,0,0,904,527,0,527,4,3,252,1,114,1,1,0,73,14,5,1,39,17,2
28,47,Collado Villalba,1-013-B,889,0,0,889,561,0,561,10,6,290,1,114,1,0,1,72,3,1,1,34,26,1
28,47,Collado Villalba,1-014-A,817,0,0,817,498,0,498,5,2,209,0,85,1,0,1,106,7,7,1,51,22,1
28,47,Collado Villalba,1-014-B,758,0,0,758,469,0,469,3,2,189,3,93,0,0,0,92,6,8,1,44,24,4
28,47,Collado Villalba,1-015-U,918,0,0,918,511,0,511,2,10,211,1,137,0,0,0,72,9,2,2,42,21,2
28,47,Collado Villalba,1-016-A,589,0,0,589,403,0,403,3,8,176,2,72,0,0,0,79,6,8,0,30,18,1
28,47,Collado Villalba,1-016-B,625,0,0,625,392,0,392,2,7,156,0,88,0,1,0,71,8,2,0,41,16,0
28,47,Collado Villalba,1-017-A,622,0,0,622,433,0,433,4,5,206,2,81,0,3,1,70,10,4,0,28,18,1
28,47,Collado Villalba,1-017-B,687,0,0,687,496,0,496,6,8,250,2,81,0,2,0,85,17,6,0,32,7,0
28,47,Collado Villalba,1-018-A,773,0,0,773,512,0,512,7,2,230,1,77,0,0,2,104,4,3,0,70,12,0
28,47,Collado Villalba,1-018-B,867,0,0,867,568,0,568,9,6,267,4,97,0,0,1,96,9,4,0,48,25,2
28,47,Collado Villalba,1-019-A,775,0,0,775,554,0,554,7,10,285,0,75,0,0,0,102,12,5,1,32,24,1
28,47,Collado Villalba,1-019-B,811,0,0,811,599,0,599,9,4,289,3,102,0,0,1,118,5,4,2,39,23,0
28,47,Collado Villalba,1-020-A,815,0,0,815,615,0,615,8,8,298,1,103,0,2,0,105,10,4,0,52,21,3
28,47,Collado Villalba,1-020-B,885,0,0,885,650,0,650,8,8,322,2,120,0,0,0,96,15,3,1,40,31,4
28,47,Collado Villalba,1-021-A,692,0,0,692,441,0,441,3,2,199,3,73,1,0,0,95,7,3,0,26,29,0
28,47,Collado Villalba,1-021-B,749,0,0,749,502,0,502,3,7,198,1,97,0,1,0,93,5,6,2,46,40,3
28,47,Collado Villalba,1-022-A,787,0,0,787,564,0,564,7,10,209,2,117,0,0,0,110,19,8,1,49,30,2
28,47,Collado Villalba,1-022-B,716,0,0,716,472,0,472,3,3,177,3,89,0,0,0,120,8,8,0,41,19,1
28,47,Collado Villalba,1-023-U,916,0,0,916,636,0,636,5,5,238,2,125,1,0,0,152,9,7,0,54,38,0
28,47,Collado Villalba,1-024-A,640,0,0,640,455,0,455,2,2,188,3,98,1,0,0,101,5,2,0,29,23,1
28,47,Collado Villalba,1-024-B,660,0,0,660,468,0,468,4,9,175,1,68,0,0,1,121,6,9,1,41,30,2
28,47,Collado Villalba,1-025-A,816,0,0,816,566,0,566,8,11,233,3,85,0,0,0,133,11,9,0,45,27,1
28,47,Collado Villalba,1-025-B,808,0,0,808,554,0,554,4,10,251,3,91,1,0,3,112,8,3,1,31,34,2
28,47,Collado Villalba,1-026-A,883,0,0,883,605,0,605,10,4,306,2,93,0,0,1,117,7,3,0,42,19,1
28,47,Collado Villalba,1-026-B,922,0,0,922,654,0,654,8,11,327,1,100,1,1,2,105,8,7,1,49,33,0
28,47,Collado Villalba,1-027-A,693,0,0,693,522,0,522,9,8,224,3,84,0,1,0,106,8,0,0,44,35,0
28,47,Collado Villalba,1-027-B,638,0,0,638,486,0,486,5,2,235,0,84,0,0,0,74,10,4,0,37,35,0
28,47,Collado Villalba,1-028-A,742,0,0,742,521,0,521,4,5,241,1,100,0,0,2,95,8,5,0,33,26,1
28,47,Collado Villalba,1-028-B,766,0,0,766,539,0,539,2,5,254,4,93,0,0,2,102,7,9,0,38,22,1
28,47,Collado Villalba,1-029-A,499,0,0,499,315,0,315,1,2,115,0,67,0,0,1,61,4,7,0,41,15,1
28,47,Collado Villalba,1-029-B,561,0,0,561,345,0,345,0,2,129,0,80,0,1,1,59,6,8,0,44,14,1
28,47,Collado Villalba,1-030-A,640,0,0,640,359,0,359,3,7,125,6,95,0,0,1,66,6,6,0,35,9,0
28,47,Collado Villalba,1-030-B,634,0,0,634,345,0,345,4,7,159,1,71,0,0,0,56,2,2,0,27,16,0
28,47,Collado Villalba,1-031-A,673,0,0,673,495,0,495,2,5,270,1,60,0,0,0,73,12,1,0,51,20,0
28,47,Collado Villalba,1-031-B,644,0,0,644,474,0,474,9,1,260,1,59,0,0,0,63,6,5,1,56,11,2
28,47,Collado Villalba,1-032-A,720,0,0,720,398,0,398,10,4,181,2,84,0,0,1,57,6,0,0,34,17,2
28,47,Collado Villalba,1-032-B,747,0,0,747,404,0,404,3,5,162,1,104,0,1,0,66,3,0,1,39,18,1
28,47,Collado Villalba,1-033-A,509,0,0,509,344,0,344,2,3,147,0,74,0,0,3,65,4,2,0,25,17,2
28,47,Collado Villalba,1-033-B,543,0,0,543,375,0,375,1,8,160,0,78,0,0,0,74,3,2,0,31,17,1
28,48,Corpa,1-001-U,570,0,0,570,471,0,471,4,9,193,0,99,0,0,1,102,1,5,1,26,30,0
28,49,Coslada,1-002-A,519,0,0,519,384,0,384,5,8,145,1,91,0,0,0,87,2,3,0,17,24,1
28,49,Coslada,1-002-B,530,0,0,530,368,0,368,3,3,136,0,69,0,0,0,102,2,3,0,25,25,0
28,49,Coslada,1-003-U,696,0,0,696,462,1,463,3,4,200,1,93,0,0,0,96,4,8,0,26,27,1
28,49,Coslada,1-004-A,733,0,0,733,517,0,517,5,8,209,1,88,1,2,2,130,4,8,1,29,28,1
28,49,Coslada,1-004-B,677,0,0,677,494,0,494,4,15,195,0,108,0,1,3,96,5,7,0,36,23,1
28,49,Coslada,1-005-A,660,0,0,660,447,0,447,13,4,153,1,115,0,0,1,89,9,4,0,34,23,1
28,49,Coslada,1-005-B,690,0,0,690,505,0,505,6,0,206,1,102,0,1,0,117,1,5,1,37,27,1
28,49,Coslada,1-006-A,519,0,0,519,357,0,357,2,6,125,1,95,0,0,0,69,4,0,0,27,25,3
28,49,Coslada,1-006-B,537,0,0,537,381,0,381,2,7,133,0,98,0,1,2,82,4,1,1,26,24,0
28,49,Coslada,1-007-A,729,0,0,729,552,0,552,9,5,201,0,117,1,2,0,114,8,2,0,57,36,0
28,49,Coslada,1-007-B,800,0,0,800,573,0,573,6,6,266,2,112,0,0,3,106,10,0,0,32,29,1
28,49,Coslada,1-008-U,636,0,0,636,424,1,425,8,3,143,0,98,0,0,1,92,10,0,0,35,32,3
28,49,Coslada,1-009-U,642,0,0,642,408,1,409,1,2,173,0,92,0,0,0,81,4,1,0,42,13,0
28,49,Coslada,1-010-U,732,0,0,732,488,1,489,8,7,191,1,136,0,1,2,71,8,7,0,29,28,0
28,49,Coslada,1-013-U,846,0,0,846,561,0,561,4,7,197,1,175,0,0,2,89,5,5,0,41,34,1
28,49,Coslada,1-014-A,592,0,0,592,402,1,403,4,5,152,3,92,0,0,1,93,4,3,1,19,26,0
28,49,Coslada,1-014-B,522,0,0,522,342,0,342,1,0,123,1,96,0,0,1,64,1,3,0,20,32,0
28,49,Coslada,1-015-U,788,0,0,788,537,1,538,0,1,210,0,123,1,0,0,115,9,6,0,33,40,0
28,49,Coslada,1-016-U,661,0,0,661,465,1,466,8,4,216,0,86,1,0,1,95,6,2,0,27,20,0
28,49,Coslada,1-017-U,922,0,0,922,695,0,695,3,10,318,1,139,1,0,2,119,8,6,0,44,42,2
28,49,Coslada,1-018-A,518,0,0,518,403,1,404,6,5,235,0,47,0,0,0,72,4,0,0,21,14,0
28,49,Coslada,1-018-B,577,0,0,577,455,1,456,6,7,228,1,81,1,0,1,80,11,1,0,23,15,1
28,49,Coslada,1-019-A,534,0,0,534,427,1,428,3,7,173,0,81,0,1,0,106,16,5,2,21,13,0
28,49,Coslada,1-019-B,572,0,0,572,462,0,462,5,3,207,1,68,0,0,1,101,16,5,0,31,23,1
28,49,Coslada,1-020-U,946,0,0,946,737,0,737,17,10,283,2,126,0,2,0,177,16,4,1,40,57,2
28,49,Coslada,1-021-A,773,0,0,773,616,0,616,6,7,300,3,119,0,0,1,120,8,2,0,34,16,0
28,49,Coslada,1-021-B,833,0,0,833,667,0,667,11,3,309,1,112,0,0,0,137,12,2,0,58,22,0
28,49,Coslada,1-022-A,605,0,0,605,467,1,468,5,7,225,0,85,1,0,0,89,11,1,0,24,19,1
28,49,Coslada,1-022-B,573,0,0,573,453,0,453,7,5,204,3,74,0,2,0,88,12,2,0,34,22,0
28,49,Coslada,1-023-A,586,0,0,586,471,1,472,6,5,141,0,72,0,0,1,156,20,8,0,25,38,0
28,49,Coslada,1-023-B,586,0,0,586,467,0,467,13,4,158,1,84,1,0,2,141,9,2,0,29,23,0
28,49,Coslada,1-024-A,785,0,0,785,632,1,633,7,7,279,0,85,0,0,1,156,15,6,0,39,38,0
28,49,Coslada,1-024-B,807,0,0,807,630,0,630,6,8,276,1,96,0,1,0,125,23,9,0,42,42,1
28,49,Coslada,2-001-A,683,0,0,683,545,1,546,8,7,231,1,103,0,2,0,118,8,6,0,36,25,1
28,49,Coslada,2-001-B,698,0,0,698,524,0,524,5,6,203,0,110,0,0,0,138,7,1,1,25,28,0
28,49,Coslada,2-002-U,804,0,0,804,566,0,566,9,8,192,0,154,0,0,1,127,5,3,0,36,30,1
28,49,Coslada,2-003-U,739,0,0,739,506,0,506,7,4,174,0,161,0,0,0,95,6,2,0,25,32,0
28,49,Coslada,2-004-A,527,0,0,527,387,0,387,4,2,128,0,106,0,0,1,91,1,2,1,25,26,0
28,49,Coslada,2-004-B,568,0,0,568,422,0,422,3,4,146,0,102,0,0,1,102,3,0,0,30,31,0
28,49,Coslada,2-005-A,819,0,0,819,611,0,611,6,8,246,1,119,0,0,1,136,9,6,0,40,39,0
28,49,Coslada,2-005-B,734,0,0,734,566,0,566,5,7,223,0,121,0,2,0,113,7,5,1,39,43,0
28,49,Coslada,2-006-A,855,0,0,855,592,0,592,8,9,234,2,115,0,0,3,136,16,4,0,32,32,1
28,49,Coslada,2-006-B,855,0,0,855,614,1,615,4,3,258,2,146,0,0,1,128,5,8,0,37,23,0
28,49,Coslada,2-008-A,658,0,0,658,425,0,425,1,4,156,2,108,0,0,0,73,2,6,0,33,39,1
28,49,Coslada,2-008-B,686,0,0,686,437,0,437,0,3,148,3,137,0,0,3,67,3,11,0,34,28,0
28,49,Coslada,2-009-U,617,0,0,617,393,0,393,4,5,142,0,97,0,0,2,74,7,4,0,40,18,0
28,49,Coslada,2-010-U,732,0,0,732,478,0,478,4,5,145,1,131,0,0,2,113,6,9,2,44,15,1
28,49,Coslada,2-011-U,714,0,0,714,478,0,478,1,12,166,2,123,0,1,0,104,8,4,0,34,21,2
28,49,Coslada,2-012-A,668,0,0,668,437,0,437,6,4,142,3,112,0,0,1,84,6,4,0,42,31,2
28,49,Coslada,2-012-B,649,0,0,649,435,0,435,7,4,141,1,120,0,0,3,90,10,3,0,39,16,1
28,49,Coslada,2-014-A,503,0,0,503,333,0,333,2,2,113,0,96,0,0,0,70,2,2,3,24,18,1
28,49,Coslada,2-014-B,548,0,0,548,380,0,380,5,8,157,0,82,0,2,1,74,3,5,0,25,18,0
28,49,Coslada,2-015-A,686,0,0,686,500,0,500,8,9,173,0,126,0,1,2,115,15,2,0,21,28,0
28,49,Coslada,2-015-B,749,0,0,749,532,0,532,3,10,172,1,132,0,1,0,132,10,5,0,36,30,0
28,49,Coslada,2-016-A,851,0,0,851,552,0,552,3,7,183,0,147,0,1,0,109,14,8,0,51,29,0
28,49,Coslada,2-016-B,935,0,0,935,551,0,551,1,5,185,4,143,0,0,1,120,4,8,0,45,32,3
28,49,Coslada,2-017-U,853,0,0,853,659,0,659,6,6,262,1,167,0,1,2,131,12,3,1,36,30,1
28,49,Coslada,2-018-U,892,0,0,892,689,0,689,5,2,350,1,127,0,0,0,96,9,6,0,47,45,1
28,49,Coslada,2-019-A,555,0,0,555,447,0,447,4,0,186,0,59,0,0,1,106,15,3,0,26,47,0
28,49,Coslada,2-019-B,602,0,0,602,478,1,479,3,1,211,1,91,1,1,1,86,9,3,0,35,36,0
28,49,Coslada,2-020-A,624,0,0,624,496,0,496,1,2,236,0,113,0,0,0,80,14,2,0,28,20,0
28,49,Coslada,2-020-B,571,0,0,571,447,0,447,3,2,220,0,97,0,1,1,65,11,5,0,22,19,1
28,49,Coslada,2-021-U,873,0,0,873,628,1,629,0,3,221,2,150,0,0,1,163,4,1,0,34,49,1
28,49,Coslada,3-001-A,573,0,0,573,421,0,421,4,5,179,0,98,0,1,1,93,6,3,1,12,17,1
28,49,Coslada,3-001-B,623,0,0,623,447,0,447,5,2,181,0,114,0,0,2,90,2,5,0,16,30,0
28,49,Coslada,3-002-A,499,0,0,499,354,0,354,3,3,149,4,79,0,0,0,73,3,4,0,18,18,0
28,49,Coslada,3-002-B,578,0,0,578,408,0,408,8,3,149,2,89,0,0,3,96,4,3,1,17,33,0
28,49,Coslada,3-003-A,636,0,0,636,488,0,488,2,4,188,3,112,0,0,0,107,3,3,0,39,27,0
28,49,Coslada,3-003-B,702,0,0,702,529,0,529,3,5,209,1,130,0,0,1,119,4,5,0,23,28,1
28,49,Coslada,3-004-A,756,0,0,756,577,0,577,9,4,249,0,128,0,1,1,118,6,3,0,38,20,0
28,49,Coslada,3-004-B,842,0,0,842,621,0,621,8,7,233,0,150,0,0,2,123,11,4,0,52,31,0
28,49,Coslada,3-005-A,685,0,0,685,493,0,493,3,4,200,3,107,0,1,0,113,12,8,0,20,22,0
28,49,Coslada,3-005-B,773,0,0,773,589,0,589,6,5,221,1,136,3,2,1,152,5,2,0,36,18,1
28,49,Coslada,3-006-A,670,0,0,670,496,0,496,6,4,188,1,101,0,0,2,127,5,3,0,33,25,1
28,49,Coslada,3-006-B,706,0,0,706,519,0,519,13,8,196,1,117,0,2,0,106,3,7,1,36,29,0
28,49,Coslada,3-007-A,591,0,0,591,458,1,459,2,5,185,1,88,0,0,0,108,4,4,0,22,39,1
28,49,Coslada,3-007-B,559,0,0,559,418,1,419,3,6,164,0,85,0,0,0,84,7,7,0,35,27,1
28,49,Coslada,3-008-U,667,0,0,667,431,0,431,0,7,135,0,126,0,0,0,90,9,2,0,35,27,0
28,49,Coslada,3-009-A,582,0,0,582,330,0,330,2,4,100,1,87,1,1,1,85,6,6,0,14,22,0
28,49,Coslada,3-009-B,547,0,0,547,319,0,319,5,2,100,3,80,0,1,2,68,6,0,0,36,15,1
28,49,Coslada,4-002-A,674,0,0,674,457,0,457,8,7,191,0,78,0,0,0,113,7,4,0,31,18,0
28,49,Coslada,4-002-B,651,0,0,651,349,0,349,9,8,110,0,89,0,2,1,60,9,2,1,39,18,1
28,49,Coslada,4-002-C,710,0,0,710,392,0,392,4,7,114,0,126,0,1,1,50,3,7,0,46,32,1
28,50,Cubas de la Sagra,1-001-A,592,0,0,592,412,0,412,4,5,214,0,62,0,0,0,44,1,3,0,73,6,0
28,50,Cubas de la Sagra,1-001-B,649,0,0,649,449,1,450,4,5,270,0,68,0,0,0,34,0,2,2,54,10,1
28,50,Cubas de la Sagra,1-002-A,947,0,0,947,673,1,674,7,8,351,0,90,1,0,0,114,5,3,1,64,30,0
28,50,Cubas de la Sagra,1-002-B,868,0,0,868,621,1,622,5,17,298,1,93,1,0,1,98,3,3,1,81,19,1
28,50,Cubas de la Sagra,1-003-A,907,0,0,907,686,1,687,12,2,401,0,83,0,0,1,98,1,9,0,62,18,0
28,50,Cubas de la Sagra,1-003-B,814,0,0,814,581,0,581,7,8,325,2,83,0,1,0,76,9,3,0,54,13,0
28,51,Chapinería,1-001-A,939,0,0,939,720,1,721,10,3,338,3,112,0,0,2,132,13,0,1,63,44,0
28,51,Chapinería,1-001-B,863,0,0,863,635,4,639,8,10,293,2,101,0,2,1,122,6,5,1,54,32,2
28,52,Chinchón,1-001-A,777,0,0,777,537,2,539,8,14,266,0,83,0,0,0,61,2,6,0,87,12,0
28,52,Chinchón,1-001-B,739,0,0,739,513,1,514,6,6,260,3,63,0,1,0,67,2,2,2,86,13,3
28,52,Chinchón,1-002-A,859,0,0,859,541,5,546,3,12,248,1,98,2,1,1,71,4,3,0,78,24,0
28,52,Chinchón,1-002-B,861,0,0,861,582,1,583,9,10,272,2,100,0,0,0,78,5,4,2,84,16,1
28,52,Chinchón,1-003-U,906,0,0,906,607,1,608,9,20,268,1,125,0,0,0,68,1,3,0,108,5,0
28,53,Daganzo de Arriba,1-001-A,727,0,0,727,542,1,543,0,6,284,0,103,0,0,0,61,8,5,1,63,12,0
28,53,Daganzo de Arriba,1-001-B,680,0,0,680,493,1,494,6,11,234,0,103,0,0,0,51,4,5,0,52,28,0
28,53,Daganzo de Arriba,1-002-A,538,0,0,538,392,2,394,7,3,190,0,67,0,0,0,74,1,4,1,26,21,0
28,53,Daganzo de Arriba,1-002-B,676,0,0,676,517,0,517,10,7,248,1,72,0,0,2,97,13,1,1,43,22,0
28,53,Daganzo de Arriba,1-002-C,654,0,0,654,476,0,476,10,5,239,1,75,0,0,0,87,7,3,1,29,19,0
28,53,Daganzo de Arriba,1-003-A,691,0,0,691,512,1,513,6,3,283,0,58,1,0,0,96,6,3,1,40,16,0
28,53,Daganzo de Arriba,1-003-B,793,0,0,793,588,1,589,4,3,314,1,93,0,1,1,84,6,10,0,53,18,1
28,53,Daganzo de Arriba,1-003-C,750,0,0,750,569,2,571,8,4,283,0,78,0,0,0,125,14,2,1,39,17,0
28,53,Daganzo de Arriba,1-004-A,563,0,0,563,435,1,436,3,9,210,0,81,0,0,0,63,9,3,0,32,26,0
28,53,Daganzo de Arriba,1-004-B,780,0,0,780,609,2,611,7,4,280,1,106,0,1,0,110,13,7,1,50,31,0
28,53,Daganzo de Arriba,1-004-C,634,0,0,634,503,2,505,4,6,235,2,85,0,0,0,92,9,3,0,48,21,0
28,54,El Escorial,1-001-A,842,0,0,842,581,1,582,6,9,264,0,150,0,0,0,76,2,4,0,38,31,2
28,54,El Escorial,1-001-B,863,0,0,863,583,1,584,9,11,248,2,150,0,1,3,89,3,7,2,32,25,2
28,54,El Escorial,1-002-A,542,0,0,542,348,1,349,5,6,139,0,95,0,0,0,73,1,2,0,18,9,1
28,54,El Escorial,1-002-B,694,0,0,694,485,1,486,4,11,245,0,97,0,0,1,75,3,0,0,30,20,0
28,54,El Escorial,1-002-C,699,0,0,699,495,1,496,5,4,244,0,114,0,1,1,80,2,4,0,28,11,2
28,54,El Escorial,1-003-A,698,0,0,698,493,0,493,5,4,257,0,56,0,0,2,76,5,1,1,63,22,1
28,54,El Escorial,1-003-B,736,0,0,736,537,1,538,8,8,266,1,62,0,1,0,112,6,6,1,54,12,1
28,54,El Escorial,1-004-A,769,0,0,769,535,1,536,7,8,278,0,43,1,1,0,90,7,6,3,66,25,1
28,54,El Escorial,1-004-B,828,0,0,828,579,1,580,9,6,304,2,61,0,0,0,89,11,8,0,63,26,1
28,54,El Escorial,2-001-A,626,0,0,626,452,1,453,6,8,211,0,76,1,0,2,51,4,3,1,52,38,0
28,54,El Escorial,2-001-B,655,0,0,655,472,1,473,2,3,237,1,77,0,0,1,66,5,3,0,44,33,1
28,54,El Escorial,2-002-A,632,0,0,632,453,0,453,9,5,231,0,66,1,0,0,73,6,4,0,40,17,1
28,54,El Escorial,2-002-B,654,0,0,654,472,0,472,3,8,229,2,80,0,2,1,74,6,1,0,33,32,1
28,54,El Escorial,2-003-A,588,0,0,588,458,0,458,1,2,263,1,52,1,0,1,67,9,1,0,45,15,0
28,54,El Escorial,2-003-B,577,0,0,577,440,2,442,3,4,248,2,55,0,0,2,65,10,4,1,23,25,0
28,54,El Escorial,2-004-A,673,0,0,673,468,1,469,7,9,216,1,57,1,0,1,75,2,3,0,60,36,1
28,54,El Escorial,2-004-B,659,0,0,659,449,1,450,1,8,214,1,57,0,0,0,79,6,10,1,47,24,2
28,54,El Escorial,2-005-U,867,0,0,867,642,1,643,6,10,273,1,124,0,3,1,105,5,0,0,84,31,0
28,55,Estremera,1-001-U,1.024,0,0,1.024,705,0,705,8,16,324,0,226,0,0,0,50,0,4,4,64,4,5
28,56,Fresnedillas de la Oliva,1-001-A,547,0,0,547,409,2,411,1,4,174,0,55,1,2,0,120,1,7,0,19,26,1
28,56,Fresnedillas de la Oliva,1-001-B,525,0,0,525,400,1,401,4,6,155,0,56,1,0,0,110,4,5,1,23,36,0
28,57,Fresno de Torote,1-001-A,905,0,0,905,646,1,647,5,12,318,2,93,0,0,1,91,12,11,0,73,29,0
28,57,Fresno de Torote,1-001-B,873,0,0,873,533,1,534,5,4,218,1,101,0,1,1,95,12,9,0,74,12,1
28,58,Fuenlabrada,1-002-A,545,0,0,545,374,0,374,5,6,124,1,129,0,0,0,54,1,6,0,25,23,0
28,58,Fuenlabrada,1-002-B,514,0,0,514,319,0,319,3,3,97,1,95,1,0,4,51,2,8,0,32,22,0
28,58,Fuenlabrada,1-003-U,793,0,0,793,495,0,495,3,2,159,0,164,1,1,0,87,8,5,0,45,20,0
28,58,Fuenlabrada,1-004-A,813,0,0,813,564,0,564,4,8,195,2,164,0,0,2,109,5,3,0,54,17,1
28,58,Fuenlabrada,1-004-B,897,0,0,897,594,1,595,8,4,208,2,193,1,0,1,87,6,2,1,52,29,1
28,58,Fuenlabrada,1-005-U,977,0,0,977,649,0,649,8,7,240,1,222,1,1,0,93,9,7,0,45,15,0
28,58,Fuenlabrada,1-006-U,736,0,0,736,450,0,450,7,7,155,0,131,1,0,0,86,3,17,0,28,13,2
28,58,Fuenlabrada,1-007-U,677,0,0,677,432,0,432,4,10,116,2,154,0,1,0,73,5,4,0,47,16,0
28,58,Fuenlabrada,2-001-A,501,0,0,501,348,0,348,0,3,144,0,98,0,0,1,48,2,3,0,28,20,1
28,58,Fuenlabrada,2-001-B,495,0,0,495,336,0,336,2,6,136,1,86,0,0,1,60,0,3,2,24,13,2
28,58,Fuenlabrada,2-002-A,629,1,0,630,429,1,430,3,5,169,1,114,0,1,1,67,6,3,0,43,17,0
28,58,Fuenlabrada,2-002-B,660,0,0,660,457,0,457,5,10,170,1,146,0,1,0,59,6,1,2,39,17,0
28,58,Fuenlabrada,2-003-A,491,0,0,491,297,0,297,3,3,98,0,86,1,1,1,57,6,5,0,20,14,2
28,58,Fuenlabrada,2-003-B,545,0,0,545,343,0,343,5,5,125,0,97,0,0,0,54,5,0,1,32,18,1
28,58,Fuenlabrada,2-004-A,501,0,0,501,378,0,378,6,3,157,0,89,0,0,1,62,3,6,0,33,17,1
28,58,Fuenlabrada,2-004-B,506,0,0,506,362,0,362,3,5,144,1,79,0,0,0,88,1,3,0,27,10,1
28,58,Fuenlabrada,2-005-U,847,0,0,847,586,0,586,10,2,181,0,271,0,1,0,69,5,4,0,26,16,1
28,58,Fuenlabrada,2-006-A,476,0,0,476,306,0,306,3,2,94,1,120,0,0,1,37,4,6,0,24,14,0
28,58,Fuenlabrada,2-006-B,518,0,0,518,360,0,360,1,3,112,1,147,0,0,1,57,3,4,0,21,10,0
28,58,Fuenlabrada,2-007-U,632,0,0,632,395,0,395,0,3,160,1,102,1,0,1,52,6,11,0,43,14,1
28,58,Fuenlabrada,2-008-U,777,0,0,777,483,0,483,5,6,181,0,150,1,1,1,60,2,7,0,39,30,0
28,58,Fuenlabrada,2-009-A,673,0,0,673,476,0,476,6,5,177,0,155,1,0,1,70,1,5,0,24,31,0
28,58,Fuenlabrada,2-009-B,719,0,0,719,494,0,494,2,8,186,0,159,0,0,2,78,2,5,0,31,20,1
28,58,Fuenlabrada,2-010-U,929,0,0,929,641,0,641,2,4,259,0,166,0,0,1,115,2,7,0,58,27,0
28,58,Fuenlabrada,2-011-A,587,0,0,587,396,0,396,5,7,152,0,100,1,0,0,66,3,4,0,35,23,0
28,58,Fuenlabrada,2-011-B,582,0,0,582,412,0,412,5,5,154,1,107,0,0,1,68,6,4,0,41,20,0
28,58,Fuenlabrada,2-012-A,622,0,0,622,396,0,396,4,3,157,1,126,1,0,0,61,5,2,0,21,14,1
28,58,Fuenlabrada,2-012-B,640,0,0,640,424,0,424,4,5,167,0,131,0,0,3,68,0,2,0,35,8,1
28,58,Fuenlabrada,2-013-U,714,0,0,714,491,0,491,12,3,211,0,120,0,1,1,80,1,5,0,38,18,1
28,58,Fuenlabrada,2-014-U,787,1,0,788,573,1,574,8,3,219,0,166,0,0,0,91,6,5,0,46,29,1
28,58,Fuenlabrada,2-015-U,580,0,0,580,406,0,406,8,7,178,0,97,0,0,0,61,2,1,2,33,16,1
28,58,Fuenlabrada,2-016-U,613,0,0,613,414,0,414,1,11,140,0,146,0,0,2,59,4,2,0,32,14,3
28,58,Fuenlabrada,2-017-U,643,0,0,643,443,0,443,5,6,137,1,150,1,0,0,63,6,6,0,38,28,2
28,58,Fuenlabrada,3-001-U,879,0,0,879,533,0,533,6,1,169,1,161,1,2,0,129,4,4,1,42,11,1
28,58,Fuenlabrada,3-002-A,520,0,0,520,382,1,383,4,4,128,1,144,1,0,0,49,6,0,0,34,11,1
28,58,Fuenlabrada,3-002-B,504,0,0,504,370,0,370,3,2,118,1,135,0,0,0,47,3,3,1,45,12,0
28,58,Fuenlabrada,3-003-A,556,0,0,556,336,0,336,2,2,124,1,124,0,1,1,43,3,1,0,23,10,1
28,58,Fuenlabrada,3-003-B,550,0,0,550,355,0,355,2,5,129,2,106,0,0,0,60,3,6,0,34,8,0
28,58,Fuenlabrada,3-004-A,661,0,0,661,426,0,426,2,0,183,0,134,0,1,1,58,0,2,0,36,9,0
28,58,Fuenlabrada,3-004-B,587,0,0,587,369,1,370,1,3,163,0,115,1,1,0,43,1,3,0,31,8,0
28,58,Fuenlabrada,3-005-U,953,0,0,953,654,0,654,4,16,231,2,207,0,1,1,93,13,7,2,60,15,2
28,58,Fuenlabrada,3-006-U,889,0,0,889,568,0,568,12,10,172,3,225,0,0,0,74,7,5,0,37,22,1
28,58,Fuenlabrada,3-007-A,599,0,0,599,366,0,366,1,5,126,1,127,0,0,1,52,4,4,0,36,9,0
28,58,Fuenlabrada,3-007-B,597,0,0,597,380,0,380,1,4,137,0,125,0,0,3,54,0,3,1,39,13,0
28,58,Fuenlabrada,3-008-A,962,1,0,963,695,0,695,5,12,253,0,159,1,0,0,164,4,5,1,54,36,1
28,58,Fuenlabrada,3-008-B,878,0,0,878,645,0,645,16,16,237,1,149,0,0,0,144,7,6,1,45,23,0
28,58,Fuenlabrada,3-009-A,682,0,0,682,484,0,484,6,5,170,0,121,0,1,0,100,10,7,0,42,18,4
28,58,Fuenlabrada,3-009-B,691,0,0,691,477,0,477,11,8,158,2,130,1,1,0,103,5,1,0,25,31,1
28,58,Fuenlabrada,3-010-A,511,0,0,511,345,1,346,2,2,132,0,94,0,1,0,62,1,2,0,28,21,1
28,58,Fuenlabrada,3-010-B,474,0,0,474,326,0,326,2,2,131,2,100,0,0,0,52,2,2,0,19,14,0
28,58,Fuenlabrada,4-001-U,873,0,0,873,480,0,480,3,6,181,0,165,0,0,0,58,2,4,1,39,21,0
28,58,Fuenlabrada,4-002-U,951,0,0,951,610,0,610,4,1,247,0,153,0,3,0,79,14,4,0,76,27,2
28,58,Fuenlabrada,4-003-A,529,0,0,529,367,0,367,4,1,179,0,72,0,0,1,58,0,0,0,33,19,0
28,58,Fuenlabrada,4-003-B,569,0,0,569,385,0,385,4,3,203,0,80,0,0,1,38,2,4,2,38,10,0
28,58,Fuenlabrada,4-004-U,823,0,0,823,485,0,485,3,8,194,1,154,0,1,2,72,1,3,1,34,11,0
28,58,Fuenlabrada,4-005-A,696,0,0,696,441,1,442,6,8,159,0,129,0,0,0,69,5,7,0,40,17,2
28,58,Fuenlabrada,4-005-B,627,0,0,627,404,0,404,6,7,151,1,133,0,0,0,49,4,2,0,39,12,0
28,58,Fuenlabrada,4-006-A,684,0,0,684,453,0,453,9,8,165,0,137,0,0,1,69,4,3,0,38,19,0
28,58,Fuenlabrada,4-006-B,711,0,0,711,491,0,491,6,5,187,0,140,0,0,1,80,5,7,0,40,20,0
28,58,Fuenlabrada,4-007-A,844,0,0,844,607,0,607,11,7,231,0,137,1,0,0,133,7,8,0,47,22,3
28,58,Fuenlabrada,4-007-B,786,0,0,786,569,0,569,8,7,223,0,134,0,0,3,100,11,4,0,45,32,2
28,58,Fuenlabrada,4-008-A,896,0,0,896,627,0,627,9,8,213,3,164,1,1,0,120,6,8,0,57,34,3
28,58,Fuenlabrada,4-008-B,865,0,0,865,634,0,634,9,8,246,1,177,0,0,0,110,6,7,0,42,28,0
28,58,Fuenlabrada,4-009-A,547,0,0,547,378,1,379,1,5,113,0,147,2,4,0,71,5,4,0,18,9,0
28,58,Fuenlabrada,4-009-B,604,0,0,604,418,0,418,1,5,129,2,171,1,0,2,47,3,8,2,33,13,1
28,58,Fuenlabrada,4-010-A,514,0,0,514,345,0,345,3,6,115,0,110,1,0,0,55,3,4,1,32,15,0
28,58,Fuenlabrada,4-010-B,517,0,0,517,336,0,336,1,3,104,1,102,0,0,1,60,4,3,0,41,15,1
28,58,Fuenlabrada,4-011-U,777,0,0,777,522,0,522,5,14,169,1,176,0,0,0,74,0,3,0,51,26,3
28,58,Fuenlabrada,4-012-U,573,0,0,573,295,0,295,0,4,85,0,128,1,0,2,50,1,4,0,12,5,3
28,58,Fuenlabrada,4-013-A,570,0,0,570,395,0,395,5,10,119,0,126,0,1,0,69,2,4,0,40,17,2
28,58,Fuenlabrada,4-013-B,563,0,0,563,411,0,411,2,5,135,1,117,1,0,0,95,3,3,0,37,12,0
28,58,Fuenlabrada,4-014-A,710,0,0,710,494,0,494,1,10,193,0,125,2,0,1,93,11,0,3,39,16,0
28,58,Fuenlabrada,4-014-B,698,0,0,698,522,1,523,10,8,212,3,117,1,0,0,97,9,7,0,41,18,0
28,58,Fuenlabrada,4-015-A,844,0,0,844,569,2,571,12,7,196,2,183,0,0,0,85,7,4,0,40,35,0
28,58,Fuenlabrada,4-015-B,898,0,0,898,636,0,636,14,10,201,0,181,0,0,0,138,7,7,2,48,28,0
28,58,Fuenlabrada,4-016-A,498,0,0,498,360,0,360,6,3,121,1,90,0,0,0,82,4,7,0,30,15,1
28,58,Fuenlabrada,4-016-B,490,0,0,490,381,0,381,12,1,141,0,90,0,0,1,88,6,6,0,29,7,0
28,58,Fuenlabrada,5-001-A,575,0,0,575,401,0,401,7,5,153,0,110,0,0,2,65,8,1,0,36,12,2
28,58,Fuenlabrada,5-001-B,731,0,0,731,506,0,506,5,2,183,1,153,0,1,1,88,9,5,1,40,17,0
28,58,Fuenlabrada,5-001-C,634,0,0,634,438,0,438,5,2,177,0,132,0,1,1,65,5,4,0,30,15,1
28,58,Fuenlabrada,5-002-A,872,1,0,873,541,1,542,1,8,163,0,194,1,1,0,103,6,5,0,40,18,2
28,58,Fuenlabrada,5-002-B,765,0,0,765,468,0,468,7,3,148,2,146,0,0,1,89,5,9,1,29,24,4
28,58,Fuenlabrada,5-003-U,795,0,0,795,522,0,522,5,1,165,0,197,0,0,1,75,8,3,0,48,19,0
28,58,Fuenlabrada,5-004-U,841,0,0,841,610,0,610,9,1,240,3,161,0,1,0,127,7,2,0,46,11,2
28,58,Fuenlabrada,5-005-A,581,0,0,581,363,0,363,5,3,143,0,102,0,0,0,62,3,7,0,33,5,0
28,58,Fuenlabrada,5-005-B,557,0,0,557,356,0,356,4,4,95,0,126,0,0,0,58,1,7,1,46,13,1
28,58,Fuenlabrada,5-006-A,752,0,0,752,525,0,525,3,4,172,0,193,1,0,1,92,3,3,1,35,15,2
28,58,Fuenlabrada,5-006-B,827,0,0,827,530,0,530,3,7,170,0,157,1,1,1,108,1,5,1,43,31,1
28,58,Fuenlabrada,6-001-U,775,0,0,775,566,0,566,10,4,186,1,149,1,1,0,126,5,3,0,38,42,0
28,58,Fuenlabrada,6-002-A,530,0,0,530,344,0,344,2,3,116,0,82,0,0,1,107,0,4,0,18,10,1
28,58,Fuenlabrada,6-002-B,605,0,0,605,406,1,407,2,6,137,1,108,0,0,0,88,4,2,0,38,20,1
28,58,Fuenlabrada,6-003-A,813,0,0,813,557,1,558,7,13,182,0,156,0,1,0,106,7,5,0,56,25,0
28,58,Fuenlabrada,6-003-B,804,0,0,804,579,0,579,10,7,175,1,151,1,0,3,120,8,10,1,55,35,2
28,58,Fuenlabrada,6-004-A,794,0,0,794,544,0,544,5,15,187,0,127,0,0,0,120,10,7,0,51,22,0
28,58,Fuenlabrada,6-004-B,831,0,0,831,571,0,571,7,11,182,0,143,0,0,2,131,3,7,2,56,25,2
28,58,Fuenlabrada,6-005-A,854,0,0,854,568,0,568,5,6,195,1,179,0,0,2,100,1,7,0,40,31,1
28,58,Fuenlabrada,6-005-B,775,0,0,775,530,0,530,5,14,149,0,170,0,0,0,122,5,6,0,37,22,0
28,58,Fuenlabrada,6-006-A,717,0,0,717,502,0,502,5,8,179,0,158,0,0,0,84,3,2,0,45,14,4
28,58,Fuenlabrada,6-006-B,647,0,0,647,432,0,432,5,4,153,2,117,0,0,2,69,4,9,0,48,18,1
28,58,Fuenlabrada,6-007-A,659,0,0,659,426,0,426,5,8,124,2,149,1,1,1,73,7,3,0,33,19,0
28,58,Fuenlabrada,6-007-B,609,0,0,609,410,0,410,7,6,145,0,104,1,0,1,77,2,7,0,44,15,1
28,58,Fuenlabrada,6-008-A,720,0,0,720,509,0,509,6,9,179,0,136,0,0,0,99,3,5,0,51,20,1
28,58,Fuenlabrada,6-008-B,712,0,0,712,511,0,511,5,4,177,0,158,1,0,0,103,3,5,0,27,28,0
28,58,Fuenlabrada,6-009-A,737,0,0,737,511,1,512,5,8,173,2,133,0,0,2,111,8,6,0,42,21,1
28,58,Fuenlabrada,6-009-B,759,0,0,759,513,1,514,4,10,173,0,141,0,0,0,88,3,10,1,59,24,1
28,58,Fuenlabrada,6-010-A,635,0,0,635,426,0,426,5,3,136,0,135,1,0,0,83,6,4,1,38,14,0
28,58,Fuenlabrada,6-010-B,640,0,0,640,440,0,440,9,3,146,0,122,0,0,2,86,4,2,2,35,27,2
28,58,Fuenlabrada,6-011-A,592,0,0,592,387,0,387,5,9,128,1,87,0,1,0,72,4,2,0,53,25,0
28,58,Fuenlabrada,6-011-B,633,0,0,633,387,0,387,4,3,158,0,92,1,0,0,72,4,3,0,30,19,1
28,58,Fuenlabrada,6-012-A,609,0,0,609,397,1,398,5,2,109,1,150,0,1,3,74,3,4,1,33,12,0
28,58,Fuenlabrada,6-012-B,536,0,0,536,375,0,375,7,8,137,2,113,0,0,2,66,2,6,2,15,14,1
28,58,Fuenlabrada,6-013-A,757,0,0,757,522,0,522,9,11,206,1,128,1,0,0,93,9,6,2,45,10,1
28,58,Fuenlabrada,6-013-B,799,0,0,799,475,0,475,0,5,194,0,115,0,0,0,80,4,3,0,50,22,2
28,58,Fuenlabrada,6-014-A,884,0,0,884,647,0,647,7,9,212,0,152,0,0,5,170,11,7,0,39,33,2
28,58,Fuenlabrada,6-014-B,912,0,0,912,658,0,658,9,12,222,0,169,0,1,1,152,9,7,2,34,39,1
28,58,Fuenlabrada,6-015-A,753,0,0,753,522,0,522,6,5,178,1,142,0,0,1,109,5,5,0,44,25,1
28,58,Fuenlabrada,6-015-B,719,0,0,719,498,0,498,6,3,154,0,155,1,0,0,102,3,2,0,48,20,4
28,58,Fuenlabrada,6-016-A,695,0,0,695,528,1,529,6,9,176,0,136,0,0,1,127,12,8,0,36,18,0
28,58,Fuenlabrada,6-016-B,805,0,0,805,573,0,573,5,3,194,0,156,0,1,0,129,7,6,0,47,24,1
28,58,Fuenlabrada,6-017-A,639,0,0,639,450,0,450,0,0,157,0,125,0,0,1,83,2,4,0,57,19,2
28,58,Fuenlabrada,6-017-B,716,0,0,716,496,0,496,4,4,164,1,162,0,1,0,89,3,8,0,42,17,1
28,58,Fuenlabrada,6-018-A,534,0,0,534,387,0,387,2,4,158,0,98,0,0,1,56,10,6,0,34,18,0
28,58,Fuenlabrada,6-018-B,567,0,0,567,405,0,405,6,2,162,0,91,0,1,0,91,6,4,0,26,16,0
28,58,Fuenlabrada,6-019-A,640,0,0,640,456,0,456,7,5,194,2,106,0,1,0,63,5,3,0,48,22,0
28,58,Fuenlabrada,6-019-B,585,0,0,585,420,0,420,6,4,196,2,83,1,1,0,60,4,2,1,48,11,1
28,58,Fuenlabrada,7-001-A,525,0,0,525,298,0,298,0,10,94,0,96,0,0,0,47,3,5,1,32,10,0
28,58,Fuenlabrada,7-001-B,468,0,0,468,285,0,285,2,5,117,1,83,1,0,0,30,3,3,1,24,15,0
28,58,Fuenlabrada,7-002-A,539,0,0,539,386,1,387,5,1,158,0,115,0,0,0,55,3,4,0,21,25,0
28,58,Fuenlabrada,7-002-B,590,0,0,590,403,0,403,3,4,159,1,135,1,0,0,46,4,2,0,24,24,0
28,58,Fuenlabrada,7-003-A,636,0,0,636,437,0,437,6,1,167,0,129,1,0,0,67,10,5,0,29,21,1
28,58,Fuenlabrada,7-003-B,645,0,0,645,449,0,449,3,1,163,0,138,0,0,1,74,4,6,0,34,25,0
28,58,Fuenlabrada,7-004-A,702,0,0,702,485,0,485,7,7,168,0,156,1,0,1,88,4,6,0,29,18,0
28,58,Fuenlabrada,7-004-B,766,0,0,766,513,0,513,3,5,184,2,161,0,0,0,90,11,2,0,31,22,2
28,58,Fuenlabrada,7-005-U,844,0,0,844,572,0,572,6,9,186,0,176,0,0,2,108,9,4,0,54,16,2
28,58,Fuenlabrada,7-006-A,691,0,0,691,477,0,477,6,7,182,0,128,1,0,0,70,3,7,0,48,22,3
28,58,Fuenlabrada,7-006-B,675,0,0,675,447,0,447,1,4,145,0,125,1,0,0,96,2,7,0,44,22,0
28,58,Fuenlabrada,7-007-A,614,0,0,614,436,0,436,4,6,216,1,86,0,0,0,56,8,4,1,36,18,0
28,58,Fuenlabrada,7-007-B,666,0,0,666,467,0,467,4,3,230,2,85,1,0,0,61,7,5,0,49,18,2
28,58,Fuenlabrada,7-008-U,699,0,0,699,491,0,491,2,6,154,2,149,1,1,1,90,4,8,0,37,34,2
28,58,Fuenlabrada,7-009-U,698,0,0,698,492,0,492,7,2,148,2,151,0,0,0,94,3,7,0,49,25,4
28,58,Fuenlabrada,7-010-U,705,0,0,705,506,0,506,5,7,158,0,166,1,0,1,95,6,8,1,32,26,0
28,58,Fuenlabrada,7-011-U,935,0,0,935,688,0,688,5,9,226,1,196,0,0,1,129,6,3,0,66,45,1
28,58,Fuenlabrada,7-012-U,752,0,0,752,501,1,502,11,14,152,1,153,2,1,0,97,8,1,0,46,16,0
28,58,Fuenlabrada,7-013-U,855,0,0,855,560,0,560,6,7,199,3,213,1,0,1,80,1,5,0,36,8,0
28,58,Fuenlabrada,7-014-A,644,0,0,644,486,0,486,5,8,180,1,127,1,0,0,82,5,0,0,55,22,0
28,58,Fuenlabrada,7-014-B,703,0,0,703,524,0,524,7,6,207,1,143,2,0,0,90,4,4,0,43,15,2
28,58,Fuenlabrada,7-015-A,802,0,0,802,659,0,659,10,1,316,2,120,0,1,2,100,17,6,0,54,29,1
28,58,Fuenlabrada,7-015-B,794,0,0,794,632,0,632,12,3,281,1,125,0,0,0,121,7,12,0,51,18,1
28,58,Fuenlabrada,7-016-A,745,0,0,745,593,0,593,10,7,228,0,141,0,0,0,116,16,3,1,40,29,2
28,58,Fuenlabrada,7-016-B,669,0,0,669,515,0,515,8,6,189,0,112,0,1,0,117,8,4,1,43,24,2
28,58,Fuenlabrada,7-017-A,539,0,0,539,438,0,438,12,8,153,0,108,2,0,1,92,5,11,0,31,15,0
28,58,Fuenlabrada,7-017-B,569,0,0,569,459,0,459,2,6,154,0,111,0,0,0,115,13,2,0,38,17,1
28,58,Fuenlabrada,8-001-A,496,0,0,496,363,1,364,5,4,134,0,98,1,1,1,64,5,2,0,35,13,1
28,58,Fuenlabrada,8-001-B,543,0,0,543,409,0,409,6,5,154,0,116,1,1,2,73,7,1,0,34,9,0
28,58,Fuenlabrada,8-002-U,591,0,0,591,415,0,415,6,9,157,2,151,0,1,0,38,5,1,0,28,16,1
28,58,Fuenlabrada,8-003-U,581,0,0,581,380,0,380,3,1,126,0,137,1,0,5,48,5,2,1,31,20,0
28,58,Fuenlabrada,8-004-U,959,0,0,959,643,0,643,2,4,218,2,222,0,0,1,106,11,5,2,41,29,0
28,58,Fuenlabrada,8-005-U,856,0,0,856,561,0,561,4,9,160,0,246,0,1,0,86,4,4,1,28,18,0
28,58,Fuenlabrada,8-006-A,581,0,0,581,407,1,408,5,5,141,0,132,0,0,2,54,4,4,0,35,22,4
28,58,Fuenlabrada,8-006-B,663,0,0,663,471,0,471,8,6,175,3,144,0,0,2,73,2,2,0,29,23,4
28,58,Fuenlabrada,8-007-A,645,0,0,645,434,0,434,3,4,167,1,128,1,1,1,76,1,3,0,32,15,1
28,58,Fuenlabrada,8-007-B,683,0,0,683,453,0,453,6,5,160,1,116,1,0,4,87,0,1,0,45,25,2
28,58,Fuenlabrada,8-008-A,736,0,0,736,507,0,507,10,8,175,1,164,1,0,0,93,6,6,0,27,15,1
28,58,Fuenlabrada,8-008-B,744,0,0,744,511,0,511,2,9,180,4,163,1,0,0,93,5,5,1,26,21,1
28,58,Fuenlabrada,8-009-A,760,0,0,760,498,0,498,9,1,156,1,171,0,0,1,89,4,8,1,32,24,1
28,58,Fuenlabrada,8-009-B,749,0,0,749,495,0,495,10,6,178,0,143,0,1,1,86,7,4,0,43,14,2
28,58,Fuenlabrada,8-010-A,457,0,0,457,284,0,284,0,6,96,0,93,0,0,0,44,3,5,0,26,11,0
28,58,Fuenlabrada,8-010-B,503,0,0,503,312,0,312,1,3,118,0,87,1,1,1,47,7,2,0,31,12,1
28,58,Fuenlabrada,8-011-U,763,0,0,763,547,0,547,4,10,191,2,185,0,0,1,87,1,7,0,47,11,1
28,58,Fuenlabrada,8-012-A,496,0,0,496,344,0,344,3,4,123,3,95,1,0,0,60,2,3,0,31,19,0
28,58,Fuenlabrada,8-012-B,495,0,0,495,331,0,331,7,4,102,0,94,1,0,4,72,2,5,0,22,17,1
28,58,Fuenlabrada,8-013-A,703,0,0,703,493,0,493,9,10,181,0,157,0,0,1,76,1,8,0,32,18,0
28,58,Fuenlabrada,8-013-B,619,0,0,619,442,0,442,5,6,158,0,148,0,0,1,69,0,6,0,35,14,0
28,58,Fuenlabrada,8-014-U,904,0,0,904,543,0,543,4,6,165,1,196,0,1,0,94,10,6,0,37,23,0
28,58,Fuenlabrada,8-015-A,610,0,0,610,439,0,439,11,4,174,0,129,1,0,1,64,0,5,0,41,8,1
28,58,Fuenlabrada,8-015-B,576,0,0,576,416,0,416,6,4,164,0,125,3,0,1,64,4,5,0,26,13,1
28,58,Fuenlabrada,8-016-A,655,0,0,655,500,0,500,6,5,242,0,92,0,0,1,99,7,3,2,30,13,0
28,58,Fuenlabrada,8-016-B,611,0,0,611,473,0,473,4,8,221,0,98,0,0,0,80,8,7,1,35,10,1
28,58,Fuenlabrada,9-001-A,486,0,0,486,326,1,327,0,2,121,1,85,0,0,2,62,3,2,0,31,15,3
28,58,Fuenlabrada,9-001-B,520,0,0,520,340,0,340,0,0,114,0,109,1,4,0,63,4,8,0,25,10,2
28,58,Fuenlabrada,9-002-A,947,0,0,947,679,0,679,9,16,239,1,153,0,0,0,163,15,2,0,54,24,3
28,58,Fuenlabrada,9-002-B,945,0,0,945,658,0,658,9,17,219,2,156,2,0,2,154,9,5,0,55,26,2
28,58,Fuenlabrada,9-003-A,607,0,0,607,363,0,363,3,5,135,1,98,0,0,0,72,7,2,2,27,10,1
28,58,Fuenlabrada,9-003-B,644,0,0,644,406,0,406,6,6,139,1,87,0,0,0,106,3,5,1,32,20,0
28,58,Fuenlabrada,9-004-A,901,0,0,901,648,1,649,12,6,220,0,164,0,1,0,150,6,9,0,52,27,2
28,58,Fuenlabrada,9-004-B,831,0,0,831,592,0,592,5,15,194,0,136,2,1,0,148,8,10,2,47,24,0
28,58,Fuenlabrada,9-005-A,809,0,0,809,579,0,579,11,3,232,0,123,1,1,0,126,7,13,0,35,26,1
28,58,Fuenlabrada,9-005-B,870,0,0,870,594,1,595,13,7,225,3,115,0,0,1,132,5,4,0,50,38,2
28,58,Fuenlabrada,9-006-A,795,0,0,795,595,0,595,13,5,242,1,110,1,1,1,126,17,5,1,52,20,0
28,58,Fuenlabrada,9-006-B,805,0,0,805,574,1,575,6,5,235,1,127,0,0,0,122,10,2,0,41,26,0
28,58,Fuenlabrada,9-007-A,683,0,0,683,401,0,401,3,5,172,1,103,0,2,0,77,6,2,3,20,6,1
28,58,Fuenlabrada,9-007-B,742,0,0,742,472,0,472,5,3,171,0,128,0,0,0,97,4,4,1,35,24,0
28,58,Fuenlabrada,9-008-A,554,0,0,554,410,1,411,2,9,146,0,78,0,0,0,107,8,6,0,36,18,1
28,58,Fuenlabrada,9-008-B,662,0,0,662,478,0,478,6,8,167,0,102,0,1,1,112,11,4,0,43,23,0
28,58,Fuenlabrada,9-008-C,656,0,0,656,475,0,475,5,11,141,4,106,0,1,1,123,15,2,0,47,19,0
28,58,Fuenlabrada,9-009-A,626,0,0,626,392,0,392,5,5,131,0,105,0,0,0,90,2,7,0,29,18,0
28,58,Fuenlabrada,9-009-B,702,0,0,702,428,0,428,3,4,158,6,86,1,1,1,99,3,6,0,42,18,0
28,58,Fuenlabrada,9-009-C,679,0,0,679,415,0,415,3,7,142,2,108,0,0,0,103,4,11,0,25,10,0
28,58,Fuenlabrada,9-010-A,867,0,0,867,606,0,606,4,5,209,0,135,0,1,0,143,11,4,2,53,39,0
28,58,Fuenlabrada,9-010-B,829,0,0,829,605,0,605,3,8,205,3,138,0,1,0,143,8,5,1,53,37,0
28,58,Fuenlabrada,9-011-A,841,0,0,841,597,0,597,14,8,194,0,147,0,0,0,141,11,8,0,54,19,1
28,58,Fuenlabrada,9-011-B,815,0,0,815,596,0,596,6,10,181,1,150,0,0,2,154,5,9,0,60,18,0
28,58,Fuenlabrada,9-012-A,760,0,0,760,539,0,539,4,6,215,1,131,0,0,0,95,7,7,0,49,22,2
28,58,Fuenlabrada,9-012-B,809,0,0,809,603,0,603,8,6,226,0,132,0,0,1,134,10,5,0,52,29,0
28,59,Fuente el Saz de Jarama,1-001-A,652,0,0,652,423,0,423,7,6,202,0,84,0,0,0,50,1,8,0,49,13,3
28,59,Fuente el Saz de Jarama,1-001-B,769,0,0,769,502,1,503,5,9,254,1,84,0,0,1,62,4,3,1,59,19,1
28,59,Fuente el Saz de Jarama,1-001-C,772,0,0,772,530,0,530,2,11,248,0,99,1,0,0,69,11,4,1,69,15,0
28,59,Fuente el Saz de Jarama,1-002-A,704,0,0,704,522,2,524,4,5,289,2,99,1,0,0,55,7,4,0,46,12,0
28,59,Fuente el Saz de Jarama,1-002-B,713,0,0,713,497,2,499,1,6,270,0,83,0,0,0,59,8,5,0,53,13,1
28,59,Fuente el Saz de Jarama,1-003-A,627,0,0,627,420,0,420,3,7,229,0,69,0,0,0,57,4,4,0,43,4,0
28,59,Fuente el Saz de Jarama,1-003-B,560,0,0,560,399,1,400,6,12,208,0,72,0,0,0,50,10,2,0,30,10,0
28,60,Fuentidueña de Tajo,1-001-A,833,0,0,833,651,1,652,6,6,234,1,261,0,1,0,69,2,5,0,31,36,0
28,60,Fuentidueña de Tajo,1-001-B,853,0,0,853,661,0,661,1,11,213,1,265,0,0,0,74,1,6,0,38,51,0
28,61,Galapagar,1-001-A,702,0,0,702,467,0,467,7,8,203,1,82,0,0,0,91,3,3,0,49,20,0
28,61,Galapagar,1-001-B,779,0,0,779,510,1,511,3,6,258,2,83,0,0,0,93,7,6,0,35,18,0
28,61,Galapagar,1-001-C,726,0,0,726,450,0,450,0,1,195,1,92,0,0,1,77,8,4,0,35,34,2
28,61,Galapagar,1-002-A,743,0,0,743,481,0,481,3,4,201,0,99,0,1,0,86,9,2,0,43,33,0
28,61,Galapagar,1-002-B,735,0,0,735,499,1,500,1,4,232,1,85,0,1,0,82,9,7,0,55,22,1
28,61,Galapagar,1-002-C,651,0,0,651,418,0,418,0,4,195,1,77,0,0,0,74,5,6,0,34,22,0
28,61,Galapagar,1-003-A,613,0,0,613,384,0,384,4,1,175,0,69,0,0,0,66,6,4,0,30,29,0
28,61,Galapagar,1-003-B,734,0,0,734,450,1,451,6,5,228,0,75,0,1,0,65,8,2,0,44,16,1
28,61,Galapagar,1-003-C,638,0,0,638,416,1,417,3,6,207,0,62,0,0,1,65,4,2,2,38,26,1
28,61,Galapagar,1-004-A,551,0,0,551,331,1,332,7,8,151,1,71,0,0,0,44,4,1,0,26,19,0
28,61,Galapagar,1-004-B,729,0,0,729,438,0,438,7,11,197,0,68,0,0,0,85,0,6,2,40,22,0
28,61,Galapagar,1-004-C,649,0,0,649,431,1,432,3,6,204,0,79,0,0,0,71,0,2,1,42,23,1
28,61,Galapagar,1-005-A,565,0,0,565,436,1,437,2,5,224,0,71,0,0,0,70,5,1,2,35,22,0
28,61,Galapagar,1-005-B,719,0,0,719,537,0,537,4,3,318,1,60,0,1,0,85,10,1,0,32,22,0
28,61,Galapagar,1-005-C,657,0,0,657,485,1,486,2,3,233,0,75,0,1,0,93,6,8,0,38,27,0
28,61,Galapagar,1-006-A,880,0,0,880,682,0,682,12,4,318,3,105,1,0,0,150,9,1,0,45,33,1
28,61,Galapagar,1-006-B,858,0,0,858,639,1,640,11,5,315,3,67,0,0,1,126,7,1,0,71,33,0
28,61,Galapagar,1-007-A,803,0,0,803,618,1,619,7,7,242,2,78,0,0,0,168,13,1,0,49,49,3
28,61,Galapagar,1-007-B,871,0,0,871,645,1,646,6,2,273,2,81,0,0,0,174,8,5,1,34,58,2
28,61,Galapagar,1-008-A,618,0,0,618,498,1,499,1,1,307,2,38,0,0,0,57,6,1,0,73,13,0
28,61,Galapagar,1-008-B,636,0,0,636,512,0,512,3,0,316,0,38,0,1,0,59,17,4,0,61,11,2
28,61,Galapagar,1-008-C,619,0,0,619,488,0,488,2,3,303,0,41,0,1,0,54,7,3,2,57,13,2
28,61,Galapagar,1-009-A,754,0,0,754,550,0,550,6,2,281,1,59,0,0,1,111,9,12,0,40,27,1
28,61,Galapagar,1-009-B,811,0,0,811,592,0,592,11,4,329,3,57,0,0,0,116,7,8,0,32,25,0
28,61,Galapagar,1-009-C,857,1,0,858,649,1,650,6,7,372,0,81,0,0,1,84,12,4,0,72,11,0
28,61,Galapagar,1-010-A,486,0,0,486,366,1,367,4,1,184,0,40,0,0,0,73,7,5,0,26,23,4
28,61,Galapagar,1-010-B,495,0,0,495,343,1,344,5,4,158,0,48,1,0,0,75,6,2,0,30,13,2
28,61,Galapagar,1-011-A,661,0,0,661,447,0,447,1,5,214,1,115,1,1,0,59,2,2,0,24,21,1
28,61,Galapagar,1-011-B,678,0,0,678,438,1,439,7,5,206,1,103,0,0,0,56,4,3,2,30,22,0
28,61,Galapagar,1-011-C,682,0,0,682,405,0,405,7,3,186,1,80,0,0,0,54,4,6,1,33,30,0
28,61,Galapagar,1-012-A,895,0,0,895,615,1,616,9,3,328,0,72,0,0,0,74,5,4,1,87,32,1
28,61,Galapagar,1-012-B,930,0,0,930,641,1,642,6,16,325,1,95,1,1,1,77,8,3,1,82,25,0
28,61,Galapagar,1-013-A,661,0,0,661,446,1,447,1,5,243,0,79,0,0,0,57,3,2,1,38,17,1
28,61,Galapagar,1-013-B,623,0,0,623,442,0,442,8,3,237,1,69,1,0,0,55,6,3,0,39,20,0
28,62,Garganta de los Montes,1-001-U,346,0,0,346,287,0,287,3,4,101,1,36,0,0,1,50,3,3,1,55,29,0
28,63,Gargantilla del Lozoya y Pinilla de Buitrago,1-001-U,305,0,0,305,224,0,224,3,3,111,1,31,0,0,0,47,1,0,2,14,11,0
28,64,Gascones,1-001-U,156,0,0,156,138,0,138,0,5,75,0,29,0,0,0,12,5,0,0,6,6,0
28,65,Getafe,1-002-A,712,0,0,712,472,0,472,0,6,188,2,134,0,0,0,78,5,4,0,23,30,2
28,65,Getafe,1-002-B,735,0,0,735,497,0,497,2,3,188,0,128,0,0,4,92,2,12,1,34,31,0
28,65,Getafe,1-003-U,524,0,0,524,378,0,378,3,4,183,0,67,0,0,2,68,7,4,1,19,18,2
28,65,Getafe,1-004-U,812,0,0,812,565,0,565,5,3,265,1,124,0,0,0,88,4,8,0,33,34,0
28,65,Getafe,1-005-A,756,0,0,756,529,0,529,4,11,253,2,117,0,1,0,81,8,2,2,26,22,0
28,65,Getafe,1-005-B,829,0,0,829,577,0,577,4,7,254,2,133,1,0,1,79,5,9,0,42,39,1
28,65,Getafe,1-006-A,615,0,0,615,448,0,448,6,6,212,0,88,0,0,0,79,1,3,0,32,21,0
28,65,Getafe,1-006-B,665,0,0,665,475,0,475,1,8,222,2,97,0,0,2,71,5,3,0,34,29,1
28,65,Getafe,1-006-C,642,1,0,643,453,0,453,2,3,199,0,98,0,0,0,80,2,6,0,38,25,0
28,65,Getafe,1-007-U,777,0,0,777,570,0,570,4,12,194,1,186,0,0,0,98,5,3,0,32,34,1
28,65,Getafe,1-008-A,537,0,0,537,350,0,350,4,3,121,2,106,0,2,1,56,4,2,0,26,22,1
28,65,Getafe,1-008-B,502,0,0,502,332,0,332,0,2,114,2,105,1,0,1,59,3,2,0,21,21,1
28,65,Getafe,1-009-U,740,0,0,740,531,0,531,3,5,285,0,85,0,0,3,57,5,1,0,47,40,0
28,65,Getafe,1-010-A,517,0,0,517,383,0,383,5,2,136,1,113,0,0,0,77,2,4,1,22,18,2
28,65,Getafe,1-010-B,476,0,0,476,352,0,352,0,4,133,1,79,1,0,0,65,3,2,1,21,39,3
28,65,Getafe,1-011-A,675,0,0,675,456,0,456,3,5,191,0,106,0,0,0,81,5,5,1,25,33,1
28,65,Getafe,1-011-B,744,0,0,744,500,0,500,4,2,194,2,126,0,0,0,83,3,6,0,41,38,1
28,65,Getafe,1-012-U,857,0,0,857,564,0,564,2,5,217,3,169,0,0,0,93,2,4,0,43,26,0
28,65,Getafe,1-013-U,721,0,0,721,510,0,510,1,7,225,1,129,0,1,0,84,6,1,0,33,20,2
28,65,Getafe,1-014-A,480,0,0,480,234,0,234,1,0,87,0,73,0,0,1,35,2,1,0,17,17,0
28,65,Getafe,1-014-B,505,0,0,505,236,0,236,1,3,79,0,70,0,1,1,43,3,1,0,17,16,1
28,65,Getafe,1-015-A,488,0,0,488,342,0,342,0,6,103,0,115,0,0,0,72,1,0,1,19,24,1
28,65,Getafe,1-015-B,473,0,0,473,298,0,298,3,6,84,1,114,0,0,1,54,1,2,0,15,17,0
28,65,Getafe,1-016-U,894,0,0,894,614,0,614,9,6,276,2,148,0,0,0,96,4,4,0,38,31,0
28,65,Getafe,1-017-U,865,0,0,865,592,0,592,6,5,262,0,139,0,0,1,92,9,2,0,40,36,0
28,65,Getafe,1-018-A,522,0,0,522,361,0,361,2,9,116,0,114,0,0,3,80,1,3,0,14,16,3
28,65,Getafe,1-018-B,556,0,0,556,381,0,381,3,1,135,1,129,0,0,0,76,2,2,0,15,17,0
28,65,Getafe,1-019-U,758,0,0,758,551,0,551,9,10,298,1,78,0,2,6,66,5,3,1,44,26,2
28,65,Getafe,2-001-U,941,0,0,941,645,0,645,4,7,234,4,138,0,0,2,151,8,2,0,40,53,2
28,65,Getafe,2-002-U,784,0,0,784,490,0,490,5,8,184,0,116,1,0,0,103,5,4,1,29,34,0
28,65,Getafe,2-003-A,497,0,0,497,303,0,303,1,9,84,1,77,0,0,1,74,3,1,0,24,27,1
28,65,Getafe,2-003-B,528,0,0,528,331,0,331,3,6,103,2,94,0,0,1,67,4,2,1,21,27,0
28,65,Getafe,2-004-U,772,0,0,772,418,0,418,3,2,139,0,152,0,0,1,58,2,6,0,31,23,1
28,65,Getafe,2-005-U,868,0,0,868,511,0,511,3,4,157,0,178,0,0,0,103,7,5,1,26,23,4
28,65,Getafe,2-006-U,691,0,0,691,446,0,446,4,3,124,0,170,0,1,1,69,1,1,1,42,28,1
28,65,Getafe,2-007-U,670,0,0,670,363,0,363,2,3,110,0,135,0,0,1,46,7,6,1,29,20,3
28,65,Getafe,2-009-U,912,0,0,912,606,0,606,0,6,235,1,153,0,0,1,100,13,9,2,44,41,1
28,65,Getafe,2-010-A,662,0,0,662,438,0,438,2,3,186,1,90,0,1,1,85,3,4,0,29,33,0
28,65,Getafe,2-010-B,721,0,0,721,503,0,503,6,5,205,1,110,0,1,1,88,11,4,0,47,23,1
28,65,Getafe,2-011-U,638,0,0,638,410,0,410,2,4,217,0,81,0,0,1,55,2,0,0,23,24,1
28,65,Getafe,2-012-A,691,0,0,691,465,0,465,3,3,182,0,117,0,1,0,95,9,4,0,22,27,2
28,65,Getafe,2-012-B,709,0,0,709,497,0,497,2,3,197,0,119,0,0,1,109,9,4,0,27,26,0
28,65,Getafe,2-013-A,596,0,0,596,442,0,442,4,3,187,1,101,0,1,1,91,9,1,0,25,16,2
28,65,Getafe,2-013-B,775,0,0,775,574,0,574,12,10,243,0,118,0,0,0,126,8,0,0,29,27,1
28,65,Getafe,2-013-C,688,0,0,688,542,0,542,5,5,224,1,86,1,0,0,135,16,2,1,32,32,2
28,65,Getafe,2-014-U,913,0,0,913,559,0,559,12,7,186,1,167,0,1,2,89,9,3,0,31,49,2
28,65,Getafe,2-015-U,670,0,0,670,460,0,460,2,1,199,2,94,0,1,2,81,6,7,0,28,36,1
28,65,Getafe,2-016-A,583,0,0,583,427,0,427,4,6,158,0,116,0,0,0,91,10,0,0,28,14,0
28,65,Getafe,2-016-B,718,0,0,718,551,0,551,4,7,201,0,154,0,1,0,113,4,3,0,29,33,2
28,65,Getafe,2-016-C,658,0,0,658,492,0,492,3,4,181,1,135,0,0,1,96,7,2,0,26,32,4
28,65,Getafe,2-017-U,926,0,0,926,714,0,714,9,4,296,1,153,0,0,2,148,14,7,1,47,31,1
28,65,Getafe,2-018-A,711,0,0,711,499,0,499,6,6,161,3,120,0,0,2,148,4,4,0,21,24,0
28,65,Getafe,2-018-B,717,0,0,717,503,0,503,2,4,171,1,111,0,0,0,149,4,2,0,26,33,0
28,65,Getafe,2-019-A,948,0,0,948,712,0,712,9,17,214,1,171,1,0,1,164,8,6,4,57,59,0
28,65,Getafe,2-019-B,872,0,0,872,646,0,646,3,18,204,2,156,0,1,0,167,10,10,0,40,34,1
28,65,Getafe,2-020-A,897,0,0,897,602,0,602,4,7,238,2,134,0,1,1,132,14,8,0,33,28,0
28,65,Getafe,2-020-B,890,0,0,890,608,0,608,6,10,234,2,138,0,1,1,112,14,4,1,35,49,1
28,65,Getafe,2-021-A,551,0,0,551,430,0,430,8,8,130,1,87,0,1,0,132,13,1,0,22,27,0
28,65,Getafe,2-021-B,762,0,0,762,585,0,585,5,12,204,5,132,0,1,0,140,10,6,0,25,42,3
28,65,Getafe,2-021-C,673,0,0,673,525,0,525,5,2,203,2,97,0,0,3,137,9,8,1,20,38,0
28,65,Getafe,2-022-A,501,0,0,501,380,0,380,1,2,161,1,85,0,0,1,75,10,4,0,19,21,0
28,65,Getafe,2-022-B,533,0,0,533,413,0,413,6,6,183,2,82,0,0,0,76,7,2,0,18,31,0
28,65,Getafe,3-001-U,944,0,0,944,614,0,614,2,5,203,4,209,0,0,0,89,11,8,0,30,52,1
28,65,Getafe,3-002-U,655,0,0,655,410,0,410,3,3,139,0,149,0,0,0,70,4,3,0,17,21,1
28,65,Getafe,3-003-U,840,0,0,840,516,0,516,6,7,149,3,168,0,0,2,98,3,4,0,33,42,1
28,65,Getafe,3-004-U,702,0,0,702,457,0,457,2,11,151,1,141,1,2,2,81,1,1,0,33,30,0
28,65,Getafe,3-005-U,701,0,0,701,477,0,477,5,8,136,4,134,0,0,0,90,9,6,0,44,41,0
28,65,Getafe,3-006-A,484,0,0,484,317,0,317,2,1,97,1,107,0,2,0,61,3,3,0,23,17,0
28,65,Getafe,3-006-B,506,0,0,506,337,0,337,1,4,106,0,110,0,0,0,74,3,0,0,19,19,1
28,65,Getafe,3-007-A,535,0,0,535,358,0,358,5,2,121,1,105,1,0,3,73,4,1,0,18,22,2
28,65,Getafe,3-007-B,515,0,0,515,348,0,348,3,5,103,1,114,0,0,1,80,3,1,1,13,22,1
28,65,Getafe,3-008-U,873,0,0,873,613,0,613,5,10,228,0,167,0,1,0,116,5,3,0,32,45,1
28,65,Getafe,3-009-A,752,0,0,752,478,0,478,2,6,149,0,141,0,0,1,123,3,2,0,22,29,0
28,65,Getafe,3-009-B,698,0,0,698,468,0,468,13,4,139,0,152,0,0,2,109,4,7,1,18,19,0
28,65,Getafe,3-010-U,751,0,0,751,484,0,484,2,3,186,1,138,0,0,0,70,6,7,0,32,38,1
28,65,Getafe,3-011-U,653,0,0,653,426,0,426,3,0,131,0,145,0,0,0,88,2,0,0,26,30,1
28,65,Getafe,3-012-U,868,0,0,868,549,0,549,3,8,188,2,171,1,0,1,90,3,1,1,37,41,2
28,65,Getafe,3-013-U,700,0,0,700,450,0,450,2,10,146,1,132,0,0,1,91,1,4,2,34,23,3
28,65,Getafe,3-014-U,809,0,0,809,507,0,507,0,5,183,0,160,0,0,1,94,7,5,1,32,19,0
28,65,Getafe,3-015-U,698,0,0,698,459,0,459,2,5,153,0,166,0,0,0,82,3,3,0,24,20,1
28,65,Getafe,3-016-U,829,0,0,829,510,0,510,6,8,161,0,142,0,2,1,117,7,9,0,18,38,1
28,65,Getafe,3-017-U,624,0,0,624,488,0,488,5,5,170,0,120,0,0,1,90,6,2,0,23,65,1
28,65,Getafe,3-018-U,871,0,0,871,682,0,682,4,4,191,0,186,0,0,2,156,8,5,0,40,85,1
28,65,Getafe,3-019-A,599,0,0,599,451,0,451,3,2,139,0,119,0,0,1,97,4,4,0,28,54,0
28,65,Getafe,3-019-B,611,0,0,611,474,0,474,1,2,151,0,113,0,0,0,84,5,1,0,37,80,0
28,65,Getafe,3-020-U,506,0,0,506,408,0,408,0,0,133,0,121,0,0,1,79,6,1,0,30,37,0
28,65,Getafe,3-021-U,687,0,0,687,574,0,574,4,2,234,1,143,0,0,3,113,13,2,0,26,32,1
28,65,Getafe,3-022-U,934,0,0,934,737,0,737,6,7,329,0,149,0,0,0,121,19,5,0,45,54,2
28,65,Getafe,3-023-U,532,0,0,532,451,0,451,3,3,162,0,116,0,0,0,79,6,4,1,25,51,1
28,65,Getafe,3-024-U,877,0,0,877,661,0,661,5,4,263,1,155,0,0,1,130,5,1,0,34,61,1
28,65,Getafe,3-025-U,925,0,0,925,745,0,745,6,1,289,0,180,0,0,0,134,13,5,0,36,80,1
28,65,Getafe,3-026-U,711,0,0,711,583,0,583,1,5,260,0,123,0,0,0,109,5,1,1,31,47,0
28,65,Getafe,3-027-U,787,0,0,787,631,0,631,7,4,303,1,119,0,0,1,90,17,2,0,42,44,1
28,65,Getafe,3-028-A,554,0,0,554,396,0,396,6,5,149,0,91,0,0,0,81,7,2,0,28,27,0
28,65,Getafe,3-028-B,572,0,0,572,394,0,394,16,1,143,0,88,0,0,1,81,6,3,0,36,18,1
28,65,Getafe,3-029-A,516,0,0,516,416,0,416,1,0,191,1,73,1,0,0,80,2,4,1,37,25,0
28,65,Getafe,3-029-B,574,0,0,574,460,0,460,3,4,185,2,96,0,1,1,82,7,7,0,32,40,0
28,65,Getafe,3-030-A,705,0,0,705,552,0,552,1,6,250,1,97,0,0,1,109,10,2,0,39,35,1
28,65,Getafe,3-030-B,757,0,0,757,560,0,560,4,6,235,0,132,1,1,1,102,11,5,0,20,42,0
28,65,Getafe,3-031-U,707,0,0,707,550,0,550,8,3,215,2,131,0,1,0,115,13,1,1,30,29,1
28,65,Getafe,3-032-U,861,0,0,861,657,0,657,4,3,311,0,124,0,0,1,123,11,3,2,40,35,0
28,65,Getafe,3-033-A,663,0,0,663,528,0,528,7,5,214,1,92,0,0,1,137,14,3,0,24,29,1
28,65,Getafe,3-033-B,691,0,0,691,543,0,543,8,4,221,1,105,0,0,0,132,14,0,1,25,32,0
28,65,Getafe,3-034-A,646,0,0,646,521,0,521,2,9,218,1,90,0,1,2,127,4,3,0,43,21,0
28,65,Getafe,3-034-B,607,0,0,607,452,0,452,7,7,204,1,84,0,1,0,88,5,2,0,36,17,0
28,65,Getafe,3-035-A,728,0,0,728,538,0,538,7,5,203,0,97,0,0,1,132,11,6,0,34,40,2
28,65,Getafe,3-035-B,704,0,0,704,525,0,525,5,3,198,2,93,0,0,0,131,15,3,0,26,49,0
28,65,Getafe,3-036-A,701,0,0,701,501,0,501,6,11,219,0,100,0,0,1,109,10,3,0,16,24,2
28,65,Getafe,3-036-B,642,0,0,642,461,0,461,9,9,163,0,110,0,0,0,112,5,3,0,21,27,2
28,65,Getafe,3-037-A,734,0,0,734,547,0,547,7,15,204,0,126,1,0,0,126,2,6,0,27,30,3
28,65,Getafe,3-037-B,796,0,0,796,628,0,628,11,6,223,0,146,1,0,1,150,10,4,3,41,30,2
28,65,Getafe,3-038-A,536,0,0,536,431,0,431,8,4,157,0,77,0,1,1,104,11,4,1,32,29,2
28,65,Getafe,3-038-B,718,0,0,718,560,0,560,11,8,216,2,107,1,0,0,142,15,3,0,25,28,2
28,65,Getafe,3-038-C,654,0,0,654,525,0,525,4,6,236,0,88,0,0,0,109,15,5,0,29,30,3
28,65,Getafe,3-039-A,839,0,0,839,674,0,674,11,9,329,1,112,0,0,1,134,16,2,0,35,23,1
28,65,Getafe,3-039-B,841,0,0,841,676,0,676,6,5,338,4,99,1,1,1,141,19,3,1,29,25,3
28,65,Getafe,3-040-A,646,0,0,646,501,0,501,7,5,150,3,134,0,1,0,129,6,4,0,24,36,2
28,65,Getafe,3-040-B,607,0,0,607,461,0,461,6,10,164,1,93,0,0,0,120,11,3,0,22,31,0
28,65,Getafe,3-041-A,508,0,0,508,407,0,407,1,1,160,0,73,0,0,0,98,7,2,0,30,35,0
28,65,Getafe,3-041-B,494,0,0,494,406,0,406,4,0,155,1,88,0,0,1,82,6,0,0,30,38,1
28,65,Getafe,3-042-A,649,0,0,649,495,0,495,11,5,146,0,100,0,0,0,146,15,6,0,36,29,1
28,65,Getafe,3-042-B,715,0,0,715,553,0,553,10,10,184,1,104,1,0,2,155,11,5,0,26,43,1
28,65,Getafe,3-043-A,720,0,0,720,548,0,548,4,6,176,3,84,1,0,0,176,10,6,0,31,49,2
28,65,Getafe,3-043-B,739,0,0,739,530,0,530,6,9,148,2,98,0,0,0,164,7,4,0,33,56,3
28,65,Getafe,3-044-A,902,0,0,902,734,0,734,12,5,389,0,131,0,0,0,120,9,6,1,43,16,2
28,65,Getafe,3-044-B,850,0,0,850,692,0,692,19,7,346,2,122,0,0,0,108,10,4,0,40,34,0
28,65,Getafe,3-045-A,650,0,0,650,502,0,502,7,5,196,2,107,0,0,0,120,6,1,0,30,28,0
28,65,Getafe,3-045-B,740,0,0,740,577,0,577,9,5,219,0,118,1,0,0,140,18,1,0,39,27,0
28,65,Getafe,3-045-C,772,0,0,772,615,0,615,8,6,234,0,127,0,2,0,149,16,2,0,39,31,1
28,65,Getafe,3-046-A,622,0,0,622,464,0,464,10,1,155,1,80,1,1,0,131,12,3,0,28,40,1
28,65,Getafe,3-046-B,764,0,0,764,570,0,570,9,8,178,1,98,0,1,0,156,11,9,0,51,47,1
28,65,Getafe,3-046-C,684,0,0,684,528,0,528,6,3,180,4,79,0,1,0,154,9,8,0,45,36,3
28,65,Getafe,3-047-A,771,0,0,771,580,0,580,4,6,207,1,113,0,0,4,158,14,2,0,37,34,0
28,65,Getafe,3-047-B,976,0,0,976,733,0,733,5,7,252,0,133,1,0,3,219,18,6,1,39,47,2
28,65,Getafe,3-047-C,819,0,0,819,621,0,621,13,3,213,0,109,0,0,0,197,8,8,1,32,34,3
28,65,Getafe,4-001-U,917,0,0,917,588,0,588,1,10,208,0,202,0,0,0,97,3,3,0,41,22,1
28,65,Getafe,4-002-A,489,0,0,489,339,0,339,5,2,116,0,119,0,0,0,58,3,1,0,13,22,0
28,65,Getafe,4-002-B,511,0,0,511,331,0,331,5,2,98,2,118,0,0,1,51,5,3,0,26,19,1
28,65,Getafe,4-003-A,512,0,0,512,345,0,345,3,3,109,0,113,0,0,0,74,2,2,0,21,15,3
28,65,Getafe,4-003-B,554,0,0,554,355,0,355,7,0,106,1,103,0,0,0,81,6,2,1,25,21,2
28,65,Getafe,4-004-U,657,0,0,657,364,0,364,2,5,142,0,111,0,0,0,60,0,6,0,23,15,0
28,65,Getafe,4-005-U,663,0,0,663,454,0,454,0,2,159,0,156,0,0,0,73,6,4,0,17,36,1
28,65,Getafe,4-006-U,724,0,0,724,448,0,448,10,7,139,0,160,0,1,0,69,4,1,1,32,22,2
28,65,Getafe,4-007-U,831,0,0,831,491,0,491,2,1,148,0,168,0,0,0,103,3,6,0,38,22,0
28,65,Getafe,4-008-U,560,0,0,560,353,0,353,3,2,129,1,108,0,0,1,48,4,4,1,29,23,0
28,65,Getafe,4-009-U,880,0,0,880,517,0,517,10,9,191,2,160,0,0,2,68,4,3,0,37,30,1
28,65,Getafe,4-010-U,923,0,0,923,570,0,570,4,8,253,0,139,0,1,0,85,11,9,1,32,27,0
28,65,Getafe,4-011-U,696,0,0,696,472,0,472,1,10,165,1,149,1,0,1,84,6,1,1,23,28,1
28,65,Getafe,4-012-U,849,0,0,849,532,0,532,5,9,261,2,96,0,0,2,81,5,2,0,47,19,3
28,65,Getafe,4-013-U,871,0,0,871,530,0,530,6,10,158,0,188,0,0,2,80,9,8,1,35,33,0
28,65,Getafe,4-014-U,737,0,0,737,439,0,439,3,5,138,2,140,1,3,2,82,0,6,2,30,25,0
28,65,Getafe,4-015-U,967,0,0,967,639,0,639,7,6,202,1,223,0,0,1,102,2,4,0,39,51,1
28,65,Getafe,4-016-U,875,0,0,875,530,0,530,4,6,144,1,197,1,0,2,91,3,10,1,32,35,3
28,65,Getafe,4-017-U,789,0,0,789,464,0,464,7,6,131,0,157,0,0,0,102,2,7,1,30,21,0
28,65,Getafe,4-018-A,465,0,0,465,281,0,281,2,4,85,0,107,0,0,0,45,0,3,1,16,18,0
28,65,Getafe,4-018-B,506,0,0,506,281,0,281,5,7,97,0,84,0,0,0,48,4,3,1,11,20,1
28,65,Getafe,4-021-U,463,0,0,463,314,0,314,7,0,139,0,98,0,1,0,33,2,2,0,17,15,0
28,65,Getafe,4-023-A,478,0,0,478,318,0,318,3,4,85,0,130,0,0,0,56,3,3,1,15,18,0
28,65,Getafe,4-023-B,519,0,0,519,341,0,341,2,3,101,0,136,0,0,0,54,7,1,0,13,24,0
28,65,Getafe,4-024-U,518,0,0,518,316,0,316,2,1,89,0,124,0,0,0,50,5,4,0,20,21,0
28,65,Getafe,4-025-U,477,0,0,477,274,0,274,0,2,84,2,103,0,0,0,43,1,1,0,14,23,1
28,65,Getafe,4-026-U,945,0,0,945,565,0,565,2,4,174,0,191,1,0,1,107,4,4,3,43,31,0
28,65,Getafe,4-027-A,588,0,0,588,375,0,375,5,6,128,1,82,0,0,0,70,5,5,0,41,32,0
28,65,Getafe,4-027-B,554,0,0,554,340,0,340,5,1,118,2,85,0,0,1,53,5,0,0,48,21,1
28,65,Getafe,4-028-A,573,0,0,573,387,0,387,1,1,138,1,58,0,1,0,111,9,8,1,34,23,1
28,65,Getafe,4-028-B,525,0,0,525,378,0,378,6,3,138,1,60,1,0,1,92,2,5,0,30,38,1
28,65,Getafe,4-029-A,601,0,0,601,415,0,415,4,1,171,0,66,0,1,2,101,12,1,0,36,19,1
28,65,Getafe,4-029-B,764,0,0,764,555,0,555,12,10,250,0,80,0,0,0,100,19,4,0,50,28,2
28,65,Getafe,4-029-C,673,0,0,673,473,0,473,9,4,183,3,65,0,1,0,112,8,2,0,54,32,0
28,65,Getafe,4-030-A,586,0,0,586,431,0,431,4,4,139,0,97,1,1,2,116,10,4,0,21,32,0
28,65,Getafe,4-030-B,725,0,0,725,541,0,541,7,4,177,1,150,0,0,0,109,7,1,0,44,41,0
28,65,Getafe,4-030-C,665,0,0,665,510,0,510,11,9,144,0,127,0,0,0,133,9,5,0,25,47,0
28,65,Getafe,4-031-A,664,0,0,664,444,0,444,6,7,162,0,122,0,0,0,95,5,5,0,20,21,1
28,65,Getafe,4-031-B,712,0,0,712,478,0,478,3,6,193,0,119,0,0,0,95,4,5,0,31,22,0
28,65,Getafe,4-032-A,882,0,0,882,666,0,666,3,6,254,1,153,4,1,1,153,14,6,0,43,25,2
28,65,Getafe,4-032-B,874,0,0,874,681,0,681,7,6,266,1,164,0,0,0,159,9,6,0,30,30,3
28,65,Getafe,4-033-A,778,0,0,778,556,0,556,7,9,220,1,100,0,0,0,117,7,4,1,60,29,1
28,65,Getafe,4-033-B,721,0,0,721,527,0,527,11,8,238,2,72,0,0,1,107,14,2,0,57,15,0
28,65,Getafe,4-034-A,827,0,0,827,648,0,648,8,10,230,0,131,1,0,3,174,19,4,0,33,34,1
28,65,Getafe,4-034-B,909,0,0,909,719,0,719,8,13,257,0,140,0,2,0,182,15,7,0,39,55,1
28,65,Getafe,4-035-A,747,0,0,747,542,0,542,6,5,191,1,84,0,1,2,166,12,10,0,31,32,1
28,65,Getafe,4-035-B,780,0,0,780,588,0,588,7,4,190,1,92,1,0,1,201,9,5,0,34,42,1
28,65,Getafe,4-036-A,532,0,0,532,408,0,408,6,6,142,1,59,0,0,1,126,8,6,1,28,23,1
28,65,Getafe,4-036-B,557,0,0,557,412,0,412,9,7,156,2,63,1,0,0,114,6,3,1,31,19,0
28,65,Getafe,4-037-A,812,0,0,812,615,0,615,3,9,194,1,115,1,0,0,193,16,8,0,40,34,1
28,65,Getafe,4-037-B,828,0,0,828,661,0,661,6,6,203,0,120,3,0,2,207,15,6,0,51,41,1
28,65,Getafe,4-038-A,820,0,0,820,627,0,627,7,12,203,1,114,0,3,1,178,15,11,1,43,37,1
28,65,Getafe,4-038-B,841,0,0,841,628,0,628,6,7,206,2,114,0,0,2,192,15,4,0,40,39,1
28,65,Getafe,4-039-A,698,0,0,698,531,0,531,7,7,245,1,72,1,0,0,118,6,8,1,43,22,0
28,65,Getafe,4-039-B,665,0,0,665,531,0,531,3,8,249,2,63,0,0,0,114,16,4,0,54,18,0
28,66,Griñón,1-001-A,577,0,0,577,420,0,420,3,3,281,0,43,0,0,0,36,6,4,0,42,2,0
28,66,Griñón,1-001-B,750,0,0,750,556,0,556,4,10,346,1,49,0,0,3,53,9,9,1,60,10,1
28,66,Griñón,1-001-C,755,0,0,755,552,0,552,5,9,380,1,47,1,0,1,42,3,7,1,42,13,0
28,66,Griñón,1-002-A,622,0,0,622,421,1,422,5,3,245,1,68,0,1,1,43,5,4,0,34,12,0
28,66,Griñón,1-002-B,617,0,0,617,395,2,397,7,8,255,1,40,0,0,0,38,2,4,0,36,5,1
28,66,Griñón,1-003-A,608,0,0,608,449,0,449,3,4,280,0,41,0,0,0,50,0,5,1,53,11,1
28,66,Griñón,1-003-B,718,0,0,718,515,0,515,4,9,297,2,60,0,0,0,74,5,1,1,55,7,0
28,66,Griñón,1-003-C,732,0,0,732,526,0,526,3,11,325,4,61,0,0,0,58,6,6,0,42,10,0
28,66,Griñón,1-004-A,526,0,0,526,377,0,377,5,2,242,0,46,0,1,0,38,3,3,0,29,8,0
28,66,Griñón,1-004-B,500,0,0,500,357,0,357,4,1,218,0,44,0,0,2,30,12,3,0,33,9,1
28,66,Griñón,1-005-A,624,0,0,624,458,0,458,6,0,279,2,50,0,0,0,53,2,4,0,45,17,0
28,66,Griñón,1-005-B,596,0,0,596,446,0,446,2,5,282,0,41,1,0,1,40,1,4,0,56,13,0
28,67,Guadalix de la Sierra,1-001-A,817,0,0,817,593,1,594,6,10,278,1,160,0,1,1,60,8,5,0,48,16,0
28,67,Guadalix de la Sierra,1-001-B,796,0,0,796,589,1,590,7,17,252,1,177,0,0,1,60,14,2,0,51,8,0
28,67,Guadalix de la Sierra,1-002-A,894,0,0,894,634,1,635,13,14,255,2,163,1,0,0,78,9,3,0,65,32,0
28,67,Guadalix de la Sierra,1-002-B,905,0,0,905,652,1,653,5,13,288,4,153,0,0,0,72,15,4,0,54,45,0
28,67,Guadalix de la Sierra,1-003-A,759,0,0,759,583,0,583,6,6,260,0,146,0,0,2,76,14,2,2,47,22,0
28,67,Guadalix de la Sierra,1-003-B,741,0,0,741,574,1,575,6,8,239,0,139,0,0,0,93,17,6,1,48,18,0
28,68,Guadarrama,1-001-U,685,0,0,685,433,0,433,6,4,230,0,83,0,0,0,54,1,3,3,44,5,0
28,68,Guadarrama,1-002-A,628,0,0,628,436,0,436,5,15,238,3,79,0,0,1,39,1,2,0,39,13,1
28,68,Guadarrama,1-002-B,752,0,0,752,514,0,514,10,13,253,0,87,0,1,0,69,2,4,0,52,23,0
28,68,Guadarrama,1-002-C,608,0,0,608,386,0,386,1,2,193,1,77,0,0,0,45,12,5,0,40,10,0
28,68,Guadarrama,1-003-A,721,0,0,721,514,0,514,8,8,269,0,104,0,0,1,63,4,4,0,39,10,4
28,68,Guadarrama,1-003-B,708,0,0,708,484,0,484,4,8,242,2,92,0,0,0,62,4,5,3,44,17,1
28,68,Guadarrama,1-004-A,888,0,0,888,584,0,584,4,11,301,6,81,0,0,1,92,8,4,0,56,17,3
28,68,Guadarrama,1-004-B,921,0,0,921,596,0,596,6,6,309,2,83,0,0,1,89,5,9,1,59,25,1
28,68,Guadarrama,1-005-A,704,0,0,704,492,0,492,7,3,254,1,76,0,0,2,76,2,7,1,32,29,2
28,68,Guadarrama,1-005-B,739,0,0,739,554,0,554,8,9,270,0,111,0,2,0,73,8,6,4,42,21,0
28,68,Guadarrama,1-006-A,783,0,0,783,555,0,555,6,8,260,2,103,0,2,1,89,10,3,2,50,19,0
28,68,Guadarrama,1-006-B,825,0,0,825,589,0,589,8,5,274,2,114,0,1,1,95,10,6,0,48,23,2
28,68,Guadarrama,1-007-A,848,0,0,848,604,0,604,6,3,326,0,63,0,1,0,85,7,3,1,76,30,3
28,68,Guadarrama,1-007-B,904,0,0,904,647,0,647,4,6,378,0,80,0,0,0,85,13,2,2,57,19,1
28,68,Guadarrama,1-008-A,844,0,0,844,605,0,605,15,8,318,3,83,0,0,0,100,7,6,0,37,28,0
28,68,Guadarrama,1-008-B,872,0,0,872,607,0,607,4,8,306,0,85,0,1,2,105,7,2,2,59,25,1
28,69,La Hiruela,1-001-U,69,0,0,69,66,0,66,1,4,24,1,7,0,0,1,13,1,1,0,5,8,0
28,70,Horcajo de la Sierra-Aoslos,1-001-U,162,0,0,162,136,0,136,0,0,57,1,27,0,0,0,21,1,2,1,17,8,1
28,71,Horcajuelo de la Sierra,1-001-U,79,0,0,79,72,0,72,0,0,36,0,10,1,0,0,15,0,0,0,8,2,0
28,72,Hoyo de Manzanares,1-001-A,732,0,0,732,513,1,514,3,14,270,0,79,0,0,0,83,6,4,0,31,24,0
28,72,Hoyo de Manzanares,1-001-B,860,0,0,860,620,0,620,5,7,294,0,116,0,1,1,86,8,3,1,62,33,3
28,72,Hoyo de Manzanares,1-001-C,753,0,0,753,491,1,492,3,4,241,0,81,0,1,0,74,5,1,5,44,32,1
28,72,Hoyo de Manzanares,1-002-A,790,0,0,790,580,0,580,4,7,301,0,95,0,0,0,90,3,5,1,46,26,2
28,72,Hoyo de Manzanares,1-002-B,826,0,0,826,634,0,634,5,10,335,2,95,0,0,0,109,11,6,0,33,27,1
28,72,Hoyo de Manzanares,1-002-C,745,0,0,745,527,1,528,7,4,257,1,83,0,1,0,101,4,2,0,43,23,2
28,72,Hoyo de Manzanares,1-003-A,561,0,0,561,429,1,430,10,8,216,0,33,0,0,0,92,12,2,0,39,17,1
28,72,Hoyo de Manzanares,1-003-B,714,0,0,714,513,2,515,6,4,269,0,52,0,1,0,96,9,3,1,62,12,0
28,72,Hoyo de Manzanares,1-003-C,649,1,0,650,482,2,484,8,4,263,3,48,0,1,0,84,9,1,0,46,17,0
28,73,Humanes de Madrid,1-001-A,546,0,0,546,417,0,417,9,5,191,0,61,0,0,0,76,6,5,0,44,19,1
28,73,Humanes de Madrid,1-001-B,705,0,0,705,513,1,514,8,6,279,2,85,0,1,3,58,1,7,0,41,22,1
28,73,Humanes de Madrid,1-001-C,726,0,0,726,524,1,525,13,5,261,1,97,0,0,0,75,4,5,1,36,26,1
28,73,Humanes de Madrid,1-002-A,798,0,0,798,494,1,495,3,5,197,0,141,0,1,1,73,1,7,1,41,24,0
28,73,Humanes de Madrid,1-002-B,867,0,0,867,524,1,525,1,10,198,1,130,0,1,2,89,0,6,1,56,29,1
28,73,Humanes de Madrid,1-003-A,549,0,0,549,321,1,322,2,6,117,1,101,0,0,1,49,1,7,0,23,13,1
28,73,Humanes de Madrid,1-003-B,567,0,0,567,366,1,367,2,5,158,2,79,0,1,1,60,3,5,0,36,15,0
28,73,Humanes de Madrid,1-004-A,628,0,0,628,387,1,388,8,7,186,0,60,0,1,0,59,1,5,0,42,15,4
28,73,Humanes de Madrid,1-004-B,643,0,0,643,374,1,375,5,7,151,0,110,0,0,1,48,0,3,0,38,12,0
28,73,Humanes de Madrid,1-005-A,719,0,0,719,464,1,465,5,8,179,3,113,1,0,1,74,9,9,1,42,20,0
28,73,Humanes de Madrid,1-005-B,788,0,0,788,521,1,522,5,8,210,2,101,0,1,1,86,6,14,1,58,27,2
28,73,Humanes de Madrid,1-006-A,617,0,0,617,397,1,398,3,4,195,1,85,1,1,1,53,0,3,1,32,18,0
28,73,Humanes de Madrid,1-006-B,750,0,0,750,537,1,538,4,5,245,2,116,1,0,0,77,7,5,1,50,24,1
28,73,Humanes de Madrid,1-006-C,762,0,0,762,499,0,499,5,9,269,1,89,0,0,0,59,4,6,0,47,9,1
28,73,Humanes de Madrid,1-007-A,585,0,0,585,419,1,420,4,7,188,1,81,1,2,0,66,7,5,0,44,13,1
28,73,Humanes de Madrid,1-007-B,677,0,0,677,487,1,488,3,3,281,1,80,0,1,0,63,4,3,1,36,12,0
28,73,Humanes de Madrid,1-007-C,679,0,0,679,521,1,522,7,7,243,2,105,0,0,0,74,11,6,0,49,16,2
28,73,Humanes de Madrid,1-008-A,788,0,0,788,565,1,566,9,4,264,1,94,0,0,1,106,10,6,1,43,27,0
28,73,Humanes de Madrid,1-008-B,828,0,0,828,630,0,630,9,9,306,0,113,1,0,0,106,4,3,1,56,20,2
28,74,Leganés,1-001-U,836,0,0,836,570,1,571,5,7,256,0,127,5,0,1,96,14,7,0,19,33,1
28,74,Leganés,1-002-U,540,0,0,540,346,0,346,0,4,145,0,97,7,0,0,43,2,2,0,29,17,0
28,74,Leganés,1-003-A,501,0,0,501,299,0,299,4,7,102,2,99,7,0,0,46,2,2,0,16,11,1
28,74,Leganés,1-003-B,487,0,0,487,298,0,298,2,4,116,3,94,4,0,1,45,0,3,0,14,12,0
28,74,Leganés,1-004-U,696,0,0,696,509,0,509,4,4,291,0,92,3,0,0,54,3,3,0,36,19,0
28,74,Leganés,1-005-A,472,0,0,472,314,0,314,1,1,142,1,69,3,1,1,57,0,0,2,20,16,0
28,74,Leganés,1-005-B,499,0,0,499,358,0,358,4,1,152,1,81,6,1,0,56,4,3,0,32,17,0
28,74,Leganés,1-006-A,562,0,0,562,404,0,404,5,4,142,0,112,5,0,2,89,4,3,0,20,18,0
28,74,Leganés,1-006-B,581,0,0,581,400,0,400,6,4,141,1,105,8,1,0,86,8,3,0,19,18,0
28,74,Leganés,1-007-U,836,0,0,836,573,0,573,7,13,191,1,179,7,0,3,95,2,8,0,29,38,0
28,74,Leganés,1-008-U,681,0,0,681,461,0,461,3,8,147,1,150,8,1,1,83,5,2,1,31,17,3
28,74,Leganés,1-009-A,565,0,0,565,391,0,391,3,4,137,1,110,6,0,0,75,1,4,0,33,17,0
28,74,Leganés,1-009-B,607,0,0,607,397,0,397,2,8,149,0,106,8,0,0,63,1,3,0,33,24,0
28,74,Leganés,1-010-U,666,0,0,666,460,0,460,6,2,245,0,91,11,0,1,48,6,3,1,21,25,0
28,74,Leganés,1-011-U,891,0,0,891,611,0,611,4,5,262,0,134,7,0,0,108,8,0,2,48,33,0
28,74,Leganés,1-012-U,691,0,0,691,457,0,457,7,2,194,0,113,7,0,0,86,1,6,0,23,18,0
28,74,Leganés,1-013-U,640,0,0,640,429,0,429,1,5,126,0,142,6,0,0,84,5,0,1,20,37,2
28,74,Leganés,1-014-U,783,0,0,783,490,0,490,6,4,187,1,132,4,0,2,89,5,1,0,34,24,1
28,74,Leganés,1-015-U,569,0,0,569,365,0,365,2,2,104,0,105,2,1,0,97,1,2,0,29,20,0
28,74,Leganés,1-016-U,869,0,0,869,541,0,541,8,8,193,2,141,7,1,0,107,6,3,0,45,20,0
28,74,Leganés,1-017-U,694,0,0,694,418,0,418,5,2,156,2,114,3,0,0,87,2,3,0,16,28,0
28,74,Leganés,1-018-A,784,0,0,784,491,0,491,1,5,170,1,134,5,0,1,115,9,5,1,20,23,1
28,74,Leganés,1-018-B,841,0,0,841,551,0,551,7,9,195,1,135,7,0,1,115,2,4,0,38,34,3
28,74,Leganés,1-019-U,674,0,0,674,455,0,455,7,2,124,1,168,8,0,1,85,4,2,1,30,21,1
28,74,Leganés,1-020-A,556,0,0,556,365,0,365,4,3,137,0,85,5,0,0,64,10,3,0,27,27,0
28,74,Leganés,1-020-B,542,0,0,542,374,0,374,7,3,163,1,86,5,0,0,59,2,2,0,19,27,0
28,74,Leganés,1-021-U,533,0,0,533,308,0,308,1,3,105,0,90,6,0,1,57,3,4,0,16,21,1
28,74,Leganés,1-022-U,635,0,0,635,393,0,393,5,4,132,0,128,8,0,0,72,4,5,1,18,16,0
28,74,Leganés,1-023-U,798,0,0,798,400,0,400,4,5,117,0,128,14,1,0,65,7,4,0,30,24,1
28,74,Leganés,1-024-A,567,0,0,567,401,0,401,4,3,173,1,110,3,0,0,61,2,2,0,20,22,0
28,74,Leganés,1-024-B,602,0,0,602,441,0,441,4,1,185,1,108,9,1,2,75,8,5,0,24,18,0
28,74,Leganés,1-025-A,699,0,0,699,511,0,511,8,5,196,1,134,9,0,1,93,0,3,1,26,34,0
28,74,Leganés,1-025-B,764,0,0,764,533,0,533,4,8,200,0,142,5,0,0,110,9,4,0,25,25,1
28,74,Leganés,1-026-A,530,0,0,530,373,0,373,5,7,117,0,98,9,1,0,76,7,3,0,20,29,1
28,74,Leganés,1-026-B,542,0,0,542,372,0,372,1,7,134,0,82,6,0,1,91,5,2,1,20,20,2
28,74,Leganés,2-001-U,936,0,0,936,535,0,535,8,9,185,1,159,8,0,3,93,1,0,2,40,26,0
28,74,Leganés,2-002-U,713,0,0,713,461,0,461,10,3,153,0,128,5,0,0,86,5,5,0,40,24,2
28,74,Leganés,2-003-A,487,0,0,487,292,0,292,3,4,113,0,92,8,0,1,49,1,1,0,12,8,0
28,74,Leganés,2-003-B,476,0,0,476,305,0,305,3,5,110,2,85,6,0,1,49,2,3,0,24,15,0
28,74,Leganés,2-004-U,557,0,0,557,355,0,355,2,9,123,0,109,6,3,0,49,5,3,0,27,16,3
28,74,Leganés,2-005-U,649,0,0,649,439,0,439,2,8,157,2,126,7,0,0,69,1,2,0,36,28,1
28,74,Leganés,2-006-U,642,0,0,642,390,0,390,4,6,140,0,124,4,1,1,61,1,3,0,27,18,0
28,74,Leganés,2-008-U,743,0,0,743,466,0,466,5,1,185,1,113,8,1,3,86,3,4,0,29,25,2
28,74,Leganés,2-009-U,639,0,0,639,361,0,361,3,4,137,0,97,13,0,1,53,5,4,0,24,20,0
28,74,Leganés,2-010-U,654,0,0,654,395,0,395,9,3,158,1,97,3,1,1,72,4,1,0,33,12,0
28,74,Leganés,2-011-A,697,0,0,697,444,0,444,6,5,170,2,134,3,0,0,73,2,2,0,29,18,0
28,74,Leganés,2-011-B,667,0,0,667,424,0,424,3,2,156,0,110,5,0,1,82,6,3,0,30,26,0
28,74,Leganés,2-013-A,521,0,0,521,299,0,299,0,1,94,0,85,12,0,3,65,6,1,0,20,10,2
28,74,Leganés,2-013-B,566,0,0,566,360,0,360,2,7,120,0,111,11,0,0,55,4,5,1,24,20,0
28,74,Leganés,2-014-U,688,0,0,688,495,0,495,2,7,252,0,95,2,0,2,69,3,1,1,30,31,0
28,74,Leganés,2-015-U,820,0,0,820,487,0,487,8,8,169,1,128,2,1,2,107,3,3,1,34,20,0
28,74,Leganés,2-016-U,647,0,0,647,402,0,402,3,6,133,1,136,7,0,0,66,4,2,0,26,18,0
28,74,Leganés,2-017-U,827,0,0,827,547,0,547,8,3,214,1,159,9,1,2,86,3,3,1,30,27,0
28,74,Leganés,2-019-A,487,0,0,487,316,0,316,4,6,128,0,72,4,0,1,65,0,1,0,23,12,0
28,74,Leganés,2-019-B,509,0,0,509,328,0,328,2,5,139,0,64,4,0,0,66,4,2,0,27,14,1
28,74,Leganés,2-020-U,885,0,0,885,623,0,623,4,9,307,0,127,9,0,0,105,7,1,0,31,23,0
28,74,Leganés,2-021-U,586,0,0,586,396,0,396,3,5,193,2,94,4,0,0,59,3,5,1,16,10,1
28,74,Leganés,2-022-U,543,0,0,543,400,0,400,8,6,165,0,83,7,1,0,67,4,3,0,39,17,0
28,74,Leganés,3-001-U,826,0,0,826,576,0,576,12,5,218,1,164,17,0,2,80,7,5,0,34,31,0
28,74,Leganés,3-002-U,852,0,0,852,566,0,566,3,7,160,0,186,14,0,0,105,9,7,0,55,19,1
28,74,Leganés,3-003-U,697,0,0,697,445,0,445,2,5,139,0,143,11,0,2,82,1,2,2,22,33,1
28,74,Leganés,3-004-A,631,0,0,631,382,0,382,6,5,115,0,111,8,0,1,71,5,1,0,36,22,1
28,74,Leganés,3-004-B,576,0,0,576,340,0,340,7,3,99,0,103,9,0,1,62,2,5,1,30,16,2
28,74,Leganés,3-006-U,809,0,0,809,515,0,515,5,7,165,1,160,7,0,2,78,6,5,1,39,39,0
28,74,Leganés,3-007-U,906,0,0,906,621,0,621,6,9,179,3,226,14,0,0,86,7,4,0,56,30,1
28,74,Leganés,3-008-A,570,0,0,570,339,0,339,5,7,129,0,99,2,0,0,51,3,2,1,24,16,0
28,74,Leganés,3-008-B,561,0,0,561,340,0,340,4,3,128,0,94,3,1,1,50,1,2,2,30,21,0
28,74,Leganés,3-012-A,585,0,0,585,350,0,350,1,5,113,1,100,6,0,0,64,2,1,2,27,27,1
28,74,Leganés,3-012-B,618,0,0,618,390,0,390,1,8,128,1,102,11,0,0,67,3,1,0,48,20,0
28,74,Leganés,3-013-A,482,0,0,482,267,0,267,3,1,91,0,70,5,1,2,43,4,4,0,27,15,1
28,74,Leganés,3-013-B,509,0,0,509,311,0,311,2,2,87,1,86,8,1,0,76,5,1,0,23,18,1
28,74,Leganés,3-014-A,588,0,0,588,442,0,442,7,9,169,0,107,5,0,0,92,3,7,0,25,18,0
28,74,Leganés,3-014-B,596,0,0,596,427,0,427,0,2,171,0,85,10,0,1,78,6,5,0,44,24,1
28,74,Leganés,3-015-A,721,0,0,721,545,0,545,8,2,206,1,121,9,0,0,125,9,1,2,29,32,0
28,74,Leganés,3-015-B,722,0,0,722,555,0,555,6,6,211,0,120,6,0,0,120,11,0,2,28,44,1
28,74,Leganés,3-016-A,636,0,0,636,474,0,474,12,3,191,1,97,11,0,0,112,5,2,1,21,18,0
28,74,Leganés,3-016-B,664,0,0,664,534,0,534,9,4,248,0,90,5,0,0,117,10,2,2,25,22,0
28,74,Leganés,3-017-U,925,0,0,925,573,0,573,5,3,241,0,111,8,0,1,108,10,4,0,49,33,0
28,74,Leganés,3-018-A,757,0,0,757,491,0,491,15,11,159,3,104,7,0,1,123,4,1,0,28,34,1
28,74,Leganés,3-018-B,786,0,0,786,536,0,536,5,5,163,0,134,4,0,0,159,11,2,0,24,29,0
28,74,Leganés,3-019-A,633,0,0,633,493,1,494,12,9,202,0,93,6,0,2,103,11,4,1,18,32,1
28,74,Leganés,3-019-B,635,0,0,635,485,0,485,3,12,186,1,104,6,0,0,98,9,2,0,30,34,0
28,74,Leganés,3-020-A,867,0,0,867,700,0,700,14,12,319,0,114,10,0,0,155,13,4,0,39,20,0
28,74,Leganés,3-020-B,959,0,0,959,766,0,766,18,9,350,2,117,10,0,1,179,14,1,1,44,20,0
28,74,Leganés,3-021-A,605,0,0,605,477,0,477,5,7,178,1,78,15,0,0,106,13,4,1,27,42,0
28,74,Leganés,3-021-B,790,0,0,790,638,0,638,7,8,228,0,116,14,0,0,177,22,3,1,27,34,1
28,74,Leganés,3-021-C,632,0,0,632,507,0,507,4,5,213,0,83,10,1,0,121,14,2,0,28,25,1
28,74,Leganés,3-022-A,701,0,0,701,532,0,532,14,7,212,0,101,0,15,0,99,9,3,0,34,35,3
28,74,Leganés,3-022-B,779,0,0,779,589,0,589,7,12,210,0,111,17,0,0,138,13,2,1,39,38,1
28,74,Leganés,3-023-A,780,0,0,780,625,0,625,9,6,278,1,94,9,1,1,152,13,4,0,29,27,1
28,74,Leganés,3-023-B,821,0,0,821,674,0,674,5,5,295,2,100,4,0,2,168,25,2,0,37,27,2
28,74,Leganés,3-024-A,803,0,0,803,626,0,626,7,9,196,0,108,15,0,0,182,12,4,0,45,46,2
28,74,Leganés,3-024-B,889,0,0,889,709,0,709,13,10,250,3,126,12,1,1,201,7,5,1,47,32,0
28,74,Leganés,4-001-U,902,0,0,902,587,0,587,4,4,234,1,145,6,0,0,114,8,4,1,42,23,1
28,74,Leganés,4-002-U,895,0,0,895,594,0,594,5,6,180,0,189,15,1,0,110,4,6,0,31,46,1
28,74,Leganés,4-003-U,887,0,0,887,616,0,616,4,7,244,0,142,13,0,0,114,4,6,0,44,37,1
28,74,Leganés,4-004-U,703,0,0,703,511,0,511,7,5,158,1,145,7,0,2,102,6,11,0,30,36,1
28,74,Leganés,4-005-U,880,0,0,880,639,0,639,1,5,230,1,179,8,0,0,123,10,4,0,39,38,1
28,74,Leganés,4-006-U,671,0,0,671,478,0,478,4,5,141,1,155,6,0,1,101,2,5,0,29,28,0
28,74,Leganés,4-007-U,826,0,0,826,592,0,592,7,1,202,0,170,9,0,0,126,3,6,1,27,39,1
28,74,Leganés,4-008-U,719,0,0,719,496,0,496,8,7,142,1,158,7,0,0,102,3,6,0,25,37,0
28,74,Leganés,4-009-A,471,0,0,471,302,0,302,2,2,91,1,100,6,0,0,60,1,0,0,20,18,1
28,74,Leganés,4-009-B,541,0,0,541,359,0,359,4,2,120,0,114,8,0,0,68,3,6,0,25,9,0
28,74,Leganés,4-010-A,501,0,0,501,374,0,374,3,7,123,0,125,10,0,2,62,3,4,0,16,19,0
28,74,Leganés,4-010-B,511,0,0,511,379,0,379,6,6,129,0,127,7,0,0,63,3,0,0,17,21,0
28,74,Leganés,4-011-U,679,0,0,679,514,0,514,3,4,173,0,166,5,0,2,93,5,1,0,24,36,2
28,74,Leganés,4-012-U,645,0,0,645,424,0,424,3,7,131,0,121,12,0,1,91,1,3,0,30,24,0
28,74,Leganés,4-013-A,467,0,0,467,339,0,339,4,3,137,0,105,1,0,2,52,1,4,0,13,16,1
28,74,Leganés,4-013-B,506,0,0,506,378,0,378,6,4,141,0,116,5,0,0,63,6,2,0,11,24,0
28,74,Leganés,4-014-U,707,0,0,707,490,0,490,4,4,167,1,134,7,0,0,97,4,3,0,34,34,1
28,74,Leganés,4-015-U,810,0,0,810,569,0,569,3,4,228,1,165,2,0,3,99,5,4,0,28,27,0
28,74,Leganés,4-016-U,649,0,0,649,453,0,453,3,8,147,0,133,5,0,1,104,4,1,0,20,27,0
28,74,Leganés,4-017-A,529,0,0,529,394,0,394,2,4,123,0,115,3,1,0,83,2,5,1,19,34,2
28,74,Leganés,4-017-B,535,0,0,535,401,0,401,2,7,140,0,119,5,0,0,66,5,2,0,20,33,2
28,74,Leganés,4-018-U,797,0,0,797,500,0,500,6,9,207,3,127,6,0,0,79,6,3,1,32,20,1
28,74,Leganés,4-019-A,517,0,0,517,381,0,381,2,7,141,1,88,6,0,0,73,6,3,0,29,23,2
28,74,Leganés,4-019-B,510,0,0,510,357,0,357,2,6,111,0,81,6,0,0,84,6,5,1,29,25,1
28,74,Leganés,4-020-U,717,0,0,717,487,0,487,4,2,159,1,138,11,0,0,92,3,2,1,46,28,0
28,74,Leganés,4-021-U,782,0,0,782,565,0,565,8,7,171,0,176,10,0,0,100,2,5,0,36,48,2
28,74,Leganés,4-022-U,711,0,0,711,505,0,505,5,7,157,0,152,0,0,0,103,8,3,0,28,42,0
28,74,Leganés,4-023-U,932,0,0,932,664,0,664,3,10,225,0,195,9,0,0,123,7,7,0,51,31,3
28,74,Leganés,4-024-U,892,0,0,892,663,0,663,8,6,194,0,203,5,1,1,142,9,5,0,31,58,0
28,74,Leganés,4-025-U,828,0,0,828,578,0,578,0,6,219,1,177,10,0,0,84,5,4,1,42,28,1
28,74,Leganés,4-026-U,720,0,0,720,515,0,515,2,8,159,0,157,8,0,0,104,6,5,1,38,27,0
28,74,Leganés,4-027-U,640,0,0,640,462,0,462,5,5,174,2,124,7,0,3,84,6,5,1,24,22,0
28,74,Leganés,4-028-U,812,0,0,812,548,0,548,5,10,165,0,169,2,0,1,106,4,7,0,25,49,5
28,74,Leganés,4-029-U,889,0,0,889,636,0,636,8,5,243,1,180,5,0,3,113,5,5,1,38,29,0
28,74,Leganés,4-030-U,824,0,0,824,567,0,567,4,10,177,1,187,5,2,0,106,6,3,1,24,41,0
28,74,Leganés,4-031-U,693,0,0,693,456,0,456,1,3,174,0,129,10,0,3,71,6,2,0,31,26,0
28,74,Leganés,4-032-A,498,0,0,498,353,0,353,6,1,115,0,121,5,0,0,58,1,3,0,19,22,2
28,74,Leganés,4-032-B,516,0,0,516,361,0,361,2,3,121,0,124,4,0,2,56,2,2,1,28,16,0
28,74,Leganés,4-033-U,820,0,0,820,579,0,579,7,6,187,0,184,4,0,2,111,1,4,1,41,31,0
28,74,Leganés,4-034-U,839,0,0,839,590,0,590,8,9,173,2,206,6,0,3,113,8,2,1,26,29,4
28,74,Leganés,4-035-U,916,0,0,916,658,0,658,8,14,221,0,192,14,0,1,115,10,2,1,49,30,1
28,74,Leganés,4-036-U,883,0,0,883,624,0,624,9,6,240,2,164,5,0,0,108,4,3,0,35,48,0
28,74,Leganés,4-037-A,493,0,0,493,375,0,375,4,3,149,0,97,7,0,0,78,4,2,0,17,14,0
28,74,Leganés,4-037-B,477,0,0,477,363,0,363,2,4,136,0,101,3,0,0,79,4,2,0,15,17,0
28,74,Leganés,4-038-U,802,0,0,802,571,0,571,6,5,192,1,180,14,1,2,108,5,3,0,24,29,1
28,74,Leganés,4-039-U,738,0,0,738,514,0,514,2,13,181,0,150,8,1,1,99,3,3,0,26,27,0
28,74,Leganés,4-040-U,855,0,0,855,619,0,619,1,1,189,1,203,19,1,0,108,2,6,0,40,47,1
28,74,Leganés,4-041-U,789,0,0,789,557,0,557,1,8,171,2,173,3,0,0,116,1,3,0,44,35,0
28,74,Leganés,5-001-A,574,0,0,574,433,0,433,5,2,161,1,108,6,0,0,88,5,3,0,23,31,0
28,74,Leganés,5-001-B,636,0,0,636,481,0,481,8,2,180,0,110,4,2,0,96,7,6,1,35,30,0
28,74,Leganés,5-002-A,766,0,0,766,581,0,581,0,9,198,1,144,7,0,1,117,11,3,2,26,61,1
28,74,Leganés,5-002-B,839,0,0,839,629,0,629,5,7,223,1,168,5,0,2,126,12,6,1,31,41,1
28,74,Leganés,5-003-A,702,0,0,702,486,0,486,5,6,174,1,118,7,1,0,102,7,1,0,32,29,3
28,74,Leganés,5-003-B,631,0,0,631,433,0,433,5,5,178,0,109,4,0,2,64,9,2,0,36,19,0
28,74,Leganés,5-004-U,786,1,0,787,607,0,607,5,9,249,0,156,1,0,1,102,11,5,0,44,23,1
28,74,Leganés,5-005-A,581,0,0,581,464,0,464,3,1,209,0,104,3,1,0,89,8,2,1,17,25,1
28,74,Leganés,5-005-B,577,0,0,577,441,0,441,7,8,185,1,116,3,0,0,86,4,1,0,16,14,0
28,74,Leganés,5-006-A,557,0,0,557,422,0,422,7,6,175,2,88,2,2,0,81,11,2,0,22,24,0
28,74,Leganés,5-006-B,547,0,0,547,422,0,422,4,5,188,1,106,1,0,1,75,6,0,0,10,25,0
28,74,Leganés,5-007-A,587,0,0,587,408,0,408,3,5,158,1,76,11,0,2,79,5,3,0,39,25,1
28,74,Leganés,5-007-B,573,0,0,573,379,0,379,5,6,151,1,66,6,1,0,74,7,7,0,32,22,1
28,74,Leganés,5-008-U,772,0,0,772,553,0,553,2,5,217,0,128,1,0,0,141,7,3,0,17,32,0
28,74,Leganés,5-009-A,615,0,0,615,417,0,417,6,4,97,0,117,7,1,0,111,4,5,1,31,33,0
28,74,Leganés,5-009-B,647,0,0,647,479,0,479,9,2,127,0,134,10,0,1,122,6,4,0,23,40,1
28,74,Leganés,5-010-U,901,0,0,901,692,0,692,4,3,246,2,157,5,0,2,190,12,4,0,35,32,0
28,74,Leganés,5-011-U,744,0,0,744,405,0,405,6,4,146,0,90,4,0,1,90,9,4,0,35,15,1
28,74,Leganés,5-012-A,594,0,0,594,438,0,438,5,5,128,0,92,4,0,1,121,11,2,0,24,45,0
28,74,Leganés,5-012-B,633,0,0,633,472,0,472,0,2,169,0,84,8,0,1,124,9,1,0,27,47,0
28,74,Leganés,5-013-A,588,0,0,588,427,0,427,3,2,188,0,99,2,0,1,78,6,3,0,28,17,0
28,74,Leganés,5-013-B,532,0,0,532,403,0,403,4,7,161,1,103,0,0,0,89,6,2,0,16,14,0
28,74,Leganés,5-014-A,556,0,0,556,417,0,417,6,5,155,0,84,4,0,0,93,5,7,0,26,32,0
28,74,Leganés,5-014-B,518,0,0,518,399,0,399,6,2,156,1,95,5,0,0,83,3,7,0,22,18,1
28,74,Leganés,5-015-A,537,0,0,537,430,0,430,3,8,155,0,106,1,0,1,102,5,1,1,27,20,0
28,74,Leganés,5-015-B,522,0,0,522,395,0,395,6,3,140,0,92,2,0,0,92,3,3,0,26,25,3
28,74,Leganés,5-016-A,876,0,0,876,676,0,676,4,9,190,1,160,10,0,1,181,15,5,0,45,52,3
28,74,Leganés,5-016-B,877,0,0,877,642,0,642,8,9,173,3,165,5,0,1,186,5,6,0,41,39,1
28,74,Leganés,5-017-A,646,0,0,646,461,0,461,5,5,141,1,122,3,0,2,105,6,5,0,36,30,0
28,74,Leganés,5-017-B,670,0,0,670,488,0,488,9,8,176,0,113,0,0,0,113,6,1,0,29,33,0
28,74,Leganés,5-018-U,921,1,0,922,650,0,650,9,7,210,1,142,13,0,2,159,6,3,0,46,51,1
28,74,Leganés,5-019-A,552,0,0,552,439,0,439,4,4,164,0,79,10,0,1,108,15,4,0,26,23,1
28,74,Leganés,5-019-B,722,0,0,722,551,0,551,6,12,240,0,79,12,0,2,125,5,4,0,36,30,0
28,74,Leganés,5-019-C,650,0,0,650,520,0,520,9,7,216,2,75,8,1,0,127,5,3,0,31,35,1
28,74,Leganés,5-020-A,742,0,0,742,506,0,506,4,8,158,0,129,10,0,0,117,8,3,0,37,32,0
28,74,Leganés,5-020-B,775,0,0,775,502,0,502,6,15,147,2,123,5,1,0,111,6,9,1,30,46,0
28,74,Leganés,5-021-A,522,0,0,522,395,0,395,5,5,124,1,96,2,1,2,98,7,4,1,27,22,0
28,74,Leganés,5-021-B,502,0,0,502,385,0,385,2,12,126,0,99,7,0,1,84,5,4,0,22,23,0
28,74,Leganés,6-001-U,934,0,0,934,606,0,606,4,9,217,0,174,9,0,2,110,6,3,2,42,28,0
28,74,Leganés,6-002-U,727,0,0,727,420,0,420,1,7,152,0,110,5,0,0,84,1,3,0,26,28,3
28,74,Leganés,6-003-A,881,0,0,881,578,0,578,5,6,243,0,115,9,0,0,101,15,6,0,50,28,0
28,74,Leganés,6-003-B,892,0,0,892,614,0,614,8,8,271,0,121,6,0,1,132,6,4,0,31,25,1
28,74,Leganés,6-004-A,494,0,0,494,228,0,228,1,6,72,0,59,9,1,0,52,0,2,0,20,6,0
28,74,Leganés,6-004-B,538,0,0,538,270,0,270,2,4,91,1,66,10,0,1,53,1,2,0,20,18,1
28,74,Leganés,6-005-A,491,0,0,491,249,0,249,4,1,87,0,76,4,1,0,34,1,5,0,29,7,0
28,74,Leganés,6-005-B,468,0,0,468,240,0,240,4,2,85,0,60,7,2,1,39,1,2,0,27,9,1
28,74,Leganés,6-006-U,764,0,0,764,450,0,450,7,7,163,2,115,13,1,0,77,4,3,0,34,24,0
28,74,Leganés,6-008-A,617,0,0,617,369,0,369,4,3,140,0,101,8,1,1,52,3,1,0,36,19,0
28,74,Leganés,6-008-B,644,0,0,644,370,0,370,6,2,138,1,93,7,1,1,73,1,3,0,28,16,0
28,74,Leganés,6-010-A,684,0,0,684,479,0,479,4,5,187,2,86,5,0,1,110,4,4,0,48,23,0
28,74,Leganés,6-010-B,677,0,0,677,477,0,477,10,6,187,0,76,13,0,0,95,7,6,0,52,24,1
28,74,Leganés,7-001-A,504,0,0,504,397,0,397,1,1,210,3,67,5,0,0,55,7,4,0,28,16,0
28,74,Leganés,7-001-B,492,0,0,492,382,0,382,8,0,194,2,83,3,0,0,49,1,1,0,31,10,0
28,74,Leganés,7-002-A,743,0,0,743,586,0,586,13,8,273,0,95,3,0,1,106,11,3,1,45,25,2
28,74,Leganés,7-002-B,743,0,0,743,558,0,558,5,7,266,0,81,5,0,1,108,6,2,0,44,33,0
28,74,Leganés,7-003-A,734,0,0,734,595,0,595,7,9,259,0,101,4,0,0,143,6,1,0,35,29,1
28,74,Leganés,7-003-B,685,0,0,685,550,0,550,7,3,245,0,75,8,0,1,129,8,8,0,46,20,0
28,74,Leganés,7-004-A,596,0,0,596,448,0,448,7,4,178,0,88,3,0,0,104,6,3,0,37,18,0
28,74,Leganés,7-004-B,744,0,0,744,552,0,552,14,8,218,1,102,6,0,2,133,12,4,0,26,26,0
28,74,Leganés,7-004-C,623,0,0,623,491,0,491,4,6,200,1,88,6,0,1,111,12,3,0,43,16,0
28,74,Leganés,7-005-A,853,0,0,853,652,0,652,11,4,279,0,114,8,0,0,150,12,6,2,45,21,0
28,74,Leganés,7-005-B,923,0,0,923,715,0,715,9,7,311,2,118,7,0,1,158,10,8,0,50,33,1
28,74,Leganés,7-006-A,494,0,0,494,377,0,377,5,5,143,0,60,9,0,0,103,4,2,0,24,21,1
28,74,Leganés,7-006-B,509,0,0,509,380,0,380,7,3,155,1,67,5,0,0,81,5,0,1,29,26,0
28,74,Leganés,7-007-A,532,0,0,532,367,0,367,6,6,141,0,75,12,1,0,73,4,4,0,23,20,2
28,74,Leganés,7-007-B,560,0,0,560,403,0,403,3,5,151,0,66,8,0,0,91,14,6,0,33,25,1
28,75,Loeches,1-001-A,837,0,0,837,619,1,620,2,4,256,1,179,1,1,2,87,3,3,0,49,32,0
28,75,Loeches,1-001-B,781,0,0,781,551,1,552,3,14,267,0,126,0,0,0,77,4,6,1,37,17,0
28,75,Loeches,1-002-A,544,0,0,544,340,1,341,3,5,159,0,80,0,0,0,47,3,3,1,28,12,0
28,75,Loeches,1-002-B,600,0,0,600,426,2,428,8,12,177,2,95,0,0,0,66,7,5,0,33,22,1
28,75,Loeches,1-003-A,511,0,0,511,397,3,400,4,1,191,3,88,0,0,0,46,5,5,0,32,25,0
28,75,Loeches,1-003-B,535,0,0,535,398,3,401,2,5,201,1,84,0,0,2,58,5,3,1,31,8,0
28,75,Loeches,1-004-A,538,0,0,538,417,2,419,2,4,223,2,64,0,1,1,56,2,3,0,39,22,0
28,75,Loeches,1-004-B,563,0,0,563,426,2,428,5,2,211,0,60,2,0,1,78,7,5,0,36,20,1
28,75,Loeches,1-005-A,718,0,0,718,476,2,478,11,8,228,4,69,1,0,1,77,7,5,0,45,22,0
28,75,Loeches,1-005-B,731,0,0,731,520,0,520,9,7,234,1,101,0,1,1,74,7,3,2,55,24,1
28,76,Lozoya,1-001-U,471,0,0,471,384,0,384,5,5,188,1,76,0,1,0,57,5,2,2,22,20,0
28,78,Madarcos,1-001-U,58,0,0,58,55,0,55,0,0,26,0,6,0,0,0,4,0,0,0,1,18,0
28,79,Madrid,1-001-U,825,0,0,825,595,1,596,7,0,298,0,77,0,0,0,116,11,2,0,40,43,2
28,79,Madrid,1-002-U,619,0,0,619,387,0,387,1,2,145,1,57,0,0,0,122,9,4,0,11,34,1
28,79,Madrid,1-003-A,546,0,0,546,352,0,352,2,4,157,0,37,0,2,0,95,3,0,2,26,24,0
28,79,Madrid,1-003-B,602,0,0,602,390,0,390,1,3,195,0,57,0,1,0,78,12,3,0,20,20,0
28,79,Madrid,1-004-U,947,0,0,947,697,1,698,7,7,326,1,95,0,0,2,134,16,5,0,53,50,2
28,79,Madrid,1-006-A,632,0,0,632,436,0,436,4,1,159,1,76,0,0,2,127,8,3,0,19,36,0
28,79,Madrid,1-006-B,634,0,0,634,457,0,457,5,2,181,0,60,0,0,0,145,9,1,1,26,24,3
28,79,Madrid,1-007-U,618,0,0,618,428,0,428,3,2,172,2,65,0,0,0,110,5,2,0,23,43,1
28,79,Madrid,1-008-U,579,0,0,579,422,0,422,7,4,170,0,66,0,0,0,111,6,1,0,15,42,0
28,79,Madrid,1-009-A,483,0,0,483,359,0,359,2,0,142,2,61,0,0,1,96,9,4,0,18,22,2
28,79,Madrid,1-009-B,492,0,0,492,340,0,340,1,1,125,0,57,0,1,0,115,3,1,1,11,24,0
28,79,Madrid,1-011-U,799,0,0,799,514,0,514,4,1,165,0,82,0,0,0,167,6,3,0,25,59,2
28,79,Madrid,1-012-U,528,0,0,528,351,0,351,2,3,134,0,43,0,0,0,107,3,3,0,16,39,1
28,79,Madrid,1-013-U,835,0,0,835,553,0,553,2,4,145,1,81,1,0,4,207,6,4,0,17,76,5
28,79,Madrid,1-014-A,514,0,0,514,362,0,362,1,4,99,0,54,0,0,1,129,8,0,0,18,45,3
28,79,Madrid,1-014-B,514,0,0,514,394,0,394,12,2,113,0,59,0,0,0,131,4,4,1,12,55,1
28,79,Madrid,1-015-A,586,0,0,586,369,0,369,2,2,104,0,62,0,2,0,131,1,3,0,25,37,0
28,79,Madrid,1-015-B,604,0,0,604,387,1,388,6,3,138,0,56,1,0,1,128,8,2,1,16,28,0
28,79,Madrid,1-016-U,784,0,0,784,581,0,581,6,2,175,0,81,0,0,1,209,11,3,1,24,68,0
28,79,Madrid,1-018-A,695,0,0,695,494,1,495,2,2,181,4,67,1,0,1,158,5,2,1,23,44,4
28,79,Madrid,1-018-B,706,0,0,706,514,0,514,4,1,182,5,76,0,0,0,148,4,5,0,32,57,0
28,79,Madrid,1-019-A,494,0,0,494,346,1,347,2,3,123,1,58,0,0,0,101,6,3,0,9,39,2
28,79,Madrid,1-019-B,523,0,0,523,358,1,359,0,2,113,0,64,0,0,0,124,3,2,0,17,34,0
28,79,Madrid,1-020-U,925,0,0,925,625,0,625,8,4,216,0,103,1,0,1,200,8,1,0,40,40,3
28,79,Madrid,1-021-A,698,0,0,698,483,0,483,7,1,167,1,68,0,0,1,155,5,4,1,22,51,0
28,79,Madrid,1-021-B,764,0,0,764,538,0,538,5,1,188,0,88,0,0,0,150,7,1,0,25,71,2
28,79,Madrid,1-022-U,910,0,0,910,649,0,649,8,1,163,2,117,0,0,0,253,6,0,1,26,71,1
28,79,Madrid,1-023-U,921,0,0,921,555,0,555,5,3,159,1,95,0,1,0,194,8,6,0,19,64,0
28,79,Madrid,1-024-U,845,0,0,845,569,1,570,5,7,155,1,74,0,0,0,228,6,4,0,18,72,0
28,79,Madrid,1-025-U,691,0,0,691,462,0,462,6,2,142,1,55,0,0,0,164,10,5,1,20,56,0
28,79,Madrid,1-026-A,484,0,0,484,322,0,322,1,1,110,0,53,0,1,2,99,7,2,0,14,31,1
28,79,Madrid,1-026-B,479,0,0,479,325,0,325,2,0,101,0,59,0,0,1,110,6,5,0,12,26,3
28,79,Madrid,1-027-U,787,0,0,787,569,1,570,2,4,201,3,77,1,3,1,193,7,3,0,17,57,1
28,79,Madrid,1-028-U,883,0,0,883,563,0,563,6,2,147,2,75,2,0,1,221,2,3,0,15,85,2
28,79,Madrid,1-029-U,887,0,0,887,551,1,552,3,3,114,0,79,0,2,1,220,4,3,1,24,97,1
28,79,Madrid,1-030-U,669,0,0,669,389,1,390,1,4,100,1,48,0,0,1,148,8,2,0,25,52,0
28,79,Madrid,1-031-U,761,0,0,761,448,1,449,0,6,117,0,62,0,0,0,162,13,2,0,17,68,2
28,79,Madrid,1-032-A,724,0,0,724,520,1,521,5,6,144,1,88,0,0,0,197,2,6,0,12,60,0
28,79,Madrid,1-032-B,774,0,0,774,534,0,534,4,1,141,0,71,0,0,0,215,6,4,0,19,70,3
28,79,Madrid,1-033-U,818,0,0,818,515,0,515,4,1,130,0,74,0,1,0,199,5,2,0,24,72,3
28,79,Madrid,1-034-U,783,0,0,783,417,0,417,1,11,77,2,72,2,0,0,166,5,4,0,22,54,1
28,79,Madrid,1-035-U,953,0,0,953,582,0,582,3,2,122,1,87,0,2,0,226,6,6,0,36,91,0
28,79,Madrid,1-036-U,754,0,0,754,500,0,500,8,10,105,1,75,0,0,2,198,3,2,1,21,71,3
28,79,Madrid,1-037-U,711,0,0,711,472,0,472,4,3,126,1,59,1,0,0,168,8,6,0,21,74,1
28,79,Madrid,1-038-U,730,0,0,730,433,0,433,1,5,92,1,61,0,0,0,164,6,3,0,20,78,2
28,79,Madrid,1-039-U,662,0,0,662,408,0,408,2,1,108,1,78,0,1,1,148,2,0,0,11,53,2
28,79,Madrid,1-040-U,530,0,0,530,348,0,348,0,1,107,0,45,0,0,1,132,2,1,0,10,48,1
28,79,Madrid,1-041-U,604,0,0,604,398,1,399,4,4,104,0,52,0,0,0,161,5,1,1,6,60,1
28,79,Madrid,1-042-U,662,0,0,662,430,0,430,0,3,115,2,60,0,0,0,155,7,3,0,28,54,3
28,79,Madrid,1-043-U,641,0,0,641,395,0,395,1,3,70,0,62,0,0,0,165,5,2,0,20,63,4
28,79,Madrid,1-045-U,820,0,0,820,558,0,558,7,0,134,1,74,0,3,0,214,5,6,0,22,91,1
28,79,Madrid,1-046-A,461,0,0,461,309,0,309,1,1,67,0,52,0,0,1,127,5,1,1,9,44,0
28,79,Madrid,1-046-B,526,0,0,526,327,0,327,1,0,84,0,56,1,0,0,108,2,0,0,8,63,4
28,79,Madrid,1-047-A,600,0,0,600,389,0,389,3,4,101,0,61,0,0,1,156,3,0,0,12,47,1
28,79,Madrid,1-047-B,650,0,0,650,411,0,411,3,4,99,1,62,0,1,0,157,2,3,0,11,68,0
28,79,Madrid,1-048-U,747,0,0,747,441,0,441,2,5,90,1,68,0,0,0,162,5,1,0,25,82,0
28,79,Madrid,1-049-U,728,0,0,728,441,0,441,3,3,117,2,65,0,1,2,168,4,2,0,24,48,2
28,79,Madrid,1-050-U,806,0,0,806,479,0,479,3,6,129,1,90,0,1,0,150,4,2,0,9,83,1
28,79,Madrid,1-051-U,813,0,0,813,509,0,509,1,1,86,1,82,0,0,0,223,1,6,0,15,92,1
28,79,Madrid,1-053-U,853,0,0,853,574,0,574,4,3,143,1,100,0,0,1,208,4,3,0,22,82,3
28,79,Madrid,1-054-U,580,0,0,580,375,0,375,4,5,94,0,49,0,0,0,120,4,2,0,20,74,3
28,79,Madrid,1-055-U,755,0,0,755,542,0,542,7,5,167,0,75,0,1,0,194,3,1,0,14,70,5
28,79,Madrid,1-056-U,694,0,0,694,494,0,494,5,3,148,1,84,0,0,3,142,5,1,0,32,68,2
28,79,Madrid,1-057-A,546,0,0,546,394,0,394,2,1,178,0,44,0,0,0,105,6,6,0,17,32,3
28,79,Madrid,1-057-B,533,0,0,533,379,0,379,1,1,144,1,52,0,0,0,109,10,1,3,28,28,1
28,79,Madrid,1-058-U,510,2,0,512,367,1,368,1,1,150,0,49,0,0,0,105,5,3,0,11,42,1
28,79,Madrid,1-059-A,533,0,0,533,338,0,338,0,0,100,1,52,1,0,0,112,7,1,0,16,48,0
28,79,Madrid,1-059-B,539,0,0,539,366,0,366,1,1,109,0,67,0,0,0,120,3,4,0,13,48,0
28,79,Madrid,1-061-U,581,0,0,581,390,0,390,2,1,136,0,54,0,0,1,129,8,4,1,14,40,0
28,79,Madrid,1-062-U,665,0,0,665,469,0,469,2,4,175,1,88,0,0,1,139,4,0,0,23,32,0
28,79,Madrid,1-063-U,527,0,0,527,360,0,360,1,1,145,0,51,0,0,1,103,10,0,0,13,31,4
28,79,Madrid,1-064-U,569,0,0,569,385,0,385,4,5,154,1,69,0,0,1,108,2,0,0,14,26,1
28,79,Madrid,1-065-U,561,0,0,561,386,0,386,4,2,129,1,42,0,0,0,124,4,1,2,24,53,0
28,79,Madrid,1-066-U,821,0,0,821,500,1,501,2,2,167,0,84,0,0,2,163,3,3,0,24,49,2
28,79,Madrid,1-067-U,771,0,0,771,491,0,491,6,2,183,2,76,0,0,0,148,4,3,1,26,37,3
28,79,Madrid,1-068-U,548,0,0,548,366,0,366,2,2,185,0,50,0,0,0,88,2,1,0,13,21,2
28,79,Madrid,1-069-U,590,0,0,590,355,0,355,8,1,122,0,42,0,0,2,116,4,7,0,17,35,1
28,79,Madrid,1-071-U,557,0,0,557,384,1,385,6,2,187,4,48,0,0,0,81,4,4,1,31,15,2
28,79,Madrid,1-072-A,533,0,0,533,352,0,352,0,2,165,0,54,0,0,0,75,11,0,0,21,23,1
28,79,Madrid,1-072-B,522,0,0,522,363,0,363,3,1,195,0,48,0,0,0,71,6,1,0,25,13,0
28,79,Madrid,1-073-A,624,0,0,624,422,0,422,7,1,272,0,38,0,1,1,45,12,1,0,28,15,1
28,79,Madrid,1-073-B,642,0,0,642,440,0,440,4,2,266,0,50,0,0,0,64,6,1,0,28,17,2
28,79,Madrid,1-074-A,521,0,0,521,329,1,330,2,0,146,0,46,0,0,1,85,11,1,0,18,20,0
28,79,Madrid,1-074-B,541,0,0,541,344,0,344,3,1,147,0,35,0,0,0,114,7,0,0,17,20,0
28,79,Madrid,1-075-U,880,0,0,880,527,1,528,3,4,229,0,98,0,1,1,121,7,1,0,19,43,1
28,79,Madrid,1-076-U,877,0,0,877,519,0,519,3,2,198,0,92,0,0,1,154,7,4,0,30,26,2
28,79,Madrid,1-077-U,920,0,0,920,581,0,581,3,4,236,1,92,0,1,0,179,8,1,1,17,34,4
28,79,Madrid,1-079-A,509,0,0,509,364,1,365,5,0,161,0,50,1,0,0,91,4,2,0,16,32,3
28,79,Madrid,1-079-B,458,0,0,458,310,1,311,2,1,149,1,38,0,0,0,81,4,1,0,14,18,2
28,79,Madrid,1-081-A,509,0,0,509,311,0,311,3,1,140,0,46,0,0,0,82,10,1,0,14,13,1
28,79,Madrid,1-081-B,535,0,0,535,338,0,338,1,3,139,0,64,0,0,0,95,8,2,0,7,17,2
28,79,Madrid,1-082-A,558,0,0,558,345,0,345,5,2,169,1,53,0,1,0,73,5,1,0,15,18,2
28,79,Madrid,1-082-B,615,0,0,615,391,0,391,2,3,182,0,60,0,1,1,89,9,6,0,18,18,2
28,79,Madrid,1-084-A,572,0,0,572,412,0,412,4,1,234,3,41,0,0,0,57,9,2,1,33,24,3
28,79,Madrid,1-084-B,564,0,0,564,414,0,414,5,5,251,1,38,0,0,1,46,5,1,0,36,24,1
28,79,Madrid,1-087-U,979,0,0,979,731,0,731,5,4,463,0,76,1,0,0,104,13,1,0,36,28,0
28,79,Madrid,1-088-U,939,0,0,939,613,1,614,4,1,338,0,55,0,0,0,147,7,3,0,29,29,1
28,79,Madrid,1-089-A,531,0,0,531,360,0,360,4,3,169,0,54,0,0,0,82,9,0,0,16,22,1
28,79,Madrid,1-089-B,525,0,0,525,363,0,363,3,3,184,1,56,0,0,0,76,9,2,0,18,10,1
28,79,Madrid,1-090-U,616,0,0,616,406,0,406,1,3,185,0,49,0,0,0,100,9,3,0,29,27,0
28,79,Madrid,1-091-U,755,0,0,755,504,0,504,8,2,188,4,64,0,0,0,159,5,4,1,27,40,2
28,79,Madrid,1-092-U,512,0,0,512,372,0,372,4,2,110,1,65,0,1,0,135,8,2,1,16,27,0
28,79,Madrid,1-093-A,468,0,0,468,308,0,308,1,1,104,0,57,0,0,0,89,6,4,0,7,38,1
28,79,Madrid,1-093-B,526,0,0,526,342,0,342,2,3,105,2,63,0,0,0,127,4,3,1,7,25,0
28,79,Madrid,1-094-A,489,0,0,489,318,0,318,5,1,116,0,37,0,0,0,112,4,1,0,14,25,3
28,79,Madrid,1-094-B,541,0,0,541,332,0,332,1,1,97,1,57,0,0,1,110,8,3,0,11,40,2
28,79,Madrid,1-095-A,482,0,0,482,306,0,306,0,0,86,0,53,0,0,0,111,4,3,1,16,32,0
28,79,Madrid,1-095-B,488,0,0,488,310,0,310,4,0,103,0,45,0,0,0,93,3,6,0,18,38,0
28,79,Madrid,1-096-U,651,0,0,651,399,0,399,2,0,160,1,63,0,0,0,118,3,2,1,19,28,2
28,79,Madrid,1-097-A,471,0,0,471,297,0,297,3,0,83,2,53,0,0,0,100,4,4,0,14,34,0
28,79,Madrid,1-097-B,527,0,0,527,329,0,329,3,2,91,0,53,1,0,0,126,4,6,0,10,33,0
28,79,Madrid,1-098-U,798,0,0,798,524,0,524,2,1,156,1,76,0,0,1,203,10,3,2,17,51,1
28,79,Madrid,1-099-U,868,0,0,868,570,0,570,5,4,165,1,95,0,0,1,196,13,5,0,31,52,2
28,79,Madrid,1-100-U,826,0,0,826,533,0,533,4,3,164,0,86,0,1,3,180,7,6,3,20,55,1
28,79,Madrid,1-101-U,790,0,0,790,519,0,519,1,2,151,0,77,0,0,0,197,9,4,0,19,59,0
28,79,Madrid,1-102-U,781,0,0,781,527,0,527,5,7,164,1,73,0,0,0,193,9,3,0,17,55,0
28,79,Madrid,1-103-A,544,0,0,544,396,0,396,2,0,208,0,46,0,0,0,73,3,4,1,28,30,1
28,79,Madrid,1-103-B,525,0,0,525,360,0,360,4,2,168,0,45,0,1,73,3,4,1,28,30,1,0
28,79,Madrid,1-104-U,849,0,0,849,577,0,577,6,3,182,0,91,0,0,1,210,5,0,0,20,58,1
28,79,Madrid,1-105-U,974,0,0,974,684,0,684,5,15,208,2,94,0,0,0,252,13,1,1,13,78,2
28,79,Madrid,1-106-U,894,0,0,894,655,0,655,9,7,321,1,80,0,0,0,148,10,6,0,32,39,2
28,79,Madrid,1-107-U,963,0,0,963,706,0,706,11,5,377,0,77,0,0,0,149,8,0,1,55,21,2
28,79,Madrid,1-108-A,538,0,0,538,370,0,370,5,3,144,0,71,0,0,1,90,4,2,1,21,27,1
28,79,Madrid,1-108-B,481,0,0,481,325,0,325,2,1,149,0,42,0,1,1,81,6,1,0,18,20,3
28,79,Madrid,1-109-U,670,0,0,670,476,0,476,4,3,163,0,69,0,0,1,160,10,5,0,17,43,1
28,79,Madrid,1-110-U,613,0,0,613,414,1,415,4,2,160,0,77,0,0,0,105,12,4,0,16,35,0
28,79,Madrid,1-111-U,644,0,0,644,450,0,450,4,3,193,1,56,0,1,0,135,7,2,1,17,29,1
28,79,Madrid,1-112-U,787,0,0,787,512,1,513,4,3,214,3,77,0,1,1,123,4,9,0,22,51,1
28,79,Madrid,1-113-U,728,0,0,728,446,0,446,3,3,134,2,62,0,0,2,164,5,3,0,23,42,3
28,79,Madrid,1-114-A,539,0,0,539,354,0,354,0,2,100,0,55,0,0,0,137,3,2,0,18,37,0
28,79,Madrid,1-114-B,545,0,0,545,348,0,348,5,0,94,1,57,0,0,1,115,8,1,1,15,50,0
28,79,Madrid,1-115-U,728,0,0,728,478,0,478,5,1,200,1,51,0,1,0,142,7,2,0,28,40,0
28,79,Madrid,1-116-U,874,0,0,874,549,0,549,6,2,223,3,76,0,0,0,164,6,5,0,24,39,1
28,79,Madrid,1-117-A,556,0,0,556,354,0,354,1,1,152,1,47,1,0,0,84,7,0,0,30,30,0
28,79,Madrid,1-117-B,567,0,0,567,348,0,348,2,2,146,2,47,0,1,1,95,6,3,0,24,18,1
28,79,Madrid,1-118-U,526,0,0,526,305,0,305,4,3,138,0,37,0,0,0,77,6,2,0,16,22,0
28,79,Madrid,1-119-U,632,0,0,632,352,0,352,3,3,131,1,66,0,0,0,83,5,1,2,27,30,0
28,79,Madrid,1-120-U,558,0,0,558,348,0,348,4,1,137,0,41,0,0,1,111,4,2,0,20,27,0
28,79,Madrid,1-121-A,532,0,0,532,355,0,355,6,1,144,0,46,0,0,0,102,6,3,0,20,24,3
28,79,Madrid,1-121-B,576,0,0,576,360,0,360,4,2,134,1,54,0,0,0,112,5,0,0,18,29,1
28,79,Madrid,1-123-U,526,0,0,526,361,1,362,0,4,153,1,57,0,0,2,97,1,0,0,18,27,2
28,79,Madrid,1-124-U,510,0,0,510,319,0,319,6,2,155,2,35,0,0,1,83,3,1,0,24,6,1
28,79,Madrid,2-001-U,895,0,0,895,640,1,641,8,1,247,0,96,1,0,0,203,9,2,0,20,54,0
28,79,Madrid,2-002-A,576,0,0,576,407,0,407,0,1,165,1,69,0,0,0,105,7,2,0,22,34,1
28,79,Madrid,2-002-B,557,0,0,557,418,0,418,3,4,162,0,80,0,0,0,122,5,5,0,16,21,0
28,79,Madrid,2-003-U,930,0,0,930,732,0,732,6,0,389,1,82,0,0,1,126,21,2,0,57,46,1
28,79,Madrid,2-004-U,765,0,0,765,598,0,598,7,2,302,0,47,0,0,0,128,12,7,1,63,28,1
28,79,Madrid,2-005-U,642,0,0,642,499,0,499,10,4,222,0,77,0,1,0,128,11,1,0,18,27,0
28,79,Madrid,2-006-A,843,0,0,843,672,0,672,7,4,311,0,96,0,1,1,152,6,2,0,35,54,3
28,79,Madrid,2-006-B,930,0,0,930,737,0,737,7,4,347,1,93,1,0,2,152,14,2,0,54,60,0
28,79,Madrid,2-007-U,572,0,0,572,449,0,449,4,2,243,0,33,0,0,0,85,11,4,0,45,21,1
28,79,Madrid,2-008-A,617,0,0,617,444,0,444,4,3,174,1,65,0,0,0,120,4,2,0,26,45,0
28,79,Madrid,2-008-B,673,0,0,673,475,0,475,4,3,184,1,66,0,0,0,155,3,0,0,16,42,1
28,79,Madrid,2-009-A,839,0,0,839,653,0,653,10,8,296,2,105,0,1,0,144,8,2,0,30,46,1
28,79,Madrid,2-009-B,825,0,0,825,642,0,642,3,2,292,0,104,0,0,0,159,17,3,1,17,42,2
28,79,Madrid,2-010-U,851,0,0,851,639,0,639,10,6,263,1,82,0,0,0,186,8,3,0,40,40,0
28,79,Madrid,2-011-U,925,0,0,925,695,0,695,4,8,323,1,113,0,0,1,149,14,3,0,38,40,1
28,79,Madrid,2-013-U,966,0,0,966,755,0,755,14,4,347,1,93,1,0,0,170,15,2,1,46,61,0
28,79,Madrid,2-014-U,863,0,0,863,631,0,631,5,6,237,0,106,0,0,0,180,15,6,0,31,43,2
28,79,Madrid,2-015-A,611,0,0,611,470,0,470,12,6,168,2,63,0,0,0,138,8,3,0,39,31,0
28,79,Madrid,2-015-B,648,0,0,648,487,0,487,8,2,198,0,54,1,1,1,137,10,4,0,32,39,0
28,79,Madrid,2-016-A,750,0,0,750,598,0,598,8,6,274,1,91,0,1,0,145,7,1,0,29,35,0
28,79,Madrid,2-016-B,819,0,0,819,670,0,670,2,6,297,0,89,0,0,0,186,15,1,1,29,44,0
28,79,Madrid,2-017-A,758,0,0,758,607,0,607,8,5,257,2,105,0,1,0,142,8,5,0,32,41,1
28,79,Madrid,2-017-B,760,0,0,760,582,0,582,5,6,244,1,94,0,0,1,150,17,5,2,25,32,0
28,79,Madrid,2-018-A,885,0,0,885,652,0,652,10,4,318,0,102,0,0,0,137,14,4,0,26,37,0
28,79,Madrid,2-018-B,918,0,0,918,693,0,693,9,9,308,0,114,0,0,0,144,13,7,0,38,51,0
28,79,Madrid,2-019-A,641,0,0,641,513,0,513,0,3,235,1,82,0,1,0,120,11,2,1,30,27,0
28,79,Madrid,2-019-B,658,0,0,658,526,0,526,7,3,228,0,67,0,0,0,139,13,2,0,34,33,0
28,79,Madrid,2-020-U,907,0,0,907,720,0,720,7,4,326,2,91,0,0,0,197,12,2,0,26,49,4
28,79,Madrid,2-021-U,854,0,0,854,643,0,643,10,5,222,2,96,0,0,0,208,3,6,0,22,68,1
28,79,Madrid,2-022-U,724,0,0,724,505,0,505,6,3,156,1,97,0,0,1,168,6,1,0,26,40,0
28,79,Madrid,2-023-U,923,0,0,923,697,0,697,1,0,268,2,121,0,0,0,199,10,4,0,21,71,0
28,79,Madrid,2-024-A,624,0,0,624,492,0,492,7,7,180,0,85,0,0,0,130,4,4,0,11,62,2
28,79,Madrid,2-024-B,680,0,0,680,517,0,517,3,3,191,2,72,0,0,0,163,7,0,0,19,54,3
28,79,Madrid,2-025-U,568,0,0,568,429,0,429,5,4,154,0,74,1,1,0,118,10,3,1,11,46,1
28,79,Madrid,2-026-A,522,0,0,522,384,0,384,0,5,146,1,69,0,0,0,106,5,3,0,20,25,4
28,79,Madrid,2-026-B,537,0,0,537,392,0,392,4,4,160,1,50,0,0,0,117,5,3,0,17,29,2
28,79,Madrid,2-027-U,816,0,0,816,641,0,641,3,6,223,2,117,0,0,2,187,12,7,0,30,52,0
28,79,Madrid,2-028-U,623,0,0,623,405,0,405,2,5,122,0,71,1,0,0,128,5,0,0,17,54,0
28,79,Madrid,2-029-U,525,0,0,525,307,0,307,2,4,84,2,61,0,0,0,96,2,2,1,9,43,1
28,79,Madrid,2-030-A,517,0,0,517,387,0,387,0,2,155,0,64,0,0,1,116,9,1,0,8,31,0
28,79,Madrid,2-030-B,522,0,0,522,406,0,406,2,3,163,1,61,0,0,0,129,4,4,0,14,25,0
28,79,Madrid,2-031-U,944,0,0,944,738,0,738,9,4,294,1,154,0,0,1,169,9,3,0,37,55,2
28,79,Madrid,2-032-U,514,0,0,514,378,0,378,3,2,150,2,56,1,0,0,115,8,2,0,17,22,0
28,79,Madrid,2-033-U,971,0,0,971,733,0,733,8,5,273,1,113,0,0,0,222,11,3,1,46,50,0
28,79,Madrid,2-034-U,715,0,0,715,507,1,508,5,5,222,2,84,0,0,2,124,6,4,0,21,32,1
28,79,Madrid,2-035-U,732,0,0,732,507,0,507,5,4,177,2,99,0,0,0,144,5,2,0,25,41,3
28,79,Madrid,2-036-U,775,0,0,775,598,0,598,6,6,248,0,99,0,1,0,169,6,0,0,29,32,2
28,79,Madrid,2-037-A,485,0,0,485,390,1,391,6,2,174,1,61,0,0,0,94,5,0,0,17,29,2
28,79,Madrid,2-037-B,539,0,0,539,422,0,422,3,1,190,4,53,0,0,1,103,7,1,0,28,28,3
28,79,Madrid,2-038-U,846,0,0,846,632,0,632,0,5,226,1,124,0,0,1,193,8,3,1,32,38,0
28,79,Madrid,2-039-U,565,0,0,565,426,0,426,6,4,162,0,54,0,0,1,131,7,2,0,28,30,1
28,79,Madrid,2-040-A,649,0,0,649,474,0,474,10,5,172,0,70,0,0,0,139,10,1,0,28,37,2
28,79,Madrid,2-040-B,722,0,0,722,539,0,539,6,3,233,2,76,0,0,1,143,8,5,0,21,40,1
28,79,Madrid,2-041-A,695,0,0,695,477,0,477,4,2,176,1,92,0,0,1,135,6,4,1,21,32,2
28,79,Madrid,2-041-B,744,0,0,744,509,0,509,7,3,182,1,91,0,0,0,148,6,2,1,26,41,1
28,79,Madrid,2-042-A,711,0,0,711,510,0,510,3,1,214,2,85,0,1,1,127,10,1,1,22,41,1
28,79,Madrid,2-042-B,669,0,0,669,482,0,482,7,2,200,3,78,0,2,0,128,5,1,0,20,34,2
28,79,Madrid,2-043-U,769,0,0,769,537,0,537,6,3,203,2,104,0,0,0,132,11,4,0,21,51,0
28,79,Madrid,2-044-A,588,0,0,588,408,0,408,2,3,163,1,65,0,0,0,116,5,1,0,10,41,1
28,79,Madrid,2-044-B,674,0,0,674,470,0,470,6,6,163,1,83,0,0,0,153,6,2,2,21,25,2
28,79,Madrid,2-045-U,758,0,0,758,506,0,506,8,4,188,1,71,0,0,1,141,8,7,0,24,52,1
28,79,Madrid,2-046-U,889,0,0,889,579,0,579,3,6,166,1,112,0,1,1,177,15,4,0,20,71,2
28,79,Madrid,2-047-A,524,1,0,525,313,0,313,1,2,97,0,55,1,2,0,105,3,2,1,7,36,1
28,79,Madrid,2-047-B,505,0,0,505,305,0,305,6,3,61,1,63,0,0,2,111,6,2,0,13,36,1
28,79,Madrid,2-048-U,844,0,0,844,527,0,527,3,1,187,1,84,0,1,0,166,9,7,0,20,45,3
28,79,Madrid,2-049-A,671,0,0,671,546,0,546,4,3,265,3,73,0,1,0,124,10,3,1,23,36,0
28,79,Madrid,2-049-B,678,0,0,678,544,0,544,8,4,222,1,85,0,0,0,148,11,3,0,25,35,2
28,79,Madrid,2-050-A,536,0,0,536,365,0,365,2,0,151,0,62,0,0,1,86,7,3,0,26,27,0
28,79,Madrid,2-050-B,499,0,0,499,354,0,354,1,1,155,1,53,1,1,1,100,5,2,0,15,15,3
28,79,Madrid,2-051-A,779,0,0,779,606,0,606,14,7,246,3,73,0,0,1,163,11,1,0,32,55,0
28,79,Madrid,2-051-B,711,0,0,711,567,0,567,6,8,250,0,79,0,1,1,138,9,2,0,26,46,1
28,79,Madrid,2-052-A,687,0,0,687,546,0,546,11,4,205,0,83,0,0,2,150,8,1,0,36,46,0
28,79,Madrid,2-052-B,627,0,0,627,492,0,492,10,2,180,2,66,0,1,0,135,12,4,0,34,46,0
28,79,Madrid,2-053-A,716,0,0,716,561,0,561,5,2,249,1,88,1,0,1,127,14,0,2,37,33,1
28,79,Madrid,2-053-B,636,0,0,636,499,0,499,4,5,235,1,77,0,0,0,94,14,4,0,26,39,0
28,79,Madrid,2-054-U,840,0,0,840,585,0,585,4,2,224,2,106,1,0,1,144,8,4,1,36,51,1
28,79,Madrid,2-055-U,947,0,0,947,715,1,716,10,6,276,2,114,0,0,0,193,15,0,1,31,66,2
28,79,Madrid,2-056-U,832,0,0,832,600,0,600,6,3,265,2,95,0,0,0,140,8,5,2,29,42,3
28,79,Madrid,2-057-A,542,0,0,542,344,1,345,3,10,125,0,69,0,0,2,90,5,4,0,12,25,0
28,79,Madrid,2-057-B,530,0,0,530,349,0,349,3,4,153,0,57,0,0,1,90,2,0,1,15,22,1
28,79,Madrid,2-058-A,620,0,0,620,413,0,413,5,3,160,2,64,0,0,2,114,5,3,0,18,35,2
28,79,Madrid,2-058-B,536,0,0,536,353,0,353,2,1,146,1,52,0,0,1,81,5,7,0,27,29,1
28,79,Madrid,2-059-U,554,0,0,554,411,0,411,7,4,151,1,69,0,1,1,127,2,1,0,15,32,0
28,79,Madrid,2-060-A,500,0,0,500,377,0,377,4,2,156,1,56,0,1,0,92,4,0,0,23,38,0
28,79,Madrid,2-060-B,501,0,0,501,346,0,346,1,2,164,0,51,0,0,0,80,5,1,0,11,30,1
28,79,Madrid,2-061-U,634,0,0,634,457,1,458,4,5,201,0,65,0,0,0,114,5,4,0,33,26,1
28,79,Madrid,2-062-U,730,0,0,730,493,0,493,3,2,172,0,89,0,0,0,150,5,5,1,31,34,1
28,79,Madrid,2-063-A,648,0,0,648,471,0,471,0,1,204,1,50,0,0,1,133,8,3,0,28,41,1
28,79,Madrid,2-063-B,595,0,0,595,417,0,417,8,3,155,2,70,0,1,4,97,7,2,0,24,43,1
28,79,Madrid,2-064-A,639,0,0,639,493,0,493,2,5,237,2,50,0,1,1,120,10,0,0,19,45,1
28,79,Madrid,2-064-B,694,0,0,694,507,0,507,3,0,216,1,65,0,0,2,138,7,0,0,26,49,0
28,79,Madrid,2-065-A,508,0,0,508,364,0,364,6,3,135,3,46,0,2,0,114,4,1,1,22,26,1
28,79,Madrid,2-065-B,574,0,0,574,398,0,398,7,4,170,0,39,0,0,0,109,5,2,0,25,37,0
28,79,Madrid,2-066-A,528,0,0,528,401,0,401,2,10,198,0,62,0,0,0,76,13,2,0,17,20,1
28,79,Madrid,2-066-B,703,0,0,703,520,0,520,0,0,221,1,84,0,0,2,131,13,2,0,30,36,0
28,79,Madrid,2-066-C,636,0,0,636,451,0,451,4,2,197,0,49,1,0,1,128,12,1,1,15,37,3
28,79,Madrid,2-067-A,509,0,0,509,333,0,333,9,0,117,1,49,0,2,0,96,5,2,0,18,34,0
28,79,Madrid,2-067-B,546,0,0,546,357,0,357,5,0,127,1,64,0,2,0,109,4,1,1,13,28,2
28,79,Madrid,2-068-U,773,0,0,773,474,1,475,0,1,180,4,86,1,0,0,143,7,2,1,10,40,0
28,79,Madrid,2-069-U,665,0,0,665,498,0,498,5,6,202,6,66,0,0,1,114,14,3,0,24,54,3
28,79,Madrid,2-070-A,490,0,0,490,376,0,376,0,0,135,0,78,0,0,0,103,5,1,0,20,33,1
28,79,Madrid,2-070-B,539,0,0,539,422,0,422,0,4,171,1,63,0,1,1,113,4,3,0,19,41,1
28,79,Madrid,2-071-A,562,0,0,562,421,0,421,4,4,177,0,57,1,0,0,124,6,0,0,14,32,2
28,79,Madrid,2-071-B,550,0,0,550,427,0,427,3,1,176,2,51,0,1,1,126,12,1,0,21,30,2
28,79,Madrid,2-072-A,634,0,0,634,483,0,483,5,4,178,0,62,0,0,0,144,3,3,0,22,59,3
28,79,Madrid,2-072-B,667,0,0,667,497,0,497,4,0,200,1,67,0,0,0,143,5,2,0,17,56,2
28,79,Madrid,2-073-A,721,0,0,721,550,0,550,8,4,216,0,86,0,1,0,140,10,4,1,19,58,3
28,79,Madrid,2-073-B,653,0,0,653,472,0,472,3,6,197,0,68,1,0,1,129,6,2,0,16,42,1
28,79,Madrid,2-074-A,647,0,0,647,490,0,490,3,0,206,2,66,0,0,0,135,6,2,0,29,39,2
28,79,Madrid,2-074-B,682,0,0,682,497,0,497,2,4,196,1,79,1,2,1,122,10,0,0,33,46,0
28,79,Madrid,2-075-A,652,0,0,652,443,0,443,4,2,160,1,85,0,0,0,136,4,5,0,19,23,4
28,79,Madrid,2-075-B,699,0,0,699,443,0,443,0,0,160,0,73,0,0,1,132,13,3,0,18,41,2
28,79,Madrid,2-077-U,847,0,0,847,595,1,596,4,2,215,0,94,0,1,2,177,6,5,0,27,60,3
28,79,Madrid,2-078-U,614,0,0,614,429,0,429,7,2,152,0,73,0,0,0,121,6,0,0,27,39,2
28,79,Madrid,2-079-U,953,0,0,953,674,0,674,6,1,292,2,90,2,1,0,156,11,1,1,52,57,2
28,79,Madrid,2-080-U,707,0,0,707,517,0,517,4,4,286,2,71,0,0,0,91,7,3,0,25,23,1
28,79,Madrid,2-081-U,820,0,0,820,567,0,567,3,7,251,0,64,0,0,1,143,10,5,0,46,35,2
28,79,Madrid,2-082-U,840,0,0,840,523,0,523,7,6,196,2,81,0,0,0,163,5,2,1,26,32,2
28,79,Madrid,2-083-A,659,0,0,659,497,0,497,7,6,185,1,78,0,0,0,140,11,5,2,27,34,1
28,79,Madrid,2-083-B,702,0,0,702,516,0,516,8,5,212,1,74,0,0,2,117,15,3,1,45,31,2
28,79,Madrid,2-085-A,536,0,0,536,442,0,442,1,0,173,2,90,0,0,0,111,10,1,0,22,30,2
28,79,Madrid,2-085-B,488,0,0,488,398,0,398,3,3,170,0,77,0,0,1,89,6,1,0,12,36,0
28,79,Madrid,2-086-A,554,0,0,554,417,0,417,4,6,150,0,72,0,0,2,121,10,3,0,19,30,0
28,79,Madrid,2-086-B,504,0,0,504,380,0,380,5,2,159,0,64,0,0,2,91,6,3,0,19,29,0
28,79,Madrid,2-087-A,951,0,0,951,762,0,762,15,8,366,0,109,0,0,0,179,15,0,1,42,27,0
28,79,Madrid,2-087-B,845,0,0,845,678,0,678,6,5,337,1,105,0,1,2,136,20,4,0,31,28,2
28,79,Madrid,2-088-U,544,0,0,544,388,0,388,7,3,138,1,52,0,0,1,122,5,1,0,18,40,0
28,79,Madrid,2-089-U,840,0,0,840,672,1,673,6,5,304,2,118,0,0,0,149,14,1,1,51,20,2
28,79,Madrid,2-090-A,746,0,0,746,589,0,589,9,3,248,1,100,1,0,1,145,17,0,1,24,38,1
28,79,Madrid,2-090-B,756,0,0,756,568,0,568,6,4,226,0,94,0,0,0,144,14,1,0,28,49,2
28,79,Madrid,2-091-U,945,0,0,945,776,0,776,7,6,333,0,115,0,0,0,207,12,7,1,47,40,1
28,79,Madrid,2-092-A,765,0,0,765,618,0,618,4,4,244,1,95,0,1,1,167,19,3,0,26,49,4
28,79,Madrid,2-092-B,791,0,0,791,612,0,612,5,4,241,3,111,0,0,1,146,7,2,0,33,58,1
28,79,Madrid,2-093-A,618,0,0,618,472,0,472,2,3,164,2,92,1,0,1,130,15,2,1,24,35,0
28,79,Madrid,2-093-B,659,0,0,659,501,0,501,5,3,169,0,103,0,0,0,146,8,1,0,15,50,1
28,79,Madrid,2-094-A,757,0,0,757,622,0,622,4,1,309,0,99,0,0,0,128,18,2,0,30,29,2
28,79,Madrid,2-094-B,723,0,0,723,591,0,591,9,0,299,2,90,1,1,1,114,13,3,0,23,34,1
28,79,Madrid,2-095-A,664,0,0,664,530,0,530,9,5,223,1,81,0,1,1,143,11,3,0,23,23,6
28,79,Madrid,2-095-B,684,0,0,684,570,0,570,5,3,248,1,77,0,0,1,158,12,2,0,30,32,1
28,79,Madrid,2-096-A,711,0,0,711,596,0,596,13,5,317,2,82,0,0,1,115,12,3,1,23,21,1
28,79,Madrid,2-096-B,747,0,0,747,615,0,615,7,4,295,1,83,0,0,0,139,25,2,1,28,29,1
28,79,Madrid,2-097-U,854,0,0,854,685,0,685,6,2,284,5,107,0,0,1,201,23,0,0,28,26,2
28,79,Madrid,2-098-U,882,0,0,882,672,0,672,4,4,324,0,83,0,0,2,156,23,4,1,30,40,1
28,79,Madrid,2-099-A,641,0,0,641,488,0,488,9,1,212,1,46,0,2,0,132,13,0,1,38,32,1
28,79,Madrid,2-099-B,672,1,0,673,512,0,512,6,3,242,0,60,0,1,0,138,11,4,0,16,31,0
28,79,Madrid,2-100-A,629,0,0,629,508,0,508,7,0,210,1,62,0,0,0,136,17,2,1,37,35,0
28,79,Madrid,2-100-B,651,0,0,651,498,0,498,9,3,207,4,63,0,0,0,125,15,3,1,35,32,1
28,79,Madrid,2-101-A,529,0,0,529,431,0,431,12,4,212,0,43,0,0,2,96,18,3,0,15,26,0
28,79,Madrid,2-101-B,557,0,0,557,443,0,443,5,0,199,2,54,0,0,0,122,13,4,0,21,23,0
28,79,Madrid,2-102-A,689,0,0,689,515,0,515,6,4,250,3,85,0,0,0,110,11,1,0,19,25,1
28,79,Madrid,2-102-B,752,0,0,752,589,0,589,9,6,264,0,87,0,0,0,139,17,3,2,38,23,1
28,79,Madrid,2-103-A,862,0,0,862,672,0,672,12,7,364,1,87,0,0,0,120,23,3,0,33,20,2
28,79,Madrid,2-103-B,893,0,0,893,692,0,692,8,4,403,1,77,0,0,0,131,24,3,0,24,16,1
28,79,Madrid,2-104-A,497,0,0,497,399,0,399,3,2,152,2,62,0,1,0,126,13,2,1,15,20,0
28,79,Madrid,2-104-B,530,0,0,530,403,0,403,4,3,176,2,54,0,1,0,112,12,2,0,18,17,2
28,79,Madrid,2-105-A,589,0,0,589,456,0,456,5,3,232,2,59,0,0,0,90,18,0,1,31,15,0
28,79,Madrid,2-105-B,599,0,0,599,467,0,467,3,0,222,0,83,0,1,0,97,7,3,0,25,25,1
28,79,Madrid,2-106-A,942,0,0,942,765,0,765,9,7,315,0,106,0,0,3,204,22,4,0,46,49,0
28,79,Madrid,2-106-B,900,0,0,900,712,0,712,7,3,305,2,114,0,0,1,193,18,3,0,26,39,1
28,79,Madrid,2-107-A,542,0,0,542,420,0,420,5,8,195,1,67,0,0,1,87,8,2,0,16,30,0
28,79,Madrid,2-107-B,539,0,0,539,418,0,418,5,2,212,0,63,0,1,0,88,6,2,0,17,20,2
28,79,Madrid,2-108-U,811,0,0,811,647,0,647,16,5,308,0,93,0,0,1,125,18,2,0,41,37,1
28,79,Madrid,2-109-A,567,0,0,567,448,0,448,4,5,207,1,60,0,0,0,107,7,1,0,24,32,0
28,79,Madrid,2-109-B,595,0,0,595,468,0,468,7,3,213,0,68,0,0,0,106,4,2,0,33,28,4
28,79,Madrid,2-110-A,575,0,0,575,481,0,481,5,3,204,1,85,0,0,0,115,19,4,0,20,24,1
28,79,Madrid,2-110-B,624,0,0,624,515,0,515,7,5,261,3,82,0,0,1,106,16,5,0,5,21,3
28,79,Madrid,2-111-A,524,0,0,524,406,0,406,8,2,155,1,59,0,0,0,113,8,4,1,30,25,0
28,79,Madrid,2-111-B,523,0,0,523,416,0,416,8,0,170,0,73,0,0,0,113,8,1,1,17,25,0
28,79,Madrid,2-112-A,584,0,0,584,481,0,481,5,7,223,0,72,0,0,1,116,5,2,0,21,28,1
28,79,Madrid,2-112-B,651,0,0,651,535,0,535,8,6,267,0,60,0,0,0,133,9,1,1,30,19,1
28,79,Madrid,2-113-A,502,0,0,502,407,0,407,8,0,230,1,36,0,0,0,86,11,1,0,20,14,0
28,79,Madrid,2-113-B,535,0,0,535,449,0,449,5,2,250,0,51,0,0,0,83,21,1,1,15,20,0
28,79,Madrid,2-114-U,923,0,0,923,730,0,730,12,5,320,1,88,0,1,0,196,28,3,1,38,37,0
28,79,Madrid,3-001-A,768,0,0,768,652,0,652,12,3,341,1,89,0,0,2,122,12,0,0,30,38,2
28,79,Madrid,3-001-B,699,0,0,699,583,0,583,10,2,314,1,103,0,1,0,82,9,4,0,24,33,0
28,79,Madrid,3-002-U,712,0,0,712,485,0,485,7,3,208,0,75,0,0,0,117,8,3,0,30,32,2
28,79,Madrid,3-003-U,678,1,0,679,535,0,535,3,6,244,0,83,0,0,1,115,10,3,0,32,38,0
28,79,Madrid,3-004-U,746,0,0,746,513,0,513,7,4,243,1,64,0,0,0,133,10,2,0,28,21,0
28,79,Madrid,3-005-U,513,0,0,513,349,0,349,3,5,166,0,48,0,0,0,82,6,8,0,8,23,0
28,79,Madrid,3-006-A,869,0,0,869,655,0,655,3,6,315,0,120,0,1,0,138,9,2,0,26,35,0
28,79,Madrid,3-006-B,857,0,0,857,652,0,652,4,4,324,5,115,0,0,0,119,11,8,0,34,28,0
28,79,Madrid,3-007-U,676,0,0,676,457,0,457,1,5,154,5,81,0,1,0,144,9,5,0,27,24,1
28,79,Madrid,3-008-U,836,0,0,836,619,0,619,5,2,294,0,81,0,0,1,141,11,3,0,37,43,1
28,79,Madrid,3-009-U,781,0,0,781,591,0,591,4,5,296,1,84,0,0,0,120,8,1,0,33,39,0
28,79,Madrid,3-010-U,860,0,0,860,640,0,640,7,4,321,0,76,0,0,1,145,7,4,2,30,42,1
28,79,Madrid,3-011-U,785,0,0,785,604,0,604,5,1,266,0,88,0,0,0,161,4,1,0,34,42,2
28,79,Madrid,3-012-U,790,0,0,790,649,0,649,5,2,321,0,90,1,1,1,127,14,1,0,46,38,2
28,79,Madrid,3-013-U,816,0,0,816,623,0,623,7,1,299,2,83,2,0,0,160,15,2,0,27,25,0
28,79,Madrid,3-014-U,957,0,0,957,714,0,714,7,3,357,1,84,0,0,0,163,14,6,0,42,35,2
28,79,Madrid,3-015-U,767,0,0,767,564,0,564,7,2,267,3,80,0,0,0,138,7,1,0,34,25,0
28,79,Madrid,3-016-U,629,0,0,629,406,0,406,5,2,150,1,75,0,0,0,117,5,1,0,35,14,1
28,79,Madrid,3-017-A,460,0,0,460,344,0,344,1,2,170,2,46,0,0,0,85,1,4,0,21,12,0
28,79,Madrid,3-017-B,513,0,0,513,380,0,380,3,3,212,0,54,0,0,0,66,5,3,0,24,10,0
28,79,Madrid,3-018-A,722,0,0,722,557,0,557,6,4,288,3,73,0,0,0,106,10,2,1,38,24,2
28,79,Madrid,3-018-B,702,0,0,702,483,0,483,4,2,229,1,74,0,1,1,110,9,2,0,27,23,0
28,79,Madrid,3-019-A,759,0,0,759,580,0,580,2,0,347,0,72,0,0,0,80,11,0,0,43,23,2
28,79,Madrid,3-019-B,750,0,0,750,600,0,600,2,4,358,0,61,0,0,0,98,16,1,1,35,24,0
28,79,Madrid,3-020-A,477,0,0,477,360,0,360,5,3,180,0,43,0,1,0,87,9,1,0,17,13,1
28,79,Madrid,3-020-B,522,0,0,522,382,0,382,5,2,178,0,67,0,0,0,89,6,0,0,19,15,1
28,79,Madrid,3-021-A,745,0,0,745,561,0,561,6,7,253,1,72,1,1,2,131,14,5,0,30,37,1
28,79,Madrid,3-021-B,685,0,0,685,520,0,520,9,2,245,0,70,0,0,0,125,15,3,0,24,26,1
28,79,Madrid,3-022-U,752,0,0,752,502,0,502,7,2,238,2,79,0,1,1,93,6,4,0,35,32,2
28,79,Madrid,3-023-U,750,0,0,750,569,0,569,7,0,279,4,74,0,0,0,105,14,6,0,47,33,0
28,79,Madrid,3-024-A,493,0,0,493,363,0,363,5,2,158,2,60,0,0,2,83,11,0,0,21,19,0
28,79,Madrid,3-024-B,494,0,0,494,392,0,392,4,5,161,1,71,0,0,0,97,6,0,0,22,25,0
28,79,Madrid,3-025-A,576,0,0,576,421,0,421,2,1,193,1,55,0,0,0,108,10,2,0,20,25,4
28,79,Madrid,3-025-B,512,0,0,512,376,0,376,2,5,165,1,42,1,0,0,106,9,1,0,18,25,1
28,79,Madrid,3-026-A,672,0,0,672,505,0,505,4,6,246,1,69,0,0,2,120,6,4,1,32,13,1
28,79,Madrid,3-026-B,696,0,0,696,542,0,542,5,4,238,2,89,0,0,0,133,9,3,0,37,21,1
28,79,Madrid,3-027-U,933,0,0,933,686,0,686,12,4,274,2,100,0,0,1,184,13,6,0,46,43,1
28,79,Madrid,3-028-A,575,0,0,575,446,0,446,8,1,187,0,74,0,0,0,107,11,2,0,26,29,1
28,79,Madrid,3-028-B,524,0,0,524,397,0,397,2,1,178,0,67,0,1,0,101,8,1,0,19,19,0
28,79,Madrid,3-029-A,619,0,0,619,499,0,499,7,2,272,1,64,0,2,1,91,9,1,0,35,13,1
28,79,Madrid,3-029-B,635,0,0,635,518,0,518,5,2,295,1,73,0,0,0,82,8,2,0,33,13,4
28,79,Madrid,3-030-U,657,0,0,657,528,0,528,3,3,374,0,36,0,0,0,56,6,0,1,33,16,0
28,79,Madrid,3-031-U,881,0,0,881,699,0,699,3,5,406,2,71,1,0,0,115,18,2,2,37,35,2
28,79,Madrid,3-032-U,858,0,0,858,687,0,687,6,3,389,4,97,0,0,0,119,6,3,0,38,22,0
28,79,Madrid,3-033-A,599,0,0,599,473,0,473,5,7,255,1,64,0,0,2,83,4,1,0,26,24,1
28,79,Madrid,3-033-B,633,0,0,633,500,0,500,7,5,258,2,67,0,0,0,100,15,0,0,24,22,0
28,79,Madrid,3-034-A,585,0,0,585,482,0,482,3,6,267,1,63,1,1,0,82,14,1,0,24,17,2
28,79,Madrid,3-034-B,542,0,0,542,419,0,419,5,3,225,0,54,0,0,0,76,11,0,0,24,21,0
28,79,Madrid,3-035-U,933,0,0,933,740,0,740,5,7,428,3,82,0,0,0,131,19,2,0,41,22,0
28,79,Madrid,3-036-U,733,0,0,733,616,0,616,6,5,380,3,74,1,1,0,80,10,0,0,36,20,0
28,79,Madrid,3-037-A,540,0,0,540,456,0,456,5,1,291,3,41,0,0,0,50,15,0,1,43,6,0
28,79,Madrid,3-037-B,551,0,0,551,465,0,465,3,2,291,0,44,0,0,0,50,13,3,0,46,12,1
28,79,Madrid,3-038-U,857,0,0,857,699,0,699,9,2,476,0,75,0,0,1,57,9,4,1,52,11,2
28,79,Madrid,3-039-U,679,0,0,679,555,0,555,3,4,319,3,71,0,0,1,67,12,1,0,55,18,1
28,79,Madrid,3-040-U,646,0,0,646,542,0,542,9,2,344,2,54,0,0,0,76,11,1,0,26,17,0
28,79,Madrid,3-041-U,929,0,0,929,752,0,752,4,3,450,1,111,0,0,0,96,16,2,1,44,24,0
28,79,Madrid,3-042-U,896,0,0,896,674,0,674,4,4,366,1,84,0,0,1,129,16,1,0,37,31,0
28,79,Madrid,3-044-U,888,0,0,888,697,0,697,10,1,358,6,79,0,0,1,152,19,2,0,33,34,2
28,79,Madrid,3-045-U,832,0,0,832,681,0,681,5,1,391,0,87,0,0,0,125,15,1,2,25,28,1
28,79,Madrid,3-046-U,716,0,0,716,588,0,588,1,3,384,1,56,0,1,0,92,5,0,1,34,10,0
28,79,Madrid,3-047-A,664,0,0,664,468,0,468,7,1,267,1,43,0,1,1,75,7,3,0,38,24,0
28,79,Madrid,3-047-B,643,0,0,643,455,0,455,6,0,274,2,49,0,0,0,66,5,0,0,45,8,0
28,79,Madrid,3-048-U,864,0,0,864,614,0,614,5,6,353,1,74,0,0,0,107,12,3,1,36,15,1
28,79,Madrid,3-049-A,655,0,0,655,491,0,491,2,4,251,2,61,1,1,0,91,6,1,0,31,40,0
28,79,Madrid,3-049-B,744,0,0,744,565,0,565,1,6,319,0,62,0,1,0,98,11,3,0,30,33,1
28,79,Madrid,3-050-A,546,0,0,546,416,0,416,3,0,236,1,46,0,0,0,63,15,4,1,25,22,0
28,79,Madrid,3-050-B,518,0,0,518,393,0,393,8,4,204,0,49,0,0,0,73,12,4,0,26,12,1
28,79,Madrid,3-051-U,848,0,0,848,661,0,661,8,1,369,1,58,0,1,0,120,15,1,0,51,35,1
28,79,Madrid,3-052-U,718,0,0,718,551,0,551,8,4,245,2,69,0,0,0,148,9,2,0,29,34,1
28,79,Madrid,3-053-A,529,0,0,529,389,0,389,6,4,209,0,37,0,0,0,85,3,1,0,24,20,0
28,79,Madrid,3-053-B,454,0,0,454,340,0,340,2,0,168,0,47,0,1,0,85,7,1,0,21,8,0
28,79,Madrid,3-054-A,521,0,0,521,391,0,391,5,1,248,0,32,0,0,0,50,6,0,1,35,13,0
28,79,Madrid,3-054-B,477,0,0,477,342,0,342,2,4,190,0,42,0,0,0,60,4,0,0,22,17,1
28,79,Madrid,3-055-U,658,0,0,658,421,0,421,6,4,200,1,60,1,0,0,86,7,3,0,32,20,1
28,79,Madrid,3-056-U,821,0,0,821,615,0,615,11,0,322,3,71,0,0,1,130,10,3,1,39,23,1
28,79,Madrid,3-057-U,833,0,0,833,634,0,634,9,2,394,2,73,0,0,0,90,11,3,1,28,20,1
28,79,Madrid,3-058-U,855,0,0,855,589,0,589,12,0,315,0,73,0,0,1,111,15,4,2,43,12,1
28,79,Madrid,3-059-U,830,0,0,830,602,0,602,4,3,329,1,65,0,0,1,103,17,4,0,51,24,0
28,79,Madrid,3-060-U,545,0,0,545,414,0,414,2,1,222,2,42,0,1,0,87,7,1,1,24,24,0
28,79,Madrid,3-061-U,608,0,0,608,430,0,430,3,1,235,1,62,0,0,0,71,5,1,1,29,19,2
28,79,Madrid,3-063-U,577,0,0,577,421,0,421,2,2,268,0,48,0,1,0,61,8,1,0,26,3,1
28,79,Madrid,3-064-U,734,0,0,734,548,0,548,5,1,380,2,33,0,0,0,63,8,4,2,30,20,0
28,79,Madrid,3-065-A,548,1,0,549,404,0,404,1,3,253,2,49,0,0,0,44,10,1,0,26,14,1
28,79,Madrid,3-065-B,555,0,0,555,438,0,438,4,0,271,7,35,0,0,0,64,10,1,0,33,11,2
28,79,Madrid,3-066-U,679,0,0,679,514,0,514,7,2,323,1,57,0,0,0,57,8,2,0,38,18,1
28,79,Madrid,3-067-U,911,0,0,911,704,0,704,5,0,473,0,67,0,0,0,88,10,1,1,43,15,1
28,79,Madrid,3-069-U,738,0,0,738,448,0,448,3,1,322,0,25,0,0,0,36,2,0,0,49,10,0
28,79,Madrid,3-070-U,491,0,0,491,356,0,356,3,0,283,0,28,0,0,0,8,6,0,0,24,4,0
28,79,Madrid,3-071-A,482,0,0,482,359,0,359,2,1,262,0,32,0,0,0,26,5,1,0,21,7,2
28,79,Madrid,3-071-B,483,0,0,483,326,0,326,4,2,223,0,27,0,0,0,31,3,0,1,18,17,0
28,79,Madrid,3-073-A,642,0,0,642,480,0,480,5,0,263,0,52,0,0,0,71,7,0,2,45,33,2
28,79,Madrid,3-073-B,589,0,0,589,451,0,451,3,1,239,0,31,0,0,0,104,17,1,0,39,14,2
28,79,Madrid,3-074-U,884,0,0,884,691,0,691,5,1,434,1,50,1,2,0,112,8,1,0,59,17,0
28,79,Madrid,3-076-U,836,0,0,836,665,0,665,0,0,434,0,51,0,0,0,89,7,0,0,63,21,0
28,79,Madrid,3-077-A,656,0,0,656,517,0,517,7,8,329,0,47,0,0,0,66,9,0,1,38,12,0
28,79,Madrid,3-077-B,625,0,0,625,486,0,486,4,7,330,0,41,0,0,0,58,2,0,0,36,8,0
28,79,Madrid,3-078-A,555,0,0,555,454,0,454,1,1,322,2,37,0,0,0,34,10,2,0,37,8,0
28,79,Madrid,3-078-B,610,0,0,610,477,0,477,4,3,318,2,38,0,0,1,50,9,2,0,46,4,0
28,79,Madrid,3-079-A,504,0,0,504,398,0,398,1,4,228,1,45,0,0,0,70,1,0,0,32,16,0
28,79,Madrid,3-079-B,504,0,0,504,373,0,373,5,2,218,0,42,0,0,0,66,2,1,0,26,11,0
28,79,Madrid,3-080-A,661,0,0,661,525,0,525,7,3,353,0,42,0,0,0,64,6,0,1,43,6,0
28,79,Madrid,3-080-B,708,0,0,708,544,0,544,3,2,355,1,49,0,0,0,66,8,2,1,41,16,0
28,79,Madrid,3-081-A,761,0,0,761,655,0,655,7,2,513,3,32,0,0,0,37,12,1,0,44,3,1
28,79,Madrid,3-081-B,708,0,0,708,593,0,593,7,2,449,2,35,0,1,0,38,10,0,0,39,8,2
28,79,Madrid,3-082-A,561,0,0,561,453,0,453,3,0,318,2,39,0,0,0,45,12,0,0,27,7,0
28,79,Madrid,3-082-B,548,0,0,548,446,0,446,4,0,320,3,37,0,0,0,32,7,1,0,37,5,0
28,79,Madrid,3-084-A,602,0,0,602,482,0,482,5,1,284,0,47,0,0,0,82,10,0,0,39,14,0
28,79,Madrid,3-084-B,559,0,0,559,461,0,461,6,1,278,1,39,0,0,0,80,10,1,1,30,14,0
28,79,Madrid,3-085-U,702,0,0,702,566,0,566,13,2,360,6,47,0,0,0,83,7,1,0,35,12,0
28,79,Madrid,3-086-U,808,0,0,808,634,0,634,11,3,340,0,73,0,2,0,106,11,2,1,45,39,1
28,79,Madrid,3-087-A,660,0,0,660,557,0,557,11,4,339,1,45,0,0,0,97,15,3,0,33,9,0
28,79,Madrid,3-087-B,668,0,0,668,561,0,561,9,6,340,2,63,0,0,0,88,9,2,0,28,14,0
28,79,Madrid,3-088-U,496,0,0,496,375,0,375,5,1,204,0,44,0,0,0,71,2,1,0,35,12,0
28,79,Madrid,3-089-A,756,1,0,757,609,0,609,1,2,383,0,76,0,1,0,63,12,0,0,56,13,2
28,79,Madrid,3-089-B,790,0,0,790,619,0,619,10,5,370,1,86,0,0,0,69,7,3,1,52,15,0
28,79,Madrid,3-090-U,930,0,0,930,771,0,771,6,6,479,1,100,0,0,0,96,21,0,1,39,22,0
28,79,Madrid,3-091-A,675,0,0,675,532,0,532,0,7,344,1,55,0,0,0,72,14,2,0,26,11,0
28,79,Madrid,3-091-B,656,0,0,656,554,0,554,6,2,332,2,55,0,0,0,77,12,2,0,46,20,0
28,79,Madrid,3-092-A,883,0,0,883,687,0,687,12,1,434,1,74,0,0,0,75,10,3,0,62,15,0
28,79,Madrid,3-092-B,881,0,0,881,696,0,696,8,7,450,1,68,1,2,1,80,16,1,0,47,14,0
28,79,Madrid,3-093-A,492,0,0,492,402,0,402,4,1,261,3,34,0,0,0,49,6,1,0,26,17,0
28,79,Madrid,3-093-B,467,0,0,467,401,0,401,3,7,278,1,31,0,0,0,40,8,1,0,19,13,0
28,79,Madrid,3-094-U,661,0,0,661,555,0,555,6,2,366,1,61,0,0,0,56,11,0,0,43,9,0
28,79,Madrid,3-095-A,778,0,0,778,614,0,614,4,1,334,3,89,1,0,0,120,9,3,0,28,21,1
28,79,Madrid,3-095-B,782,0,0,782,637,0,637,8,4,323,1,89,1,1,0,126,18,4,0,27,35,0
28,79,Madrid,3-096-A,872,0,0,872,700,0,700,7,5,349,0,98,0,2,0,152,11,5,0,44,27,0
28,79,Madrid,3-096-B,767,0,0,767,634,0,634,3,1,329,0,74,2,0,1,139,14,2,1,38,29,1
28,79,Madrid,3-097-U,953,0,0,953,743,0,743,19,6,324,1,128,0,0,1,185,17,5,1,27,29,0
28,79,Madrid,3-098-A,740,0,0,740,543,0,543,6,3,200,2,88,1,0,1,148,17,2,0,32,42,1
28,79,Madrid,3-098-B,758,0,0,758,552,0,552,9,6,234,0,90,0,0,2,134,19,5,1,20,31,1
28,79,Madrid,3-099-A,549,0,0,549,404,0,404,2,3,193,0,62,0,0,0,95,6,2,0,22,18,1
28,79,Madrid,3-099-B,574,0,0,574,410,0,410,9,7,178,1,59,0,0,1,97,15,1,0,20,22,0
28,79,Madrid,3-100-A,496,0,0,496,387,0,387,5,1,198,0,67,0,0,0,84,7,3,1,17,4,0
28,79,Madrid,3-100-B,543,0,0,543,448,0,448,8,1,220,1,69,0,0,0,77,19,0,0,34,16,3
28,79,Madrid,3-101-A,529,0,0,529,438,0,438,6,2,211,4,53,0,0,0,93,13,4,0,23,29,0
28,79,Madrid,3-101-B,489,0,0,489,390,0,390,5,3,183,1,55,0,0,0,91,8,1,0,19,23,1
28,79,Madrid,4-001-U,693,0,0,693,475,1,476,2,2,368,2,21,0,0,0,25,9,3,0,34,5,5
28,79,Madrid,4-002-U,739,0,0,739,551,1,552,7,2,443,0,24,0,0,0,26,3,1,0,41,5,0
28,79,Madrid,4-003-U,560,0,0,560,414,0,414,4,4,310,1,28,0,0,0,27,6,0,0,31,3,0
28,79,Madrid,4-004-U,729,0,0,729,548,0,548,0,0,433,0,21,0,0,0,24,7,2,0,54,7,0
28,79,Madrid,4-005-U,544,0,0,544,413,0,413,1,2,336,2,16,0,0,0,21,2,0,0,28,5,0
28,79,Madrid,4-006-U,656,0,0,656,451,0,451,1,2,353,0,35,0,1,0,12,4,0,0,37,6,0
28,79,Madrid,4-007-U,872,0,0,872,616,0,616,5,1,489,0,36,0,0,0,22,6,3,0,45,9,0
28,79,Madrid,4-008-U,722,0,0,722,498,0,498,4,4,374,1,32,0,0,0,21,7,1,2,45,7,0
28,79,Madrid,4-009-A,631,0,0,631,506,1,507,1,0,423,1,23,0,0,0,11,4,0,0,42,2,0
28,79,Madrid,4-009-B,695,0,0,695,559,0,559,3,1,450,0,19,0,0,0,18,6,0,1,57,3,1
28,79,Madrid,4-010-U,519,0,0,519,389,0,389,2,0,320,0,10,0,0,0,14,1,1,0,30,10,1
28,79,Madrid,4-011-A,509,0,0,509,386,1,387,5,1,280,1,29,1,0,0,27,6,0,0,35,2,0
28,79,Madrid,4-011-B,500,0,0,500,392,0,392,1,1,287,0,24,0,0,0,22,4,1,0,46,6,0
28,79,Madrid,4-012-U,903,0,0,903,676,0,676,4,1,513,0,34,0,0,0,42,8,1,1,65,7,0
28,79,Madrid,4-013-U,622,0,0,622,451,0,451,2,0,349,1,36,0,0,0,24,2,0,0,29,8,0
28,79,Madrid,4-014-U,833,0,0,833,605,0,605,3,1,451,0,39,0,0,1,29,7,1,0,65,6,2
28,79,Madrid,4-015-U,902,0,0,902,658,0,658,2,1,477,0,43,0,0,0,62,14,3,1,47,6,2
28,79,Madrid,4-016-U,948,0,0,948,681,0,681,1,2,484,2,60,0,1,0,57,9,2,0,54,8,1
28,79,Madrid,4-017-A,465,0,0,465,338,0,338,3,2,219,2,28,0,0,0,43,6,2,1,22,10,0
28,79,Madrid,4-017-B,514,0,0,514,383,0,383,2,0,263,0,39,0,0,0,38,5,5,0,22,9,0
28,79,Madrid,4-018-U,934,0,0,934,699,1,700,7,2,441,3,85,1,0,0,81,15,0,1,35,28,1
28,79,Madrid,4-019-U,506,0,0,506,351,0,351,3,0,262,1,29,0,0,0,28,7,0,0,18,2,1
28,79,Madrid,4-020-U,549,0,0,549,387,0,387,2,1,264,0,36,0,0,0,47,7,2,0,21,7,0
28,79,Madrid,4-021-U,607,0,0,607,432,0,432,3,1,295,1,39,0,0,0,44,2,1,0,37,9,0
28,79,Madrid,4-023-U,599,0,0,599,439,0,439,4,1,288,1,41,0,0,0,56,7,0,0,30,11,0
28,79,Madrid,4-024-U,900,0,0,900,618,0,618,4,9,382,0,83,0,0,0,63,12,6,0,39,19,1
28,79,Madrid,4-025-U,658,0,0,658,470,1,471,5,1,321,1,33,0,0,0,48,8,0,0,40,14,0
28,79,Madrid,4-026-U,638,0,0,638,477,0,477,4,1,334,1,45,0,0,0,44,5,0,0,37,6,0
28,79,Madrid,4-027-A,525,0,0,525,384,1,385,3,0,240,0,49,0,0,1,43,11,1,0,35,2,0
28,79,Madrid,4-027-B,516,0,0,516,365,0,365,3,1,212,3,48,0,0,0,51,7,2,0,22,16,0
28,79,Madrid,4-028-A,526,0,0,526,374,0,374,4,3,234,0,53,0,0,1,46,7,2,1,15,8,0
28,79,Madrid,4-028-B,465,0,0,465,322,0,322,5,1,198,0,38,0,1,1,35,3,1,0,26,13,0
28,79,Madrid,4-029-A,490,0,0,490,372,0,372,4,2,273,0,23,0,1,0,26,2,3,0,28,10,0
28,79,Madrid,4-029-B,533,0,0,533,422,0,422,7,2,292,0,32,0,0,0,42,9,0,0,28,10,0
28,79,Madrid,4-030-A,499,0,0,499,368,0,368,4,0,257,0,32,0,0,0,31,5,1,0,35,3,0
28,79,Madrid,4-030-B,506,0,0,506,382,0,382,2,1,271,0,20,0,0,0,46,3,1,1,28,9,0
28,79,Madrid,4-031-U,607,0,0,607,448,0,448,0,0,313,2,31,0,0,0,49,8,1,0,34,9,1
28,79,Madrid,4-032-U,590,0,0,590,416,1,417,12,2,240,0,56,0,0,0,51,14,0,0,24,18,0
28,79,Madrid,4-033-U,799,0,0,799,586,0,586,7,0,376,0,51,0,0,0,64,11,0,0,60,17,0
28,79,Madrid,4-034-A,593,0,0,593,437,0,437,3,2,290,0,42,0,0,0,50,7,0,0,34,9,0
28,79,Madrid,4-034-B,582,0,0,582,419,0,419,5,1,237,0,48,0,0,0,64,12,2,0,38,12,0
28,79,Madrid,4-035-A,509,0,0,509,364,0,364,1,3,219,0,34,0,0,0,61,10,1,0,21,13,1
28,79,Madrid,4-035-B,548,0,0,548,375,0,375,2,0,227,1,43,0,0,1,47,5,2,0,36,9,2
28,79,Madrid,4-036-U,544,0,0,544,411,0,411,12,0,261,2,28,0,1,0,52,7,2,0,38,8,0
28,79,Madrid,4-037-U,623,0,0,623,481,0,481,5,2,285,3,69,0,0,1,63,6,2,1,23,20,1
28,79,Madrid,4-038-U,817,0,0,817,593,2,595,7,7,356,2,95,0,0,0,73,9,3,0,28,15,0
28,79,Madrid,4-039-U,590,0,0,590,429,0,429,2,1,285,1,34,0,1,2,49,5,2,2,35,10,0
28,79,Madrid,4-040-U,584,0,0,584,455,0,455,3,3,316,1,38,0,1,0,42,5,0,1,39,4,2
28,79,Madrid,4-041-U,713,0,0,713,521,0,521,4,4,318,0,53,0,0,0,76,8,2,0,40,15,1
28,79,Madrid,4-042-A,546,0,0,546,430,0,430,3,4,310,0,27,0,0,0,37,10,2,0,34,3,0
28,79,Madrid,4-042-B,516,0,0,516,415,1,416,3,4,313,0,20,0,0,0,27,11,2,0,25,11,0
28,79,Madrid,4-043-A,551,0,0,551,390,1,391,2,1,231,3,49,0,0,0,55,5,1,0,24,20,0
28,79,Madrid,4-043-B,522,0,0,522,374,0,374,6,2,186,0,56,0,0,1,71,9,1,0,25,17,0
28,79,Madrid,4-044-A,601,0,0,601,453,1,454,8,1,244,1,69,0,0,0,78,10,3,0,27,12,1
28,79,Madrid,4-044-B,576,0,0,576,433,1,434,3,3,219,1,64,0,0,0,88,9,2,1,26,18,0
28,79,Madrid,4-045-A,550,0,0,550,401,1,402,3,2,224,2,64,0,0,0,63,11,0,1,14,17,1
28,79,Madrid,4-045-B,541,0,0,541,393,0,393,7,4,191,1,65,0,0,0,73,9,5,0,23,15,0
28,79,Madrid,4-046-U,510,0,0,510,394,1,395,5,3,218,0,52,0,0,0,60,11,2,0,23,20,1
28,79,Madrid,4-047-U,845,0,0,845,654,0,654,5,6,333,2,103,0,1,0,106,14,5,0,49,29,1
28,79,Madrid,4-048-U,741,0,0,741,518,0,518,3,6,279,2,74,0,0,1,94,8,0,0,41,10,0
28,79,Madrid,4-049-A,487,0,0,487,334,0,334,4,2,146,0,53,0,1,0,69,7,0,0,33,15,4
28,79,Madrid,4-049-B,502,0,0,502,320,0,320,3,2,175,1,55,0,0,0,54,10,1,0,19,0,0
28,79,Madrid,4-050-U,507,0,0,507,350,0,350,3,3,173,0,61,0,0,1,67,10,3,0,18,10,1
28,79,Madrid,4-051-U,942,0,0,942,670,0,670,5,1,318,3,100,0,0,1,159,14,4,0,36,29,0
28,79,Madrid,4-052-U,841,0,0,841,614,0,614,7,7,321,2,72,0,0,0,112,8,4,3,41,35,2
28,79,Madrid,4-053-U,908,0,0,908,644,0,644,7,2,348,3,90,0,1,1,115,14,8,1,31,22,1
28,79,Madrid,4-054-U,957,0,0,957,736,0,736,10,6,451,0,76,0,2,0,103,16,3,0,45,24,0
28,79,Madrid,4-055-A,678,0,0,678,524,0,524,3,3,323,2,63,0,0,0,83,11,1,0,27,7,1
28,79,Madrid,4-055-B,644,0,0,644,492,0,492,8,2,285,1,60,0,0,0,73,13,3,0,35,12,0
28,79,Madrid,4-056-A,556,0,0,556,426,1,427,2,3,258,0,53,0,0,0,67,10,1,0,29,4,0
28,79,Madrid,4-056-B,560,0,0,560,417,1,418,2,1,238,3,59,0,0,0,65,8,1,0,25,15,1
28,79,Madrid,4-057-U,886,0,0,886,662,0,662,11,1,367,1,75,0,1,0,105,12,3,0,59,24,3
28,79,Madrid,4-058-U,949,0,0,949,716,0,716,7,7,399,0,80,0,0,3,131,18,4,0,42,25,0
28,79,Madrid,4-060-U,969,0,0,969,669,0,669,4,6,351,2,88,0,0,0,135,8,7,0,44,23,1
28,79,Madrid,4-061-A,539,0,0,539,418,0,418,2,1,263,2,63,0,0,1,36,9,2,2,27,9,1
28,79,Madrid,4-061-B,562,0,0,562,424,0,424,5,3,256,1,43,0,0,0,50,3,3,0,37,22,1
28,79,Madrid,4-062-U,949,0,0,949,713,1,714,6,4,410,2,78,0,1,1,121,21,3,0,47,20,0
28,79,Madrid,4-063-A,589,0,0,589,418,0,418,2,2,226,2,59,0,0,1,60,14,1,0,35,15,1
28,79,Madrid,4-063-B,527,0,0,527,381,0,381,1,3,206,0,56,0,0,0,73,8,1,0,24,9,0
28,79,Madrid,4-064-U,804,0,0,804,604,1,605,6,2,368,2,68,0,0,0,83,8,3,1,47,17,0
28,79,Madrid,4-065-A,600,0,0,600,440,0,440,5,6,241,2,56,0,0,0,65,16,3,0,34,11,1
28,79,Madrid,4-065-B,653,0,0,653,474,0,474,5,2,264,3,70,0,0,0,65,9,0,1,46,8,1
28,79,Madrid,4-067-U,858,0,0,858,641,0,641,5,5,387,2,63,0,0,0,98,10,0,1,46,23,1
28,79,Madrid,4-068-U,767,0,0,767,558,0,558,11,2,304,2,66,0,0,0,94,12,2,1,41,21,2
28,79,Madrid,4-069-A,563,0,0,563,426,0,426,8,0,232,0,39,0,1,1,80,11,2,0,32,19,1
28,79,Madrid,4-069-B,589,0,0,589,467,0,467,8,1,258,3,63,0,0,0,73,5,5,0,29,21,1
28,79,Madrid,4-070-U,920,0,0,920,685,1,686,3,5,347,1,103,0,0,0,125,12,3,1,44,42,0
28,79,Madrid,4-071-U,916,0,0,916,655,0,655,10,7,311,0,66,0,0,0,163,18,4,1,41,34,0
28,79,Madrid,4-072-U,529,0,0,529,422,0,422,8,3,218,3,65,0,1,0,69,12,1,1,28,12,1
28,79,Madrid,4-073-A,533,0,0,533,415,0,415,2,8,279,0,31,0,1,0,46,14,1,0,26,7,0
28,79,Madrid,4-073-B,589,0,0,589,487,0,487,5,3,324,1,42,0,1,1,60,11,1,0,26,12,0
28,79,Madrid,4-074-U,879,0,0,879,686,0,686,10,6,404,3,82,0,0,0,92,13,0,1,58,17,0
28,79,Madrid,4-075-U,770,0,0,770,631,0,631,10,5,409,4,62,0,0,0,66,10,0,1,57,7,0
28,79,Madrid,4-076-U,733,0,0,733,607,0,607,9,3,419,4,44,0,1,1,49,14,2,2,51,8,0
28,79,Madrid,4-077-U,880,0,0,880,739,0,739,13,1,527,1,56,0,0,0,44,16,0,0,66,14,1
28,79,Madrid,4-078-U,546,0,0,546,456,0,456,4,1,330,4,29,0,0,0,32,6,1,0,46,3,0
28,79,Madrid,4-079-U,896,1,0,897,729,0,729,8,5,534,4,42,0,0,0,59,7,2,1,56,11,0
28,79,Madrid,4-080-U,598,0,0,598,502,0,502,0,2,370,0,23,0,0,0,33,5,0,0,63,6,0
28,79,Madrid,4-081-U,857,0,0,857,698,0,698,10,3,508,2,50,0,0,0,40,11,4,1,65,4,0
28,79,Madrid,4-082-U,669,0,0,669,522,0,522,2,7,355,1,34,0,0,0,65,8,4,1,35,10,0
28,79,Madrid,4-083-U,554,0,0,554,416,0,416,5,4,239,3,40,0,0,1,67,9,0,0,31,17,0
28,79,Madrid,4-084-U,618,0,0,618,473,0,473,11,1,288,0,47,0,0,0,64,7,0,1,39,13,2
28,79,Madrid,4-085-A,892,0,0,892,695,0,695,7,5,381,3,82,0,0,0,129,13,6,0,33,34,2
28,79,Madrid,4-085-B,792,0,0,792,602,0,602,3,2,352,0,65,0,0,0,125,13,3,0,19,19,1
28,79,Madrid,4-086-A,572,0,0,572,413,1,414,5,3,218,3,54,0,0,0,81,15,2,0,17,16,0
28,79,Madrid,4-086-B,620,0,0,620,477,0,477,3,0,269,2,76,0,0,0,84,8,0,1,14,19,1
28,79,Madrid,4-087-A,968,0,0,968,691,0,691,7,4,368,1,88,0,0,1,120,15,3,2,63,19,0
28,79,Madrid,4-087-B,864,1,0,865,606,1,607,1,5,327,3,84,0,1,0,106,12,3,1,47,16,1
28,79,Madrid,4-088-A,806,0,0,806,595,0,595,8,1,344,0,71,0,0,0,108,11,1,2,30,19,0
28,79,Madrid,4-088-B,724,0,0,724,533,0,533,2,4,320,0,75,0,0,0,63,11,2,1,39,16,0
28,79,Madrid,4-089-U,558,0,0,558,410,0,410,8,4,171,2,73,0,1,1,79,16,3,0,30,20,2
28,79,Madrid,4-090-U,931,0,0,931,677,0,677,7,3,363,1,86,1,1,1,136,15,3,0,29,29,2
28,79,Madrid,4-091-A,522,0,0,522,385,1,386,4,2,165,0,65,0,0,0,89,8,0,1,31,19,2
28,79,Madrid,4-091-B,540,0,0,540,377,0,377,4,4,172,1,56,0,1,0,75,12,3,1,32,16,0
28,79,Madrid,4-092-U,718,0,0,718,534,0,534,4,2,282,1,68,0,0,0,97,11,2,1,43,23,0
28,79,Madrid,4-093-U,885,0,0,885,603,1,604,6,5,309,4,96,0,0,0,110,4,2,0,43,24,1
28,79,Madrid,4-094-A,576,0,0,576,456,0,456,5,2,264,0,52,1,0,0,78,7,4,0,30,13,0
28,79,Madrid,4-094-B,523,0,0,523,399,0,399,6,4,255,2,31,0,0,0,44,5,2,0,39,11,0
28,79,Madrid,4-096-A,498,0,0,498,373,1,374,4,3,261,0,28,1,1,0,30,7,1,0,28,10,0
28,79,Madrid,4-096-B,540,0,0,540,398,0,398,5,2,276,0,35,0,0,0,42,3,3,1,17,12,2
28,79,Madrid,4-097-U,740,0,0,740,602,1,603,2,2,439,1,51,0,0,0,34,9,2,0,55,8,0
28,79,Madrid,4-098-A,488,0,0,488,393,0,393,3,0,287,1,32,0,0,0,30,5,2,0,26,5,2
28,79,Madrid,4-098-B,516,0,0,516,408,0,408,1,1,303,2,18,0,0,0,31,8,2,0,35,6,1
28,79,Madrid,4-099-U,803,0,0,803,592,0,592,4,2,405,2,45,0,0,0,52,6,3,0,52,20,1
28,79,Madrid,4-100-U,591,0,0,591,468,0,468,5,4,326,4,39,0,0,0,36,9,0,1,32,11,1
28,79,Madrid,4-101-U,566,0,0,566,379,1,380,6,2,250,1,33,0,0,0,52,9,1,0,16,10,0
28,79,Madrid,4-102-U,806,0,0,806,519,1,520,7,1,371,1,60,0,1,1,37,9,1,0,25,6,0
28,79,Madrid,4-103-U,892,0,0,892,674,0,674,4,3,435,3,61,0,0,0,72,15,1,0,60,20,0
28,79,Madrid,4-104-U,846,0,0,846,590,0,590,12,5,349,0,79,0,0,0,82,8,2,0,37,15,1
28,79,Madrid,4-105-U,819,0,0,819,638,0,638,3,1,430,1,46,0,0,0,69,9,3,1,56,19,0
28,79,Madrid,4-106-U,770,0,0,770,548,0,548,3,1,345,1,68,0,0,0,71,10,1,0,32,16,0
28,79,Madrid,4-107-U,519,0,0,519,414,0,414,3,1,267,0,32,0,0,0,36,9,0,0,47,19,0
28,79,Madrid,4-108-U,673,0,0,673,487,1,488,9,0,344,0,46,0,0,0,42,10,1,0,25,11,0
28,79,Madrid,4-109-A,575,0,0,575,431,0,431,3,3,279,2,53,1,0,0,46,1,0,0,37,6,0
28,79,Madrid,4-109-B,628,0,0,628,492,1,493,4,6,323,0,47,0,0,1,51,8,0,2,40,11,0
28,79,Madrid,4-110-U,799,0,0,799,568,1,569,7,3,370,3,39,0,0,0,66,13,2,3,49,14,0
28,79,Madrid,4-111-A,631,0,0,631,510,1,511,3,3,349,1,39,0,0,0,39,7,1,0,59,8,2
28,79,Madrid,4-111-B,663,0,0,663,502,0,502,4,2,355,0,34,0,0,0,53,5,3,1,38,7,0
28,79,Madrid,4-112-U,899,0,0,899,671,0,671,4,2,469,1,46,1,0,0,51,8,2,0,73,12,2
28,79,Madrid,4-113-U,867,0,0,867,632,0,632,9,2,445,0,41,0,0,0,63,3,2,0,53,14,0
28,79,Madrid,4-114-A,522,0,0,522,442,0,442,3,0,379,0,13,0,0,0,11,7,1,0,28,0,0
28,79,Madrid,4-114-B,490,0,0,490,400,0,400,2,0,333,0,13,0,0,0,7,5,0,1,36,3,0
28,79,Madrid,4-115-A,679,0,0,679,551,0,551,0,2,458,0,11,0,0,0,11,11,0,0,56,2,0
28,79,Madrid,4-115-B,695,0,0,695,550,1,551,2,0,439,4,25,0,0,0,10,2,1,0,66,2,0
28,79,Madrid,4-116-U,592,0,0,592,445,1,446,1,0,350,0,14,0,1,0,28,8,0,0,41,3,0
28,79,Madrid,4-117-U,576,2,0,578,424,1,425,0,2,339,0,16,0,0,0,19,4,3,1,37,4,0
28,79,Madrid,4-118-U,581,0,0,581,427,1,428,3,1,352,0,16,0,0,0,12,2,0,0,37,5,0
28,79,Madrid,4-119-A,525,0,0,525,424,1,425,1,2,350,1,17,0,1,0,11,1,0,1,38,2,0
28,79,Madrid,4-119-B,491,0,0,491,390,1,391,1,1,327,0,12,0,0,0,13,1,0,0,31,5,0
28,79,Madrid,4-120-U,654,0,0,654,509,0,509,1,4,421,2,23,0,0,0,18,2,0,0,36,2,0
28,79,Madrid,4-121-U,857,0,0,857,723,0,723,2,3,571,1,41,0,0,0,26,9,1,2,62,5,0
28,79,Madrid,4-123-A,494,0,0,494,385,0,385,5,2,276,0,33,0,0,1,26,2,1,1,35,3,0
28,79,Madrid,4-123-B,483,0,0,483,375,0,375,0,0,297,1,11,0,0,0,19,1,0,0,44,2,0
28,79,Madrid,4-124-U,659,0,0,659,479,0,479,3,1,344,0,26,0,0,0,31,8,3,0,56,7,0
28,79,Madrid,4-126-A,533,0,0,533,417,0,417,0,1,312,0,23,0,0,0,27,3,4,0,40,7,0
28,79,Madrid,4-126-B,483,0,0,483,366,0,366,3,1,262,0,18,0,0,0,19,5,3,1,48,6,0
28,79,Madrid,4-127-U,648,0,0,648,462,0,462,8,2,327,1,36,0,0,0,33,3,1,0,43,8,0
28,79,Madrid,4-128-A,551,0,0,551,378,0,378,0,2,271,0,32,0,0,0,24,3,2,0,36,8,0
28,79,Madrid,4-128-B,569,0,0,569,367,0,367,3,3,267,1,21,0,0,0,31,2,2,0,33,3,1
28,79,Madrid,4-130-U,530,0,0,530,402,1,403,2,0,309,0,13,0,0,0,23,6,2,0,45,3,0
28,79,Madrid,4-131-U,857,0,0,857,652,1,653,3,11,389,1,76,0,1,0,102,19,2,0,24,23,2
28,79,Madrid,5-001-U,895,0,0,895,723,0,723,6,1,600,2,24,0,0,0,18,2,0,2,65,3,0
28,79,Madrid,5-002-A,579,0,0,579,450,1,451,1,3,376,0,9,0,0,0,14,4,0,0,41,3,0
28,79,Madrid,5-002-B,593,0,0,593,457,1,458,2,3,371,0,19,0,0,0,19,3,0,0,40,0,1
28,79,Madrid,5-003-A,748,0,0,748,586,0,586,3,3,487,0,19,0,0,0,17,5,0,0,50,2,0
28,79,Madrid,5-003-B,771,0,0,771,607,1,608,5,4,519,1,20,0,0,1,15,3,1,0,38,1,0
28,79,Madrid,5-004-A,548,0,0,548,465,0,465,1,0,375,0,28,1,0,0,10,4,0,2,42,2,0
28,79,Madrid,5-004-B,587,0,0,587,463,1,464,4,1,389,0,11,0,0,0,11,2,1,0,41,3,1
28,79,Madrid,5-005-A,541,0,0,541,439,1,440,4,2,362,0,11,0,0,0,13,3,0,0,43,2,0
28,79,Madrid,5-005-B,562,0,0,562,466,1,467,5,1,380,0,22,0,0,0,5,6,1,0,43,4,0
28,79,Madrid,5-006-U,962,0,0,962,752,1,753,3,4,642,0,25,0,0,0,16,6,1,1,50,5,0
28,79,Madrid,5-007-A,689,0,0,689,550,0,550,4,0,416,1,28,0,0,0,37,7,1,1,49,6,0
28,79,Madrid,5-007-B,740,0,0,740,616,1,617,3,3,460,3,38,0,0,0,44,6,1,0,55,4,0
28,79,Madrid,5-008-A,544,0,0,544,447,1,448,0,1,374,0,17,0,0,0,15,3,1,0,36,1,0
28,79,Madrid,5-008-B,532,0,0,532,436,0,436,2,0,368,0,9,0,0,0,17,5,1,1,28,5,0
28,79,Madrid,5-009-U,868,0,0,868,669,1,670,3,2,508,1,46,0,1,0,45,6,0,0,52,6,0
28,79,Madrid,5-010-U,618,0,0,618,466,0,466,6,2,339,0,25,0,0,0,35,4,3,1,46,5,0
28,79,Madrid,5-011-U,635,0,0,635,488,0,488,4,1,339,1,27,0,0,0,49,11,2,1,44,9,0
28,79,Madrid,5-012-U,813,0,0,813,623,1,624,0,5,439,1,58,0,0,0,64,6,0,1,41,8,1
28,79,Madrid,5-013-U,630,0,0,630,499,0,499,4,2,365,0,37,0,0,0,46,11,2,0,26,6,0
28,79,Madrid,5-014-U,762,0,0,762,559,0,559,8,5,315,2,50,0,0,0,93,11,3,1,40,31,0
28,79,Madrid,5-015-U,814,0,0,814,612,0,612,10,6,381,0,62,0,1,1,67,13,0,0,56,14,1
28,79,Madrid,5-016-U,636,0,0,636,467,0,467,10,4,253,0,71,0,0,2,72,13,7,0,21,14,0
28,79,Madrid,5-017-A,511,0,0,511,386,0,386,5,3,188,0,49,1,0,0,69,8,5,0,29,26,3
28,79,Madrid,5-017-B,529,0,0,529,393,0,393,0,4,194,1,50,0,0,0,98,10,1,1,22,12,0
28,79,Madrid,5-018-U,933,0,0,933,663,0,663,2,7,356,0,98,0,0,0,115,12,0,0,32,40,1
28,79,Madrid,5-019-U,722,0,0,722,552,0,552,3,7,311,3,62,1,1,2,84,13,4,0,39,22,0
28,79,Madrid,5-020-U,906,0,0,906,693,1,694,9,2,362,2,91,0,0,2,132,15,5,1,40,32,1
28,79,Madrid,5-021-U,548,0,0,548,368,1,369,4,3,176,0,57,0,1,1,73,7,4,0,25,18,0
28,79,Madrid,5-022-A,516,0,0,516,362,0,362,4,0,191,1,52,0,0,1,61,7,0,0,25,19,1
28,79,Madrid,5-022-B,543,0,0,543,394,1,395,6,1,219,1,54,0,0,1,68,5,0,0,21,19,0
28,79,Madrid,5-023-A,548,0,0,548,431,0,431,7,8,237,4,47,0,0,0,80,10,0,0,28,10,0
28,79,Madrid,5-023-B,574,0,0,574,457,0,457,8,5,236,1,58,0,0,0,78,11,2,1,43,14,0
28,79,Madrid,5-024-U,672,0,0,672,502,0,502,3,1,284,1,83,0,1,0,65,5,1,0,36,21,1
28,79,Madrid,5-025-U,909,0,0,909,687,1,688,12,3,408,1,80,1,0,0,102,15,3,1,48,13,1
28,79,Madrid,5-026-A,644,0,0,644,484,1,485,3,4,271,1,66,0,0,1,73,8,3,0,31,22,2
28,79,Madrid,5-026-B,628,0,0,628,464,1,465,5,1,255,2,70,0,0,1,78,10,2,0,28,13,0
28,79,Madrid,5-027-A,643,0,0,643,472,1,473,5,3,271,2,52,0,1,0,84,9,2,1,30,13,0
28,79,Madrid,5-027-B,684,0,0,684,504,1,505,5,3,299,2,68,0,0,0,63,9,0,0,31,23,2
28,79,Madrid,5-028-A,756,0,0,756,539,0,539,7,1,259,1,86,0,0,1,110,10,0,0,33,31,0
28,79,Madrid,5-028-B,698,0,0,698,491,1,492,3,3,238,0,85,0,0,1,101,9,1,1,25,25,0
28,79,Madrid,5-029-A,635,0,0,635,442,1,443,6,3,214,0,62,0,1,0,88,4,0,0,31,34,0
28,79,Madrid,5-029-B,639,0,0,639,421,0,421,4,4,205,0,67,0,0,0,93,5,3,0,22,17,1
28,79,Madrid,5-030-U,953,0,0,953,704,0,704,10,3,292,1,115,1,0,0,196,12,2,0,20,50,2
28,79,Madrid,5-031-U,776,0,0,776,562,0,562,6,1,311,3,59,0,0,0,94,8,2,1,39,35,3
28,79,Madrid,5-032-A,513,0,0,513,368,1,369,1,2,197,0,45,0,0,0,65,7,0,0,26,25,1
28,79,Madrid,5-032-B,524,0,0,524,366,0,366,7,3,205,0,56,0,0,0,51,9,1,0,17,16,1
28,79,Madrid,5-033-A,745,0,0,745,577,0,577,10,2,343,3,67,0,0,1,83,16,1,0,26,24,1
28,79,Madrid,5-033-B,836,0,0,836,670,0,670,11,2,411,2,62,0,1,1,110,12,3,0,33,22,0
28,79,Madrid,5-034-A,704,0,0,704,566,1,567,3,7,346,1,49,0,0,0,79,18,6,2,34,21,1
28,79,Madrid,5-034-B,680,0,0,680,541,0,541,11,4,338,1,57,0,0,0,74,10,4,0,32,9,1
28,79,Madrid,5-035-U,964,0,0,964,716,1,717,7,3,423,3,91,0,1,1,96,27,4,0,40,18,3
28,79,Madrid,5-036-A,644,0,0,644,512,0,512,6,5,337,4,47,0,0,0,52,11,0,0,27,23,0
28,79,Madrid,5-036-B,677,0,0,677,517,0,517,4,3,315,4,72,0,0,1,56,10,2,0,35,14,1
28,79,Madrid,5-037-A,517,0,0,517,414,0,414,4,1,267,0,62,0,0,0,42,5,0,0,20,13,0
28,79,Madrid,5-037-B,488,0,0,488,396,0,396,5,3,272,1,47,0,0,0,40,7,0,0,14,7,0
28,79,Madrid,5-038-A,706,0,0,706,568,1,569,5,3,350,4,61,0,0,0,79,9,3,0,27,25,3
28,79,Madrid,5-038-B,681,0,0,681,534,0,534,4,1,319,1,50,0,0,0,90,15,3,0,33,15,3
28,79,Madrid,5-039-A,670,0,0,670,533,1,534,7,4,334,1,55,0,0,1,80,6,1,0,30,14,1
28,79,Madrid,5-039-B,696,0,0,696,556,0,556,4,2,296,2,78,0,1,0,108,15,3,0,30,16,1
28,79,Madrid,5-040-U,539,0,0,539,396,0,396,2,1,198,0,68,0,1,0,82,10,2,0,13,19,0
28,79,Madrid,5-041-U,807,0,0,807,532,0,532,4,2,247,3,78,0,1,2,119,15,1,1,29,29,1
28,79,Madrid,5-042-A,555,0,0,555,414,1,415,2,3,225,1,48,0,0,1,89,9,0,0,20,17,0
28,79,Madrid,5-042-B,501,0,0,501,377,0,377,0,4,203,0,36,0,0,1,79,7,0,0,24,22,1
28,79,Madrid,5-043-U,921,0,0,921,712,2,714,7,5,477,3,68,0,0,3,71,15,1,0,45,19,0
28,79,Madrid,5-044-A,607,0,0,607,431,0,431,6,2,226,1,56,0,1,0,83,12,2,0,24,18,0
28,79,Madrid,5-044-B,655,0,0,655,448,0,448,6,0,215,1,71,0,0,0,105,6,2,1,18,23,0
28,79,Madrid,5-045-A,624,0,0,624,472,1,473,4,2,225,0,72,1,0,0,106,10,1,0,16,34,2
28,79,Madrid,5-045-B,614,0,0,614,435,0,435,4,2,217,0,57,0,0,0,94,12,5,0,26,18,0
28,79,Madrid,5-046-A,652,0,0,652,468,0,468,5,1,229,5,63,0,0,1,97,9,5,0,32,21,0
28,79,Madrid,5-046-B,624,0,0,624,429,0,429,4,6,209,1,59,0,1,0,85,9,1,0,34,19,1
28,79,Madrid,5-047-A,610,0,0,610,428,0,428,4,2,198,2,51,1,0,1,99,11,2,0,26,29,2
28,79,Madrid,5-047-B,579,0,0,579,435,0,435,2,5,190,5,58,0,0,1,106,10,1,0,34,22,1
28,79,Madrid,5-048-U,838,0,0,838,636,0,636,6,4,336,5,86,0,0,1,117,8,5,2,27,38,1
28,79,Madrid,5-049-U,913,0,0,913,731,0,731,9,1,480,0,82,0,0,0,76,8,1,0,54,20,0
28,79,Madrid,5-051-A,508,0,0,508,398,0,398,1,1,253,2,37,0,0,1,57,5,0,0,22,16,3
28,79,Madrid,5-051-B,562,0,0,562,432,1,433,4,2,264,2,51,0,2,0,51,9,2,0,38,8,0
28,79,Madrid,5-052-A,552,0,0,552,425,1,426,5,0,283,2,45,0,0,0,50,10,0,0,19,12,0
28,79,Madrid,5-052-B,555,0,0,555,444,0,444,3,0,282,2,45,0,0,1,53,10,2,0,29,17,0
28,79,Madrid,5-053-A,834,0,0,834,642,0,642,4,5,403,4,57,0,0,0,86,19,0,2,37,24,1
28,79,Madrid,5-053-B,758,0,0,758,602,0,602,5,2,384,2,71,2,0,1,58,13,2,0,47,15,0
28,79,Madrid,5-054-A,572,0,0,572,461,0,461,3,1,316,1,42,0,0,0,48,12,3,1,28,6,0
28,79,Madrid,5-054-B,634,0,0,634,510,0,510,8,3,342,0,54,0,1,0,53,9,0,0,30,10,0
28,79,Madrid,5-055-A,584,0,0,584,440,0,440,2,1,294,1,42,1,0,0,42,12,0,0,36,9,0
28,79,Madrid,5-055-B,589,0,0,589,475,0,475,0,4,341,0,30,0,0,0,56,11,0,0,30,3,0
28,79,Madrid,5-056-A,544,0,0,544,403,0,403,12,4,263,2,35,0,1,1,48,3,3,0,17,13,1
28,79,Madrid,5-056-B,536,0,0,536,404,0,404,6,4,229,3,51,0,0,0,70,3,2,0,18,17,1
28,79,Madrid,5-057-U,915,0,0,915,693,0,693,8,6,402,9,81,0,0,0,98,21,3,0,41,23,1
28,79,Madrid,5-058-A,700,0,0,700,568,1,569,4,2,355,4,55,1,0,0,65,11,1,0,54,15,2
28,79,Madrid,5-058-B,773,0,0,773,608,0,608,13,2,363,4,52,0,0,0,76,16,2,0,62,17,1
28,79,Madrid,5-059-U,572,0,0,572,412,0,412,0,1,240,1,54,0,0,0,67,5,1,0,27,15,1
28,79,Madrid,5-060-A,520,1,0,521,386,0,386,5,0,259,1,40,0,1,0,46,3,1,0,25,5,0
28,79,Madrid,5-060-B,546,0,0,546,401,0,401,3,0,266,3,33,0,1,1,44,9,0,0,30,11,0
28,79,Madrid,5-061-A,771,0,0,771,607,0,607,3,2,442,6,46,0,0,0,40,10,2,0,46,10,0
28,79,Madrid,5-061-B,877,0,0,877,711,0,711,3,0,557,7,47,0,0,0,32,9,1,0,50,4,1
28,79,Madrid,5-062-A,651,0,0,651,528,0,528,1,0,395,0,35,0,0,1,38,7,0,0,36,14,1
28,79,Madrid,5-062-B,680,0,0,680,565,0,565,3,2,437,2,41,0,0,1,34,3,4,0,28,9,1
28,79,Madrid,5-063-U,657,0,0,657,526,0,526,7,1,381,4,31,0,0,0,39,5,1,2,47,8,0
28,79,Madrid,5-064-A,750,0,0,750,538,0,538,3,1,409,0,41,0,0,0,37,7,1,1,30,8,0
28,79,Madrid,5-064-B,858,0,0,858,637,0,637,4,0,486,0,45,0,0,0,39,7,0,0,44,12,0
28,79,Madrid,5-065-U,931,0,0,931,696,0,696,6,2,472,1,48,0,0,1,81,4,1,0,62,16,2
28,79,Madrid,5-066-U,965,0,0,965,769,0,769,7,3,584,3,39,0,1,1,44,14,0,2,65,6,0
28,79,Madrid,5-067-A,880,0,0,880,683,0,683,4,5,527,2,31,0,0,0,41,10,0,0,61,2,0
28,79,Madrid,5-067-B,929,0,0,929,713,0,713,4,0,594,1,26,0,0,0,19,8,0,1,56,4,0
28,79,Madrid,5-068-A,670,0,0,670,561,0,561,3,0,458,0,13,0,0,0,17,5,1,0,62,2,0
28,79,Madrid,5-068-B,653,0,0,653,547,0,547,6,2,436,0,20,0,0,0,18,2,1,1,59,2,0
28,79,Madrid,5-069-U,689,0,0,689,554,0,554,6,2,443,2,20,0,2,0,21,8,0,0,47,3,0
28,79,Madrid,5-070-A,768,0,0,768,614,0,614,6,1,457,2,30,0,0,0,42,4,1,0,61,10,0
28,79,Madrid,5-070-B,759,0,0,759,590,0,590,7,0,473,0,35,0,0,0,27,8,1,0,37,2,0
28,79,Madrid,5-072-A,612,0,0,612,496,0,496,5,1,405,3,20,0,0,0,27,6,1,0,23,4,1
28,79,Madrid,5-072-B,637,0,0,637,514,0,514,7,4,396,0,36,0,0,0,22,9,0,0,35,5,0
28,79,Madrid,5-073-A,679,0,0,679,558,0,558,3,1,447,3,22,0,0,0,27,6,1,1,47,0,0
28,79,Madrid,5-073-B,606,0,0,606,498,1,499,5,0,407,1,15,0,0,0,23,3,1,0,40,4,0
28,79,Madrid,5-074-A,512,0,0,512,399,1,400,2,1,331,3,21,0,0,0,18,5,0,0,18,1,0
28,79,Madrid,5-074-B,598,0,0,598,471,0,471,4,1,390,1,12,0,1,0,17,2,0,0,40,3,0
28,79,Madrid,5-075-A,649,0,0,649,506,0,506,2,0,410,0,26,0,0,0,24,4,1,0,35,3,1
28,79,Madrid,5-075-B,608,0,0,608,478,0,478,3,0,394,0,21,0,0,0,21,6,1,0,32,0,0
28,79,Madrid,5-076-A,832,0,0,832,672,0,672,14,3,538,0,21,0,1,0,32,8,1,1,48,5,0
28,79,Madrid,5-076-B,887,0,0,887,726,0,726,0,0,600,0,26,0,0,0,36,1,1,2,55,5,0
28,79,Madrid,5-077-A,497,0,0,497,408,0,408,5,0,329,1,16,0,1,0,19,4,0,0,32,1,0
28,79,Madrid,5-077-B,510,0,0,510,426,0,426,4,0,349,1,22,0,0,0,12,3,3,0,29,3,0
28,79,Madrid,5-078-U,656,0,0,656,526,0,526,3,1,429,0,27,0,0,0,18,6,2,1,35,2,2
28,79,Madrid,5-079-A,697,0,0,697,528,0,528,3,1,376,0,45,0,0,0,48,9,0,1,32,13,0
28,79,Madrid,5-079-B,632,0,0,632,493,0,493,3,4,360,2,30,0,0,0,39,9,3,0,38,5,0
28,79,Madrid,5-080-U,756,0,0,756,560,0,560,4,3,331,2,70,0,0,0,90,9,1,0,36,14,0
28,79,Madrid,5-081-A,761,0,0,761,636,0,636,5,3,441,4,50,0,0,0,57,14,1,0,38,22,1
28,79,Madrid,5-081-B,867,0,0,867,735,0,735,7,6,512,0,40,0,0,2,72,20,1,0,58,17,0
28,79,Madrid,5-082-A,836,0,0,836,672,1,673,10,3,509,3,35,0,0,0,38,11,3,0,54,6,1
28,79,Madrid,5-082-B,887,0,0,887,705,0,705,1,1,524,3,35,0,0,1,52,13,1,0,64,9,1
28,79,Madrid,5-083-A,663,0,0,663,496,0,496,4,0,332,5,53,1,0,0,52,10,1,1,28,9,0
28,79,Madrid,5-083-B,721,0,0,721,543,0,543,8,1,346,0,60,0,0,0,64,9,3,0,43,9,0
28,79,Madrid,5-084-A,640,0,0,640,509,0,509,6,4,333,4,47,0,0,0,54,7,2,0,42,10,0
28,79,Madrid,5-084-B,620,0,0,620,489,0,489,0,8,331,4,42,0,1,0,50,9,1,1,31,11,0
28,79,Madrid,5-085-A,678,0,0,678,535,0,535,3,0,399,1,31,0,0,0,37,5,0,0,51,8,0
28,79,Madrid,5-085-B,706,0,0,706,563,0,563,5,2,426,2,27,0,0,0,42,8,1,0,45,5,0
28,79,Madrid,5-086-U,886,0,0,886,618,0,618,6,3,358,1,85,0,0,2,97,12,3,0,30,20,1
28,79,Madrid,5-087-A,678,0,0,678,505,0,505,7,0,340,0,46,0,0,0,61,6,1,0,34,10,0
28,79,Madrid,5-087-B,689,0,0,689,546,0,546,8,1,347,2,60,0,1,0,62,11,1,0,43,10,0
28,79,Madrid,5-088-U,644,0,0,644,495,0,495,5,3,314,2,55,0,1,0,59,9,3,0,42,2,0
28,79,Madrid,5-089-U,599,0,0,599,463,0,463,2,3,319,0,31,0,0,0,45,9,6,0,43,4,1
28,79,Madrid,5-090-U,767,0,0,767,533,1,534,2,2,302,1,67,0,0,0,85,7,2,1,42,22,1
28,79,Madrid,5-091-U,653,0,0,653,463,0,463,2,0,257,0,72,0,0,0,75,14,3,0,30,9,1
28,79,Madrid,5-092-U,956,0,0,956,550,0,550,4,5,179,4,111,0,1,1,160,12,1,0,39,32,1
28,79,Madrid,5-094-A,516,0,0,516,385,0,385,3,4,250,1,30,0,0,1,37,8,2,0,40,8,1
28,79,Madrid,5-094-B,513,0,0,513,377,0,377,3,2,244,1,30,0,0,0,48,9,1,0,35,4,0
28,79,Madrid,5-095-A,774,0,0,774,638,0,638,2,2,430,1,76,0,1,1,77,15,1,0,24,8,0
28,79,Madrid,5-095-B,704,0,0,704,605,0,605,5,2,417,0,63,0,0,0,61,11,2,0,34,10,0
28,79,Madrid,5-096-A,525,0,0,525,393,0,393,3,0,178,0,72,0,0,0,74,9,3,0,25,29,0
28,79,Madrid,5-096-B,537,0,0,537,389,0,389,1,1,210,1,56,0,0,0,72,5,3,0,20,20,0
28,79,Madrid,5-097-A,565,0,0,565,450,0,450,7,1,316,1,26,0,0,1,40,7,2,0,41,7,1
28,79,Madrid,5-097-B,653,0,0,653,511,0,511,2,1,384,4,29,0,0,0,37,12,2,0,31,9,0
28,79,Madrid,5-098-U,921,0,0,921,710,0,710,5,4,469,1,51,0,0,0,71,18,4,0,71,15,1
28,79,Madrid,5-099-A,720,0,0,720,570,0,570,6,4,345,0,71,0,0,0,89,13,1,0,25,16,0
28,79,Madrid,5-099-B,692,0,0,692,550,0,550,7,3,328,0,68,0,0,0,85,11,2,0,26,20,0
28,79,Madrid,5-100-A,799,0,0,799,671,2,673,7,6,495,6,40,0,0,0,46,10,2,0,50,10,1
28,79,Madrid,5-100-B,808,0,0,808,647,0,647,7,1,472,4,56,0,0,0,43,8,2,0,43,11,0
28,79,Madrid,5-101-U,962,0,0,962,785,0,785,5,3,531,5,75,1,0,1,67,11,0,0,72,13,1
28,79,Madrid,5-102-U,722,0,0,722,623,0,623,9,3,421,1,79,0,0,1,42,15,2,0,41,7,2
28,79,Madrid,5-103-U,967,0,0,967,786,0,786,5,4,583,1,54,0,0,0,55,19,2,0,47,16,0
28,79,Madrid,5-104-A,492,0,0,492,402,1,403,7,1,302,1,21,0,0,1,27,5,0,0,33,5,0
28,79,Madrid,5-104-B,514,0,0,514,412,0,412,1,2,307,0,28,0,0,0,26,7,1,0,31,9,0
28,79,Madrid,6-001-U,891,0,0,891,565,1,566,12,2,244,1,97,0,0,1,117,8,4,0,40,40,0
28,79,Madrid,6-002-U,724,0,0,724,485,0,485,4,2,204,0,93,0,2,1,117,8,1,0,28,24,1
28,79,Madrid,6-003-A,538,0,0,538,358,0,358,5,5,153,0,50,0,0,1,93,5,2,0,16,26,2
28,79,Madrid,6-003-B,575,0,0,575,380,0,380,2,5,160,1,57,1,0,1,100,8,1,0,24,20,0
28,79,Madrid,6-004-U,739,0,0,739,409,0,409,4,5,145,3,65,0,0,1,114,6,1,0,23,42,0
28,79,Madrid,6-005-U,666,0,0,666,387,0,387,2,2,156,1,89,0,0,1,95,3,2,0,17,18,1
28,79,Madrid,6-006-U,605,0,0,605,344,0,344,4,2,134,3,54,1,0,0,97,3,1,0,14,31,0
28,79,Madrid,6-007-U,710,0,0,710,463,0,463,0,0,211,0,82,1,0,0,100,7,7,1,28,25,1
28,79,Madrid,6-008-U,728,0,0,728,455,0,455,1,2,201,4,71,0,0,0,106,5,3,0,21,41,0
28,79,Madrid,6-009-U,799,0,0,799,531,0,531,5,4,255,0,87,1,1,0,107,5,2,1,29,34,0
28,79,Madrid,6-010-A,657,0,0,657,502,1,503,8,7,239,1,76,2,1,0,103,2,1,0,34,28,1
28,79,Madrid,6-010-B,701,0,0,701,557,0,557,2,5,269,2,91,2,0,2,108,6,3,0,28,39,0
28,79,Madrid,6-011-U,867,0,0,867,525,0,525,6,7,193,0,102,0,0,1,127,8,1,1,43,36,0
28,79,Madrid,6-012-U,620,0,0,620,375,0,375,2,5,151,0,89,0,0,2,79,5,7,1,11,21,2
28,79,Madrid,6-013-U,680,0,0,680,414,0,414,5,3,166,0,75,0,0,0,114,6,1,0,22,21,1
28,79,Madrid,6-014-U,792,0,0,792,527,0,527,4,3,235,0,101,1,2,0,109,6,2,0,33,30,1
28,79,Madrid,6-015-U,757,0,0,757,417,0,417,2,2,152,0,98,0,1,1,87,10,3,1,27,33,0
28,79,Madrid,6-016-A,541,0,0,541,352,0,352,6,3,144,0,58,0,1,0,101,2,1,0,14,21,1
28,79,Madrid,6-016-B,558,0,0,558,320,0,320,2,1,122,0,81,1,0,1,77,5,0,0,14,16,0
28,79,Madrid,6-017-U,641,0,0,641,340,0,340,2,2,137,2,67,0,0,0,74,11,2,0,19,24,0
28,79,Madrid,6-018-U,885,0,0,885,520,0,520,3,4,271,1,74,0,0,0,94,6,3,1,34,28,1
28,79,Madrid,6-019-A,654,0,0,654,357,0,357,1,1,154,3,61,2,1,0,76,2,4,0,28,24,0
28,79,Madrid,6-019-B,636,0,0,636,320,0,320,1,2,136,1,61,0,0,0,80,2,0,0,13,24,0
28,79,Madrid,6-021-A,571,0,0,571,358,0,358,2,3,137,0,73,1,0,2,84,4,3,0,20,29,0
28,79,Madrid,6-021-B,628,0,0,628,368,0,368,3,3,143,0,79,0,0,0,85,9,2,0,23,20,1
28,79,Madrid,6-023-U,849,0,0,849,575,1,576,10,1,302,2,81,0,0,0,101,9,4,1,37,27,1
28,79,Madrid,6-024-U,506,0,0,506,320,0,320,1,2,175,1,54,0,0,0,51,9,0,0,17,10,0
28,79,Madrid,6-025-U,670,0,0,670,403,0,403,5,0,149,1,89,0,0,0,102,3,1,0,23,29,1
28,79,Madrid,6-026-U,740,0,0,740,478,0,478,9,3,242,2,70,0,1,0,81,14,0,0,36,20,0
28,79,Madrid,6-027-U,938,0,0,938,687,0,687,5,6,456,0,76,0,0,0,48,15,4,0,40,35,2
28,79,Madrid,6-028-A,566,0,0,566,474,0,474,4,2,341,0,32,0,0,0,29,3,0,0,57,6,0
28,79,Madrid,6-028-B,561,0,0,561,452,0,452,4,3,322,0,34,0,2,0,37,5,1,0,41,3,0
28,79,Madrid,6-029-A,598,0,0,598,457,0,457,4,1,298,0,49,0,0,0,46,8,1,0,40,9,1
28,79,Madrid,6-029-B,655,0,0,655,483,0,483,5,2,335,0,27,0,0,0,48,10,1,0,47,6,2
28,79,Madrid,6-031-U,864,0,0,864,669,0,669,6,5,440,2,67,0,0,1,85,12,0,1,37,11,2
28,79,Madrid,6-032-U,758,0,0,758,472,0,472,4,2,216,1,71,0,0,0,122,9,5,0,25,17,0
28,79,Madrid,6-033-U,948,0,0,948,574,0,574,6,4,260,1,93,0,3,0,109,9,0,0,48,39,2
28,79,Madrid,6-034-U,599,0,0,599,379,0,379,2,5,171,3,53,2,0,1,91,8,1,0,23,18,1
28,79,Madrid,6-035-A,517,0,0,517,320,0,320,4,0,166,1,61,0,0,1,57,3,1,0,15,11,0
28,79,Madrid,6-035-B,488,0,0,488,314,0,314,1,3,158,1,55,0,0,1,50,5,3,0,25,12,0
28,79,Madrid,6-036-U,708,0,0,708,454,0,454,0,3,194,0,94,0,1,0,105,5,0,0,19,31,2
28,79,Madrid,6-037-U,756,0,0,756,503,0,503,2,1,254,1,93,1,0,0,91,8,4,0,26,19,3
28,79,Madrid,6-038-U,647,0,0,647,535,0,535,7,5,386,0,31,0,0,0,41,12,1,0,42,9,1
28,79,Madrid,6-039-U,704,0,0,704,575,0,575,4,1,423,2,30,0,0,0,41,9,2,1,49,11,2
28,79,Madrid,6-040-U,905,0,0,905,749,0,749,7,1,539,1,68,0,0,0,59,16,2,0,48,7,1
28,79,Madrid,6-041-A,632,0,0,632,453,0,453,3,3,263,0,54,0,0,1,69,8,2,1,37,12,0
28,79,Madrid,6-041-B,694,0,0,694,487,0,487,13,2,304,3,51,0,0,0,50,9,6,1,33,15,0
28,79,Madrid,6-042-A,661,0,0,661,470,0,470,7,3,224,2,71,0,0,1,97,5,8,1,28,22,1
28,79,Madrid,6-042-B,716,0,0,716,488,0,488,4,2,268,1,83,0,2,1,77,8,4,0,21,17,0
28,79,Madrid,6-043-A,525,0,0,525,346,0,346,2,3,183,1,58,0,1,0,66,5,2,0,16,9,0
28,79,Madrid,6-043-B,532,0,0,532,363,1,364,4,2,184,1,66,0,0,0,64,8,2,0,20,12,1
28,79,Madrid,6-044-U,839,0,0,839,635,1,636,5,2,442,0,44,0,0,0,72,11,0,0,45,15,0
28,79,Madrid,6-045-U,906,0,0,906,703,0,703,2,5,437,1,68,0,1,2,82,14,6,0,61,23,1
28,79,Madrid,6-046-A,625,0,0,625,478,0,478,2,1,348,1,35,0,0,0,35,8,2,0,40,6,0
28,79,Madrid,6-046-B,686,0,0,686,517,0,517,4,3,375,1,26,0,0,0,28,9,2,1,53,15,0
28,79,Madrid,6-048-U,753,0,0,753,618,0,618,5,1,403,1,65,0,0,0,61,10,3,1,58,10,0
28,79,Madrid,6-049-U,652,0,0,652,486,0,486,9,3,310,0,39,0,1,0,57,10,1,1,45,10,0
28,79,Madrid,6-050-U,492,0,0,492,369,0,369,1,3,254,0,36,0,0,0,34,4,0,0,26,11,0
28,79,Madrid,6-051-U,934,0,0,934,712,1,713,10,4,398,1,107,0,0,0,105,11,3,1,46,26,1
28,79,Madrid,6-052-U,806,0,0,806,599,1,600,6,8,292,1,89,0,0,0,128,10,6,0,41,17,2
28,79,Madrid,6-053-U,918,0,0,918,631,0,631,2,4,354,0,71,0,0,0,114,14,2,0,39,30,1
28,79,Madrid,6-054-A,501,0,0,501,358,0,358,1,0,210,0,56,0,0,0,56,4,2,0,19,10,0
28,79,Madrid,6-054-B,501,0,0,501,377,0,377,2,5,235,0,50,0,0,0,48,8,0,0,15,14,0
28,79,Madrid,6-056-A,754,0,0,754,498,1,499,3,3,256,1,83,0,0,0,95,8,1,0,25,21,3
28,79,Madrid,6-056-B,716,0,0,716,438,0,438,6,3,221,2,61,0,1,0,93,7,7,0,22,15,0
28,79,Madrid,6-057-A,489,0,0,489,346,0,346,2,0,169,1,55,1,0,0,56,9,5,1,29,18,0
28,79,Madrid,6-057-B,548,0,0,548,406,0,406,2,3,199,0,66,0,0,0,81,5,4,0,27,19,0
28,79,Madrid,6-058-U,916,0,0,916,664,1,665,3,3,365,2,90,0,0,0,99,22,4,0,52,25,0
28,79,Madrid,6-059-U,900,0,0,900,676,0,676,2,3,467,0,48,0,2,1,53,12,1,0,81,5,1
28,79,Madrid,6-060-U,742,0,0,742,537,0,537,8,3,276,1,88,0,0,1,82,7,4,0,29,34,4
28,79,Madrid,6-061-U,756,0,0,756,535,0,535,6,2,341,1,40,0,0,1,73,11,2,1,45,12,0
28,79,Madrid,6-062-A,812,1,0,813,636,1,637,7,1,473,0,31,0,0,0,48,6,1,0,64,6,0
28,79,Madrid,6-062-B,774,0,0,774,599,0,599,7,5,445,0,32,0,0,0,31,13,1,0,53,12,0
28,79,Madrid,6-063-A,490,1,0,491,395,0,395,2,0,318,1,16,0,0,0,17,4,0,0,32,5,0
28,79,Madrid,6-063-B,501,0,0,501,409,0,409,4,0,309,1,19,0,0,0,24,9,0,0,39,4,0
28,79,Madrid,6-064-U,588,0,0,588,498,0,498,2,0,411,0,19,0,0,0,12,4,1,1,45,3,0
28,79,Madrid,6-065-U,692,0,0,692,541,1,542,20,0,412,0,29,1,0,0,24,7,0,1,44,4,0
28,79,Madrid,6-066-A,540,0,0,540,374,0,374,3,3,237,1,35,0,0,0,58,5,1,0,25,4,2
28,79,Madrid,6-066-B,499,0,0,499,371,0,371,0,7,215,0,34,0,0,0,69,8,1,0,30,6,1
28,79,Madrid,6-067-U,828,0,0,828,558,1,559,6,7,310,3,75,0,0,0,86,9,3,0,34,25,1
28,79,Madrid,6-068-U,885,0,0,885,594,1,595,5,6,280,1,90,0,0,0,122,7,6,0,52,25,1
28,79,Madrid,6-069-A,501,0,0,501,337,0,337,5,2,174,0,51,0,0,0,59,4,4,0,21,16,1
28,79,Madrid,6-069-B,552,0,0,552,378,0,378,6,3,188,1,65,0,0,0,69,5,1,0,22,16,2
28,79,Madrid,6-070-A,579,0,0,579,436,0,436,4,2,278,4,40,0,0,0,53,5,1,0,30,17,2
28,79,Madrid,6-070-B,516,0,0,516,387,0,387,2,1,254,0,45,0,0,0,47,8,0,0,21,9,0
28,79,Madrid,6-071-U,770,0,0,770,590,0,590,8,4,422,1,39,0,0,1,45,15,1,0,43,10,1
28,79,Madrid,6-072-A,750,0,0,750,530,0,530,6,4,276,2,73,0,0,1,88,12,1,0,42,25,0
28,79,Madrid,6-072-B,805,0,0,805,533,1,534,9,0,283,1,79,0,0,0,89,10,1,0,36,25,1
28,79,Madrid,6-073-A,600,0,0,600,389,0,389,4,8,144,0,79,0,0,0,67,12,12,0,31,32,0
28,79,Madrid,6-073-B,602,0,0,602,393,0,393,1,1,137,0,74,1,0,0,96,8,8,0,43,24,0
28,79,Madrid,6-074-U,710,0,0,710,439,1,440,6,5,158,1,84,0,0,1,100,7,2,0,44,30,2
28,79,Madrid,6-075-U,724,0,0,724,491,0,491,2,4,212,1,80,0,0,4,110,5,2,0,42,28,1
28,79,Madrid,6-076-U,635,5,0,640,434,0,434,3,1,242,1,55,0,0,0,63,12,1,0,42,11,3
28,79,Madrid,6-077-U,698,0,0,698,506,0,506,3,1,298,3,78,0,2,0,68,9,3,0,28,11,2
28,79,Madrid,6-078-U,762,0,0,762,484,0,484,2,3,234,2,73,2,0,0,83,6,3,1,50,24,1
28,79,Madrid,6-079-U,758,0,0,758,524,0,524,6,5,271,1,79,0,0,0,79,8,2,1,46,24,2
28,79,Madrid,6-080-U,766,0,0,766,497,0,497,10,9,222,1,74,0,0,1,115,10,1,0,34,18,2
28,79,Madrid,6-081-A,928,0,0,928,508,0,508,2,4,163,3,135,0,2,0,103,3,3,1,48,40,1
28,79,Madrid,6-081-B,868,0,0,868,457,0,457,3,1,149,1,98,0,0,0,118,11,3,2,42,28,1
28,79,Madrid,6-084-A,683,0,0,683,383,0,383,5,5,117,0,111,0,0,0,82,2,2,3,29,27,0
28,79,Madrid,6-084-B,620,0,0,620,352,0,352,3,2,125,0,77,0,1,0,80,6,4,0,39,15,0
28,79,Madrid,6-085-A,490,0,0,490,247,0,247,0,6,132,0,63,0,1,0,0,3,2,0,23,16,1
28,79,Madrid,6-085-B,505,0,0,505,318,0,318,2,2,153,0,51,0,0,0,53,4,2,0,29,20,2
28,79,Madrid,6-089-U,907,0,0,907,569,0,569,2,5,188,0,129,0,1,0,125,8,10,0,55,44,2
28,79,Madrid,6-090-A,680,0,0,680,406,0,406,1,1,171,1,63,0,0,0,104,15,2,0,29,18,1
28,79,Madrid,6-090-B,713,0,0,713,424,0,424,4,3,169,1,76,0,0,1,85,11,3,0,37,32,2
28,79,Madrid,6-091-A,531,0,0,531,309,0,309,3,2,116,1,54,0,0,1,83,6,1,0,17,23,2
28,79,Madrid,6-091-B,525,0,0,525,341,0,341,5,3,134,0,73,0,0,0,87,3,1,0,14,20,1
28,79,Madrid,6-092-U,832,0,0,832,527,0,527,7,5,209,0,114,1,1,2,110,10,5,0,43,20,0
28,79,Madrid,6-093-U,856,0,0,856,508,0,508,5,8,199,0,125,0,0,0,115,8,3,0,27,18,0
28,79,Madrid,6-094-A,631,0,0,631,397,0,397,4,8,148,2,72,1,0,0,100,3,2,1,39,16,1
28,79,Madrid,6-094-B,655,0,0,655,390,0,390,7,3,176,2,71,0,0,0,83,2,1,0,21,23,1
28,79,Madrid,6-095-U,793,0,0,793,446,0,446,7,8,171,1,82,0,2,0,106,7,5,1,29,26,1
28,79,Madrid,6-096-U,749,0,0,749,395,0,395,3,5,149,0,82,0,0,0,92,3,5,0,35,21,0
28,79,Madrid,6-097-A,509,0,0,509,308,0,308,1,4,143,0,56,0,2,0,46,3,3,0,28,22,0
28,79,Madrid,6-097-B,492,0,0,492,272,0,272,1,2,120,1,53,0,2,0,44,4,0,0,26,18,1
28,79,Madrid,6-099-A,534,0,0,534,304,0,304,5,6,111,0,46,1,0,1,70,4,5,1,31,23,0
28,79,Madrid,6-099-B,522,0,0,522,300,0,300,2,2,109,0,56,1,1,1,72,3,4,0,34,15,0
28,79,Madrid,6-101-A,652,0,0,652,393,0,393,0,5,170,1,72,0,1,3,84,8,2,1,32,14,0
28,79,Madrid,6-101-B,704,0,0,704,423,0,423,3,5,159,0,91,0,0,1,91,7,6,0,37,23,0
28,79,Madrid,6-102-A,601,0,0,601,372,0,372,4,6,144,1,61,0,0,2,95,6,2,0,30,20,1
28,79,Madrid,6-102-B,606,0,0,606,383,0,383,2,6,141,0,72,2,0,0,100,6,2,0,14,34,4
28,79,Madrid,6-103-A,517,0,0,517,348,0,348,1,7,126,0,60,0,0,2,102,4,2,0,18,26,0
28,79,Madrid,6-103-B,563,0,0,563,352,0,352,4,2,127,1,55,0,1,2,109,3,4,0,15,26,3
28,79,Madrid,6-104-U,768,0,0,768,493,1,494,3,9,172,3,103,0,0,3,121,5,6,0,34,35,0
28,79,Madrid,6-105-A,645,0,0,645,392,0,392,5,3,143,2,83,0,1,0,121,8,3,0,15,8,0
28,79,Madrid,6-105-B,641,0,0,641,413,0,413,6,4,166,0,71,0,2,1,97,4,0,0,35,25,2
28,79,Madrid,6-106-U,812,0,0,812,496,0,496,6,5,198,2,96,0,0,2,117,6,0,0,24,39,1
28,79,Madrid,6-107-A,469,0,0,469,304,0,304,0,1,160,0,52,0,1,0,60,3,2,0,16,9,0
28,79,Madrid,6-107-B,505,0,0,505,314,0,314,2,1,133,0,60,0,2,0,68,4,3,0,15,24,2
28,79,Madrid,6-108-U,831,0,0,831,497,0,497,6,4,237,2,84,0,0,0,106,9,1,0,26,22,0
28,79,Madrid,6-109-A,653,0,0,653,380,0,380,5,2,128,2,73,0,0,1,104,8,3,0,30,21,3
28,79,Madrid,6-109-B,595,0,0,595,354,0,354,4,7,131,1,75,0,0,0,80,1,7,0,14,32,2
28,79,Madrid,6-110-U,924,0,0,924,567,0,567,4,3,200,2,105,0,0,0,148,5,2,0,49,46,3
28,79,Madrid,6-111-A,691,0,0,691,451,0,451,6,3,192,0,53,0,1,0,122,8,1,0,38,27,0
28,79,Madrid,6-111-B,704,0,0,704,472,0,472,4,1,201,2,75,0,0,0,109,7,2,0,33,38,0
28,79,Madrid,6-112-U,725,0,0,725,444,0,444,3,7,168,0,86,1,0,1,100,7,1,0,47,23,0
28,79,Madrid,6-113-U,756,0,0,756,502,0,502,6,3,192,0,84,0,1,1,123,15,1,0,41,33,2
28,79,Madrid,6-114-A,666,0,0,666,432,0,432,6,3,192,2,72,0,0,0,104,4,4,0,18,27,0
28,79,Madrid,6-114-B,746,0,0,746,481,0,481,5,3,194,2,81,0,0,0,129,4,5,1,33,24,0
28,79,Madrid,6-115-U,709,0,0,709,417,0,417,1,5,149,3,95,0,1,1,91,5,10,0,31,24,1
28,79,Madrid,6-116-A,741,0,0,741,481,0,481,3,7,171,2,97,0,2,1,124,12,2,0,34,26,0
28,79,Madrid,6-116-B,708,0,0,708,438,0,438,5,5,170,4,85,0,1,0,103,8,1,0,20,36,0
28,79,Madrid,6-117-A,690,0,0,690,454,0,454,2,3,194,1,81,1,1,0,100,9,4,1,31,25,1
28,79,Madrid,6-117-B,732,0,0,732,457,0,457,4,7,167,2,89,1,0,0,121,5,3,0,37,21,0
28,79,Madrid,6-118-U,598,0,0,598,376,0,376,0,3,175,2,64,0,0,1,73,5,4,0,34,15,0
28,79,Madrid,6-119-U,594,0,0,594,369,0,369,3,3,149,0,80,0,0,1,81,1,1,0,25,25,0
28,79,Madrid,6-120-U,885,0,0,885,506,0,506,2,4,202,1,118,0,0,0,111,5,3,0,35,24,1
28,79,Madrid,6-121-U,807,0,0,807,537,0,537,2,5,237,4,101,0,0,1,119,5,0,1,35,27,0
28,79,Madrid,6-122-A,600,0,0,600,412,0,412,4,8,199,0,65,0,1,0,77,3,1,0,32,22,0
28,79,Madrid,6-122-B,611,0,0,611,405,0,405,3,4,186,0,80,0,0,0,72,2,2,0,27,28,1
28,79,Madrid,6-123-U,823,0,0,823,491,0,491,5,5,195,1,101,0,0,1,125,9,0,1,14,33,1
28,79,Madrid,6-124-U,744,0,0,744,465,0,465,2,3,186,2,87,0,4,1,94,13,5,1,31,35,1
28,79,Madrid,6-125-A,599,0,0,599,446,0,446,3,1,198,6,66,0,0,0,106,9,1,1,34,21,0
28,79,Madrid,6-125-B,653,0,0,653,509,0,509,8,1,220,1,95,0,1,0,111,7,1,0,23,40,1
28,79,Madrid,6-126-U,873,0,0,873,534,0,534,3,6,238,1,100,0,1,1,110,8,6,0,33,27,0
28,79,Madrid,6-127-A,545,0,0,545,297,0,297,1,0,100,0,93,0,0,2,67,5,1,0,16,11,1
28,79,Madrid,6-127-B,574,0,0,574,352,0,352,4,3,130,1,85,0,0,2,76,5,3,0,26,17,0
28,79,Madrid,6-128-A,515,0,0,515,297,0,297,2,6,134,1,59,0,0,0,56,3,1,0,16,18,1
28,79,Madrid,6-128-B,504,0,0,504,300,0,300,3,1,118,0,59,0,1,1,75,5,3,1,16,17,0
28,79,Madrid,6-129-A,690,0,0,690,438,0,438,4,7,169,3,82,0,0,1,102,5,4,0,41,20,0
28,79,Madrid,6-129-B,698,0,0,698,467,0,467,9,7,206,1,69,0,1,2,103,8,1,0,43,17,0
28,79,Madrid,7-001-U,855,0,0,855,621,1,622,15,6,334,0,52,0,1,0,112,18,7,1,41,33,2
28,79,Madrid,7-002-U,636,0,0,636,482,0,482,5,2,255,0,83,0,1,0,83,5,0,0,26,22,0
28,79,Madrid,7-003-U,834,0,0,834,576,0,576,2,6,318,2,64,0,0,1,95,8,3,0,50,26,1
28,79,Madrid,7-004-A,601,0,0,601,431,0,431,7,3,202,1,58,0,0,1,98,7,2,0,25,24,3
28,79,Madrid,7-004-B,618,0,0,618,438,0,438,6,2,233,2,66,0,0,0,78,10,2,1,20,17,1
28,79,Madrid,7-006-A,597,0,0,597,486,1,487,7,5,297,1,30,0,0,0,67,9,3,2,48,18,0
28,79,Madrid,7-006-B,570,0,0,570,433,0,433,2,3,239,1,52,0,0,0,66,14,0,1,37,18,0
28,79,Madrid,7-007-U,696,0,0,696,525,0,525,6,7,251,1,74,0,2,1,101,7,1,0,27,47,0
28,79,Madrid,7-008-A,485,0,0,485,369,0,369,3,1,221,2,40,0,0,0,48,8,2,0,29,14,1
28,79,Madrid,7-008-B,550,0,0,550,429,0,429,2,3,253,3,51,0,0,0,57,9,1,2,36,12,0
28,79,Madrid,7-009-U,638,0,0,638,481,0,481,6,2,248,0,48,0,0,0,111,5,0,0,32,27,2
28,79,Madrid,7-010-U,783,0,0,783,567,0,567,7,2,301,2,95,0,0,0,93,10,4,0,28,21,4
28,79,Madrid,7-011-U,875,0,0,875,624,0,624,2,5,319,2,69,0,0,0,126,12,5,2,49,33,0
28,79,Madrid,7-012-A,511,0,0,511,398,0,398,3,6,216,1,54,0,0,0,81,8,1,0,15,13,0
28,79,Madrid,7-012-B,557,0,0,557,421,0,421,4,4,233,0,67,0,0,0,70,9,1,0,16,17,0
28,79,Madrid,7-013-U,647,0,0,647,474,0,474,4,4,268,1,46,0,0,0,72,10,0,0,56,13,0
28,79,Madrid,7-014-U,851,0,0,851,612,0,612,7,8,352,0,63,0,0,1,96,8,3,0,38,36,0
28,79,Madrid,7-016-A,545,0,0,545,369,0,369,2,8,167,1,67,0,1,0,80,5,2,0,20,16,0
28,79,Madrid,7-016-B,578,0,0,578,397,0,397,6,0,195,2,57,0,1,0,84,6,1,0,25,20,0
28,79,Madrid,7-017-U,750,0,0,750,580,0,580,6,3,334,2,58,0,1,1,91,11,7,0,42,23,1
28,79,Madrid,7-018-A,627,0,0,627,455,0,455,5,2,263,0,49,0,1,0,77,13,1,1,30,13,0
28,79,Madrid,7-018-B,602,0,0,602,460,0,460,6,3,254,1,58,0,0,0,91,14,1,0,23,9,0
28,79,Madrid,7-019-U,913,0,0,913,716,0,716,5,8,440,1,69,0,1,0,106,13,2,1,50,19,1
28,79,Madrid,7-021-A,711,0,0,711,556,0,556,5,4,355,2,64,0,1,0,65,9,1,0,32,18,0
28,79,Madrid,7-021-B,765,0,0,765,596,0,596,7,4,353,2,60,0,1,0,74,11,2,0,53,27,2
28,79,Madrid,7-023-U,791,0,0,791,641,0,641,6,1,375,5,88,0,1,0,85,8,0,0,51,21,0
28,79,Madrid,7-024-U,569,0,0,569,440,1,441,2,2,236,1,53,0,0,0,84,8,0,1,41,12,1
28,79,Madrid,7-025-U,839,0,0,839,628,0,628,4,7,297,1,103,0,0,0,121,20,3,4,40,27,1
28,79,Madrid,7-026-A,707,0,0,707,520,1,521,7,5,229,0,78,0,0,0,112,10,4,0,36,38,2
28,79,Madrid,7-026-B,664,0,0,664,479,0,479,11,10,247,0,60,0,0,1,91,7,2,0,26,23,1
28,79,Madrid,7-028-A,504,0,0,504,383,0,383,1,6,183,2,58,0,0,0,73,8,3,0,26,23,0
28,79,Madrid,7-028-B,466,0,0,466,342,0,342,3,3,163,2,47,1,0,0,71,4,1,0,31,16,0
28,79,Madrid,7-030-U,876,0,0,876,622,0,622,7,6,312,4,85,0,0,0,124,8,0,0,33,43,0
28,79,Madrid,7-031-U,632,0,0,632,458,0,458,4,5,236,1,71,0,0,0,93,10,3,2,15,18,0
28,79,Madrid,7-032-U,902,0,0,902,638,0,638,8,5,327,2,88,0,0,1,136,8,4,0,31,28,0
28,79,Madrid,7-034-A,538,0,0,538,368,0,368,2,0,183,1,58,0,0,0,87,4,0,0,20,13,0
28,79,Madrid,7-034-B,553,0,0,553,372,0,372,7,2,177,0,44,0,1,0,90,7,3,0,16,23,2
28,79,Madrid,7-035-U,557,0,0,557,387,0,387,6,5,196,1,44,0,0,0,85,6,0,0,18,25,1
28,79,Madrid,7-036-A,586,0,0,586,415,0,415,4,5,208,1,60,0,0,0,80,4,4,0,24,24,1
28,79,Madrid,7-036-B,625,0,0,625,450,1,451,5,5,227,0,62,0,0,0,90,13,4,0,17,26,2
28,79,Madrid,7-038-U,785,0,0,785,600,0,600,1,3,276,0,100,0,0,1,125,17,5,0,32,39,1
28,79,Madrid,7-039-U,681,0,0,681,519,0,519,3,6,247,1,78,2,0,0,104,15,0,0,34,26,3
28,79,Madrid,7-040-U,809,0,0,809,571,0,571,10,7,275,1,87,0,0,0,124,11,3,0,29,23,1
28,79,Madrid,7-041-U,944,0,0,944,691,1,692,6,5,372,0,85,0,0,0,135,11,3,0,38,36,1
28,79,Madrid,7-042-U,763,0,0,763,650,0,650,5,2,429,2,67,0,0,1,80,7,2,0,40,13,2
28,79,Madrid,7-043-U,864,0,0,864,661,0,661,9,2,411,0,78,1,0,0,90,15,6,0,30,18,1
28,79,Madrid,7-044-U,777,0,0,777,648,0,648,6,2,416,0,59,0,0,0,79,14,6,1,48,16,1
28,79,Madrid,7-045-U,690,0,0,690,475,0,475,4,2,276,0,42,0,0,0,75,15,3,1,36,20,1
28,79,Madrid,7-046-U,535,0,0,535,363,0,363,2,1,186,0,46,0,0,0,89,8,3,0,12,15,1
28,79,Madrid,7-047-U,828,0,0,828,610,1,611,21,5,330,0,75,0,0,1,120,5,2,1,34,15,2
28,79,Madrid,7-048-A,695,0,0,695,534,1,535,19,3,272,0,60,0,0,0,110,10,2,0,39,20,0
28,79,Madrid,7-048-B,753,0,0,753,555,0,555,7,3,309,0,56,0,1,0,108,3,1,0,44,22,1
28,79,Madrid,7-049-U,554,0,0,554,437,0,437,4,2,262,0,42,0,0,0,62,15,0,0,31,19,0
28,79,Madrid,7-050-U,569,0,0,569,405,1,406,5,1,217,0,55,0,0,0,79,3,5,1,23,17,0
28,79,Madrid,7-051-U,544,0,0,544,383,1,384,5,2,184,1,50,0,0,0,88,9,2,0,24,17,2
28,79,Madrid,7-052-U,515,0,0,515,381,0,381,5,1,198,2,58,0,0,0,63,7,0,0,33,12,2
28,79,Madrid,7-053-A,529,0,0,529,368,0,368,5,1,157,1,56,0,0,0,91,4,1,1,26,25,0
28,79,Madrid,7-053-B,485,0,0,485,335,0,335,1,1,162,0,34,0,0,1,84,8,0,0,19,25,0
28,79,Madrid,7-055-U,510,0,0,510,373,0,373,4,5,218,2,33,0,1,0,53,4,0,0,19,33,1
28,79,Madrid,7-056-U,562,0,0,562,411,0,411,1,4,187,1,56,0,0,0,107,8,3,0,17,26,1
28,79,Madrid,7-057-A,544,0,0,544,394,0,394,1,2,213,0,54,0,0,0,85,7,1,0,14,17,0
28,79,Madrid,7-057-B,516,0,0,516,376,0,376,1,0,212,0,50,0,1,1,67,5,4,0,19,16,0
28,79,Madrid,7-058-U,844,0,0,844,590,0,590,7,7,281,2,78,0,1,0,138,14,1,1,27,33,0
28,79,Madrid,7-059-U,602,0,0,602,422,0,422,5,2,227,2,55,0,0,1,94,2,3,0,17,14,0
28,79,Madrid,7-060-U,641,0,0,641,481,0,481,6,8,239,1,67,0,0,0,111,8,4,0,17,20,0
28,79,Madrid,7-061-U,924,0,0,924,674,0,674,8,1,339,2,94,0,0,1,136,13,2,0,35,42,1
28,79,Madrid,7-062-U,792,0,0,792,583,0,583,12,1,260,1,93,0,1,0,140,6,5,0,33,30,1
28,79,Madrid,7-063-A,515,0,0,515,404,0,404,5,4,199,0,59,0,0,0,77,8,2,0,31,19,0
28,79,Madrid,7-063-B,463,0,0,463,375,0,375,2,5,190,1,34,1,0,1,84,10,3,0,21,23,0
28,79,Madrid,7-064-U,875,0,0,875,647,0,647,3,4,366,1,83,0,1,0,115,12,4,0,31,26,1
28,79,Madrid,7-065-U,930,0,0,930,633,0,633,7,6,333,2,93,0,1,0,122,9,2,1,22,35,0
28,79,Madrid,7-066-U,772,0,0,772,567,0,567,10,3,276,3,97,1,2,0,94,15,6,0,31,29,0
28,79,Madrid,7-067-U,804,0,0,804,589,0,589,7,4,316,2,73,0,1,2,109,7,5,0,26,37,0
28,79,Madrid,7-068-U,776,0,0,776,586,0,586,7,2,332,2,63,0,0,0,111,9,4,0,25,31,0
28,79,Madrid,7-069-U,737,0,0,737,528,1,529,4,3,245,1,73,0,0,0,118,9,5,1,32,36,2
28,79,Madrid,7-070-U,889,0,0,889,628,0,628,12,2,312,1,78,0,0,0,130,2,4,0,48,38,1
28,79,Madrid,7-071-U,775,0,0,775,583,0,583,10,2,353,0,66,0,0,0,81,7,3,0,39,20,2
28,79,Madrid,7-072-A,559,0,0,559,440,0,440,3,2,272,1,42,0,0,2,63,13,1,0,25,16,0
28,79,Madrid,7-072-B,537,0,0,537,411,0,411,1,2,234,3,39,0,0,0,66,5,1,1,42,15,2
28,79,Madrid,7-073-A,483,0,0,483,354,0,354,5,1,225,0,28,0,0,1,57,8,2,0,16,10,1
28,79,Madrid,7-073-B,520,0,0,520,380,0,380,5,3,235,0,39,0,0,0,50,5,1,1,21,20,0
28,79,Madrid,7-075-U,751,0,0,751,572,0,572,7,2,422,0,33,0,0,1,39,6,1,0,52,9,0
28,79,Madrid,7-076-U,666,0,0,666,489,1,490,3,3,355,1,38,0,0,0,22,7,4,1,52,4,0
28,79,Madrid,7-078-U,733,0,0,733,561,0,561,7,2,410,0,44,0,0,1,49,2,3,0,35,8,0
28,79,Madrid,7-079-U,643,0,0,643,456,0,456,5,3,278,3,50,0,0,0,62,5,1,0,23,26,0
28,79,Madrid,7-080-U,898,0,0,898,669,0,669,3,3,508,1,47,0,0,0,43,3,1,0,48,12,0
28,79,Madrid,7-081-A,533,0,0,533,430,0,430,3,1,347,0,22,0,0,0,18,2,2,0,31,4,0
28,79,Madrid,7-081-B,536,0,0,536,432,1,433,3,5,328,3,25,0,1,0,17,4,0,0,39,8,0
28,79,Madrid,7-082-U,825,0,0,825,626,0,626,3,3,463,2,36,0,1,0,41,10,0,0,47,19,1
28,79,Madrid,7-083-U,532,0,0,532,410,0,410,7,0,309,2,30,0,0,0,22,4,3,1,24,8,0
28,79,Madrid,7-084-U,846,0,0,846,694,1,695,0,0,558,0,32,0,1,0,33,5,1,0,51,13,1
28,79,Madrid,7-085-A,516,0,0,516,400,0,400,4,1,294,4,28,0,0,0,31,8,0,0,17,12,1
28,79,Madrid,7-085-B,548,0,0,548,410,0,410,4,1,300,3,34,0,0,0,24,10,0,0,27,6,1
28,79,Madrid,7-086-U,673,0,0,673,507,0,507,0,2,342,1,49,0,0,0,65,3,0,0,29,16,0
28,79,Madrid,7-087-U,620,0,0,620,473,0,473,2,1,358,0,27,0,1,0,39,4,1,0,24,16,0
28,79,Madrid,7-088-U,810,0,0,810,633,1,634,7,3,410,1,65,0,1,0,74,13,4,0,34,22,0
28,79,Madrid,7-089-U,941,0,0,941,678,0,678,3,4,365,0,97,0,1,1,108,17,1,1,48,31,1
28,79,Madrid,7-090-U,643,0,0,643,411,0,411,3,6,243,0,68,0,0,0,57,2,3,0,15,14,0
28,79,Madrid,7-091-U,725,0,0,725,535,0,535,5,3,360,0,66,0,0,0,61,7,0,0,23,10,0
28,79,Madrid,7-092-U,939,0,0,939,748,0,748,5,2,559,0,53,0,0,0,44,9,1,1,66,8,0
28,79,Madrid,7-093-U,920,0,0,920,721,0,721,3,2,544,2,51,0,0,0,46,9,2,0,55,6,1
28,79,Madrid,7-094-A,615,0,0,615,478,0,478,5,1,339,1,37,0,0,0,32,7,1,0,39,16,0
28,79,Madrid,7-094-B,579,0,0,579,451,1,452,7,2,332,3,32,0,0,0,30,10,0,0,28,8,0
28,79,Madrid,7-095-A,547,0,0,547,433,0,433,2,0,308,0,34,0,0,1,43,6,0,0,33,6,0
28,79,Madrid,7-095-B,484,0,0,484,387,0,387,0,0,296,0,15,0,0,0,27,7,1,0,33,8,0
28,79,Madrid,7-096-U,929,0,0,929,726,0,726,4,4,504,1,65,0,0,0,65,5,4,1,51,21,1
28,79,Madrid,7-097-U,612,0,0,612,458,0,458,2,1,259,0,64,0,1,0,65,13,1,0,24,28,0
28,79,Madrid,7-098-U,786,0,0,786,624,1,625,12,7,405,2,53,0,0,0,73,12,0,1,43,16,1
28,79,Madrid,7-099-U,705,0,0,705,520,0,520,7,6,285,1,78,0,1,0,85,11,1,1,21,22,1
28,79,Madrid,7-100-U,629,0,0,629,421,0,421,9,2,231,0,57,0,0,0,71,4,1,3,26,17,0
28,79,Madrid,7-101-U,904,0,0,904,595,2,597,3,7,297,1,90,0,0,0,119,12,7,1,33,26,1
28,79,Madrid,7-102-A,478,0,0,478,367,1,368,3,4,197,2,48,0,0,0,61,3,1,3,28,15,3
28,79,Madrid,7-102-B,504,0,0,504,355,0,355,0,0,200,0,44,0,0,0,60,6,3,0,25,16,1
28,79,Madrid,7-103-A,510,0,0,510,356,0,356,2,1,207,0,52,0,0,0,56,5,0,0,18,14,1
28,79,Madrid,7-103-B,545,0,0,545,385,0,385,6,0,230,0,51,0,1,0,53,7,4,0,19,14,0
28,79,Madrid,7-105-U,865,0,0,865,673,0,673,11,5,397,1,82,0,1,0,95,14,5,1,42,18,1
28,79,Madrid,7-106-A,493,0,0,493,381,0,381,2,4,216,0,60,0,0,0,49,8,0,1,18,20,3
28,79,Madrid,7-106-B,485,0,0,485,358,0,358,0,3,219,1,52,0,0,0,49,4,0,0,19,11,0
28,79,Madrid,7-107-U,794,0,0,794,639,0,639,6,1,372,0,76,0,0,0,88,8,4,0,64,19,1
28,79,Madrid,7-108-U,757,0,0,757,555,0,555,7,2,327,0,62,0,0,0,79,9,4,0,34,29,2
28,79,Madrid,7-109-A,481,0,0,481,357,0,357,3,4,218,1,40,1,0,1,51,4,0,0,21,13,0
28,79,Madrid,7-109-B,498,0,0,498,380,0,380,2,6,220,0,36,0,0,0,72,6,0,0,29,8,1
28,79,Madrid,7-110-U,775,0,0,775,544,0,544,4,2,297,2,58,0,1,1,112,7,3,1,25,30,1
28,79,Madrid,7-111-A,496,0,0,496,380,0,380,2,1,228,0,39,0,0,0,65,5,0,0,22,17,1
28,79,Madrid,7-111-B,502,0,0,502,410,0,410,1,7,252,2,37,0,1,1,58,6,1,0,28,15,1
28,79,Madrid,7-113-A,654,0,0,654,517,0,517,3,2,348,0,63,0,0,0,61,5,0,0,25,10,0
28,79,Madrid,7-113-B,711,0,0,711,545,0,545,8,3,360,2,53,0,0,0,58,11,0,1,31,18,0
28,79,Madrid,7-114-A,717,0,0,717,536,0,536,5,2,362,1,44,0,0,0,63,8,0,0,36,15,0
28,79,Madrid,7-114-B,712,0,0,712,514,0,514,5,4,322,1,54,0,0,0,51,10,1,0,43,21,2
28,79,Madrid,7-115-A,569,0,0,569,429,0,429,5,1,286,0,42,0,0,0,59,4,2,0,26,4,0
28,79,Madrid,7-115-B,542,0,0,542,408,0,408,2,0,252,0,51,0,0,0,54,8,0,0,31,10,0
28,79,Madrid,7-116-U,875,0,0,875,680,0,680,5,1,430,0,55,1,1,1,99,10,3,0,62,11,1
28,79,Madrid,7-117-U,938,0,0,938,640,0,640,8,8,327,3,95,0,0,1,115,13,1,0,33,34,2
28,79,Madrid,7-118-A,569,0,0,569,398,0,398,1,2,218,1,42,0,1,0,86,13,0,0,17,15,2
28,79,Madrid,7-118-B,530,0,0,530,388,0,388,4,0,215,0,48,0,1,0,58,5,2,0,36,17,2
28,79,Madrid,7-119-A,543,0,0,543,418,0,418,6,3,209,1,49,0,0,0,93,6,0,1,35,14,1
28,79,Madrid,7-119-B,510,0,0,510,371,0,371,2,1,195,1,33,0,0,1,76,8,4,2,30,18,0
28,79,Madrid,7-120-A,658,0,0,658,531,0,531,6,8,336,0,35,0,0,0,57,9,2,1,55,21,1
28,79,Madrid,7-120-B,719,0,0,719,579,0,579,9,2,368,1,65,0,1,0,46,9,1,0,60,17,0
28,79,Madrid,7-121-A,669,0,0,669,538,1,539,2,0,340,1,53,0,0,1,68,12,4,0,43,15,0
28,79,Madrid,7-121-B,720,0,0,720,538,0,538,5,3,368,2,37,1,0,0,62,8,1,0,37,14,0
28,79,Madrid,7-122-U,927,0,0,927,706,0,706,4,7,403,0,73,0,0,1,115,10,2,0,56,35,0
28,79,Madrid,7-123-U,896,0,0,896,702,0,702,6,5,402,4,78,0,0,1,114,14,0,0,44,34,0
28,79,Madrid,7-124-U,552,1,0,553,444,1,445,6,2,276,2,44,0,1,1,63,9,1,1,24,14,1
28,79,Madrid,7-125-U,806,0,0,806,660,1,661,3,3,484,0,46,0,0,0,40,16,1,0,54,12,2
28,79,Madrid,7-126-U,808,0,0,808,673,0,673,5,6,418,2,40,0,1,0,68,15,1,0,106,10,1
28,79,Madrid,7-127-A,550,0,0,550,437,1,438,6,2,240,1,48,0,1,0,76,8,1,0,36,18,1
28,79,Madrid,7-127-B,611,0,0,611,466,0,466,8,3,276,2,52,0,0,0,69,10,1,0,35,10,0
28,79,Madrid,7-128-U,627,0,0,627,498,0,498,10,2,352,0,32,0,0,1,39,8,1,1,45,7,0
28,79,Madrid,7-129-U,670,0,0,670,527,1,528,4,2,353,2,53,0,0,0,67,6,1,0,31,9,0
28,79,Madrid,7-130-U,944,0,0,944,771,1,772,9,6,554,1,56,0,1,0,54,14,1,0,66,7,3
28,79,Madrid,7-131-A,489,0,0,489,405,1,406,1,1,315,0,33,0,0,0,22,6,1,0,23,4,0
28,79,Madrid,7-131-B,521,0,0,521,416,0,416,2,4,333,0,25,0,0,0,17,3,1,0,30,1,0
28,79,Madrid,7-132-U,884,0,0,884,667,1,668,4,3,500,5,46,0,1,0,44,6,0,0,49,10,0
28,79,Madrid,7-133-U,907,0,0,907,734,0,734,4,6,561,2,38,0,2,0,48,11,3,0,42,17,0
28,79,Madrid,7-135-U,825,0,0,825,622,0,622,6,7,376,5,56,0,0,0,93,18,0,0,42,18,1
28,79,Madrid,8-001-U,681,0,0,681,520,0,520,6,3,315,1,35,0,1,1,67,6,8,0,52,22,3
28,79,Madrid,8-002-U,655,0,0,655,375,0,375,5,3,186,1,37,0,1,0,48,3,0,2,79,9,1
28,79,Madrid,8-003-U,925,1,0,926,658,0,658,2,7,384,0,102,0,0,0,60,6,2,0,75,18,2
28,79,Madrid,8-004-U,551,0,0,551,365,0,365,3,1,185,0,64,0,0,0,54,3,1,2,47,5,0
28,79,Madrid,8-005-U,818,0,0,818,655,0,655,0,0,524,0,36,0,0,0,26,4,0,0,57,8,0
28,79,Madrid,8-006-U,744,0,0,744,604,0,604,3,1,475,2,31,0,0,0,33,15,2,0,39,3,0
28,79,Madrid,8-007-U,961,0,0,961,798,2,800,4,2,645,2,32,0,0,0,28,9,1,0,72,5,0
28,79,Madrid,8-008-A,581,0,0,581,455,0,455,4,2,275,0,55,0,0,0,46,14,1,0,44,14,0
28,79,Madrid,8-008-B,601,0,0,601,442,4,446,0,4,290,1,54,0,0,0,40,6,0,0,27,22,2
28,79,Madrid,8-009-A,629,0,0,629,462,0,462,7,2,256,0,72,0,0,0,68,5,2,2,31,16,1
28,79,Madrid,8-009-B,697,0,0,697,491,0,491,3,5,261,1,66,0,0,2,81,4,2,0,48,17,1
28,79,Madrid,8-010-U,685,0,0,685,522,0,522,4,4,293,3,66,0,1,0,96,13,3,0,22,16,1
28,79,Madrid,8-011-U,528,0,0,528,363,0,363,3,6,169,0,71,0,0,1,64,0,3,0,19,27,0
28,79,Madrid,8-012-A,528,0,0,528,408,0,408,3,2,237,0,52,0,0,0,69,6,1,0,27,11,0
28,79,Madrid,8-012-B,562,0,0,562,457,0,457,7,1,258,1,64,0,0,0,64,10,1,0,39,12,0
28,79,Madrid,8-013-U,818,0,0,818,626,0,626,6,3,374,0,89,0,0,0,64,23,0,0,52,15,0
28,79,Madrid,8-014-U,596,0,0,596,472,0,472,2,2,189,0,98,0,0,0,98,16,1,0,23,42,1
28,79,Madrid,8-015-U,785,0,0,785,567,0,567,8,2,266,2,133,0,1,2,89,10,1,1,22,29,1
28,79,Madrid,8-016-U,681,0,0,681,429,0,429,4,3,166,1,109,0,0,0,72,2,3,2,37,28,2
28,79,Madrid,8-017-A,703,0,0,703,479,0,479,4,5,209,3,98,0,0,0,101,4,1,0,32,20,2
28,79,Madrid,8-017-B,678,0,0,678,470,0,470,4,1,219,2,90,0,0,0,87,7,5,0,34,21,0
28,79,Madrid,8-018-U,589,0,0,589,378,0,378,3,4,138,1,98,0,0,0,79,8,3,1,23,19,1
28,79,Madrid,8-019-U,632,0,0,632,407,0,407,2,0,155,1,112,1,1,1,76,4,2,1,37,13,1
28,79,Madrid,8-020-U,654,0,0,654,465,0,465,6,8,244,2,69,0,0,0,78,5,3,0,26,23,1
28,79,Madrid,8-021-U,786,0,0,786,565,0,565,1,2,278,0,110,1,1,2,109,3,7,1,36,14,0
28,79,Madrid,8-022-U,762,0,0,762,541,0,541,3,10,244,3,115,0,2,0,100,11,5,0,29,19,0
28,79,Madrid,8-023-U,750,0,0,750,529,0,529,10,4,255,2,98,0,1,0,104,4,1,1,31,16,2
28,79,Madrid,8-024-A,709,0,0,709,555,0,555,8,4,263,2,94,0,0,0,123,12,0,0,28,21,0
28,79,Madrid,8-024-B,777,0,0,777,583,0,583,8,2,294,2,101,0,1,1,97,17,0,0,36,22,2
28,79,Madrid,8-025-U,657,0,0,657,488,0,488,5,3,230,1,111,0,2,0,82,12,2,0,21,18,1
28,79,Madrid,8-026-A,551,0,0,551,383,0,383,3,1,185,0,86,0,0,0,66,5,1,0,19,17,0
28,79,Madrid,8-026-B,524,0,0,524,398,0,398,3,1,197,1,83,0,0,0,54,5,4,0,32,18,0
28,79,Madrid,8-027-A,475,0,0,475,355,0,355,4,3,185,3,64,1,1,0,54,1,1,0,20,18,0
28,79,Madrid,8-027-B,532,0,0,532,383,0,383,3,6,186,0,81,0,0,0,54,9,2,0,26,15,1
28,79,Madrid,8-028-U,856,0,0,856,640,0,640,2,4,316,1,93,0,0,0,125,12,3,2,41,41,0
28,79,Madrid,8-029-A,558,0,0,558,435,0,435,3,1,247,0,56,0,0,0,71,11,3,0,24,19,0
28,79,Madrid,8-029-B,622,0,0,622,519,0,519,8,7,262,3,73,1,0,1,95,9,4,0,33,23,0
28,79,Madrid,8-030-A,646,0,0,646,496,0,496,8,3,273,1,66,0,0,0,87,13,0,0,22,23,0
28,79,Madrid,8-030-B,563,0,0,563,459,0,459,4,4,261,1,77,0,2,0,60,11,0,1,25,12,1
28,79,Madrid,8-031-A,594,0,0,594,481,0,481,7,1,290,2,64,0,0,2,53,9,1,1,34,16,1
28,79,Madrid,8-031-B,578,0,0,578,461,0,461,3,0,260,2,67,0,0,0,69,8,1,0,34,16,1
28,79,Madrid,8-032-U,530,0,0,530,402,0,402,6,3,181,1,79,0,0,0,84,3,3,1,27,14,0
28,79,Madrid,8-033-U,897,0,0,897,728,0,728,12,4,400,4,95,0,0,0,125,21,1,0,35,28,3
28,79,Madrid,8-034-A,669,0,0,669,527,0,527,15,4,304,2,62,0,0,0,78,16,1,0,23,22,0
28,79,Madrid,8-034-B,657,0,0,657,527,0,527,9,2,300,3,72,0,0,0,76,15,2,0,25,23,0
28,79,Madrid,8-035-A,551,0,0,551,475,0,475,3,0,317,0,56,0,0,1,39,11,2,0,38,7,1
28,79,Madrid,8-035-B,560,0,0,560,464,0,464,10,1,305,0,57,1,1,1,45,6,0,0,28,8,1
28,79,Madrid,8-036-A,613,0,0,613,498,0,498,3,4,280,7,80,0,1,0,59,14,1,0,31,17,1
28,79,Madrid,8-036-B,640,0,0,640,509,0,509,6,3,287,2,67,0,0,0,76,17,5,0,33,13,0
28,79,Madrid,8-037-U,679,0,0,679,584,0,584,4,3,314,3,93,0,0,0,101,13,3,1,34,15,0
28,79,Madrid,8-038-U,664,0,0,664,538,0,538,0,5,337,1,68,0,0,0,65,7,2,4,37,11,1
28,79,Madrid,8-039-U,853,0,0,853,660,0,660,6,7,383,3,94,0,0,1,82,18,3,1,37,24,1
28,79,Madrid,8-040-U,882,0,0,882,711,0,711,14,3,390,2,115,0,0,0,98,10,4,0,49,25,1
28,79,Madrid,8-041-U,592,0,0,592,469,0,469,2,3,208,1,100,0,0,1,107,9,2,0,22,14,0
28,79,Madrid,8-042-A,562,0,0,562,418,0,418,1,2,208,0,89,0,0,0,71,5,4,0,21,16,1
28,79,Madrid,8-042-B,556,0,0,556,435,0,435,1,4,203,2,90,0,0,0,72,12,3,1,29,17,1
28,79,Madrid,8-043-A,543,0,0,543,439,0,439,5,1,262,1,61,0,0,0,52,13,1,0,32,11,0
28,79,Madrid,8-043-B,555,0,0,555,470,0,470,3,4,294,1,67,0,0,0,61,4,1,0,23,12,0
28,79,Madrid,8-044-A,643,0,0,643,521,0,521,7,0,309,2,80,0,0,0,61,6,1,0,43,12,0
28,79,Madrid,8-044-B,655,0,0,655,536,0,536,6,5,300,2,78,0,2,1,81,7,2,0,32,20,0
28,79,Madrid,8-045-U,753,0,0,753,518,0,518,6,7,251,0,120,1,0,1,82,7,3,0,21,19,0
28,79,Madrid,8-046-U,849,0,0,849,595,0,595,8,1,259,2,139,0,0,0,103,12,6,0,35,29,1
28,79,Madrid,8-047-A,511,0,0,511,334,0,334,4,7,151,0,61,0,0,0,68,4,2,2,22,13,0
28,79,Madrid,8-047-B,545,0,0,545,357,0,357,4,2,146,2,76,0,1,1,69,6,5,0,25,20,0
28,79,Madrid,8-048-U,863,0,0,863,539,0,539,3,4,240,3,115,0,0,1,108,2,6,0,26,29,2
28,79,Madrid,8-049-A,866,0,0,866,683,0,683,14,4,388,0,75,0,0,0,130,14,4,1,39,14,0
28,79,Madrid,8-049-B,861,0,0,861,685,0,685,15,1,379,1,94,0,0,0,104,12,3,0,44,32,0
28,79,Madrid,8-050-A,683,0,0,683,482,0,482,6,4,216,1,86,0,0,2,91,11,4,0,21,39,1
28,79,Madrid,8-050-B,703,0,0,703,515,0,515,8,5,231,1,90,1,0,0,95,11,2,0,41,30,0
28,79,Madrid,8-051-A,540,0,0,540,429,0,429,4,2,212,0,77,0,0,0,78,6,1,0,25,24,0
28,79,Madrid,8-051-B,523,0,0,523,405,0,405,2,1,193,2,74,0,0,1,77,7,1,0,25,21,1
28,79,Madrid,8-052-A,759,0,0,759,562,0,562,4,6,306,1,70,0,0,0,108,7,4,0,30,25,1
28,79,Madrid,8-052-B,761,0,0,761,569,0,569,8,3,284,4,102,0,0,1,107,13,4,0,26,16,1
28,79,Madrid,8-053-U,865,0,0,865,533,0,533,9,4,205,0,117,1,1,1,99,7,6,0,50,33,0
28,79,Madrid,8-054-U,893,0,0,893,689,0,689,12,2,365,1,121,1,1,0,95,14,3,0,41,32,1
28,79,Madrid,8-055-A,627,0,0,627,477,0,477,6,10,234,3,82,0,1,1,92,6,4,1,20,15,2
28,79,Madrid,8-055-B,585,0,0,585,446,0,446,4,3,232,4,66,1,1,0,83,7,1,0,24,20,0
28,79,Madrid,8-056-A,504,0,0,504,414,0,414,6,2,230,1,50,0,0,0,65,8,0,0,35,17,0
28,79,Madrid,8-056-B,498,0,0,498,405,0,405,0,4,220,2,49,0,0,0,59,13,2,0,39,17,0
28,79,Madrid,8-057-U,908,0,0,908,712,0,712,4,5,416,1,100,1,1,1,103,13,7,1,39,20,0
28,79,Madrid,8-058-U,689,0,0,689,544,0,544,7,1,314,1,90,0,0,0,72,5,2,0,24,28,0
28,79,Madrid,8-059-U,701,0,0,701,567,0,567,6,7,281,2,85,0,0,0,83,16,1,0,50,36,0
28,79,Madrid,8-060-A,489,0,0,489,407,0,407,4,1,234,3,59,0,0,0,57,0,2,1,29,16,1
28,79,Madrid,8-060-B,515,0,0,515,420,0,420,3,1,253,0,50,0,0,0,66,7,0,1,29,10,0
28,79,Madrid,8-061-U,718,0,0,718,489,0,489,7,3,184,4,90,0,1,0,116,4,6,1,38,31,4
28,79,Madrid,8-062-U,513,0,0,513,324,0,324,2,1,146,2,71,0,0,1,63,4,1,1,20,12,0
28,79,Madrid,8-063-U,600,0,0,600,372,0,372,1,4,156,0,78,0,1,1,70,3,2,0,33,23,0
28,79,Madrid,8-064-U,897,0,0,897,545,0,545,6,5,224,0,128,0,1,0,110,8,5,0,29,26,3
28,79,Madrid,8-065-U,710,0,0,710,447,0,447,4,5,173,0,107,0,0,0,74,4,3,2,41,34,0
28,79,Madrid,8-066-U,554,0,0,554,362,0,362,0,3,133,0,94,0,1,0,77,6,3,2,25,18,0
28,79,Madrid,8-067-A,564,0,0,564,365,0,365,2,2,155,1,87,0,0,1,74,5,2,0,21,14,1
28,79,Madrid,8-067-B,519,0,0,519,328,0,328,2,7,137,0,81,0,0,0,59,2,1,1,19,19,0
28,79,Madrid,8-068-U,747,0,0,747,509,0,509,6,7,197,3,144,1,0,0,95,10,6,2,20,17,1
28,79,Madrid,8-069-U,652,0,0,652,385,0,385,5,3,139,0,76,0,0,1,102,4,3,0,41,11,0
28,79,Madrid,8-071-U,722,0,0,722,494,0,494,2,2,203,1,89,0,1,0,108,8,4,1,46,29,0
28,79,Madrid,8-072-U,736,0,0,736,509,0,509,10,2,254,3,94,0,1,0,83,9,3,0,29,21,0
28,79,Madrid,8-073-U,670,0,0,670,449,0,449,4,12,198,2,85,0,0,0,86,9,2,0,28,23,0
28,79,Madrid,8-074-U,701,0,0,701,446,0,446,6,4,189,1,93,0,0,0,92,7,2,0,24,27,1
28,79,Madrid,8-075-U,674,0,0,674,445,0,445,3,6,200,0,96,0,2,1,73,6,1,0,41,15,1
28,79,Madrid,8-076-U,624,0,0,624,381,0,381,1,4,163,0,70,0,0,0,84,7,2,1,27,19,3
28,79,Madrid,8-077-U,706,0,0,706,454,0,454,5,6,172,6,91,0,0,0,105,5,1,0,29,34,0
28,79,Madrid,8-078-U,578,0,0,578,382,0,382,2,3,182,0,85,0,0,2,67,3,4,0,21,12,1
28,79,Madrid,8-079-U,766,0,0,766,491,0,491,2,5,200,1,122,1,0,0,97,4,6,1,25,27,0
28,79,Madrid,8-080-U,698,0,0,698,449,0,449,3,4,217,0,81,0,1,0,83,5,6,1,23,22,3
28,79,Madrid,8-081-U,682,0,0,682,465,0,465,2,3,216,2,112,0,0,0,79,2,2,0,23,23,1
28,79,Madrid,8-082-U,731,0,0,731,477,0,477,5,3,183,0,141,0,0,0,101,5,5,0,19,15,0
28,79,Madrid,8-083-U,737,0,0,737,475,0,475,5,2,196,0,115,0,0,0,90,8,2,0,32,24,1
28,79,Madrid,8-084-U,673,0,0,673,410,0,410,2,4,152,2,102,0,1,1,91,7,4,0,27,17,0
28,79,Madrid,8-085-U,618,0,0,618,394,0,394,5,4,164,2,77,0,1,0,80,3,6,1,16,33,2
28,79,Madrid,8-086-U,639,0,0,639,428,0,428,2,9,179,0,89,0,1,0,87,4,1,0,25,31,0
28,79,Madrid,8-087-U,502,0,0,502,339,0,339,0,3,147,3,74,0,0,0,73,5,5,0,11,18,0
28,79,Madrid,8-088-U,634,0,0,634,413,0,413,3,3,183,2,83,0,0,0,87,4,1,0,33,14,0
28,79,Madrid,8-089-U,549,0,0,549,368,0,368,2,1,143,1,81,0,3,0,78,7,2,1,28,20,1
28,79,Madrid,8-090-U,947,0,0,947,763,0,763,8,12,426,5,130,0,0,4,115,14,1,0,30,17,1
28,79,Madrid,8-091-U,601,0,0,601,402,0,402,8,0,198,0,68,0,0,0,83,1,2,0,31,10,1
28,79,Madrid,8-092-U,784,0,0,784,543,0,543,5,1,228,1,136,0,3,0,101,8,1,0,35,24,0
28,79,Madrid,8-093-U,745,0,0,745,533,0,533,5,3,279,3,94,0,0,0,86,8,0,0,37,18,0
28,79,Madrid,8-094-U,872,0,0,872,675,0,675,7,4,337,0,110,0,0,1,134,15,0,0,41,26,0
28,79,Madrid,8-095-A,660,0,0,660,530,0,530,2,0,280,1,107,0,0,0,76,9,5,0,27,23,0
28,79,Madrid,8-095-B,713,0,0,713,562,0,562,4,5,306,2,92,0,0,0,92,13,2,0,35,10,1
28,79,Madrid,8-096-A,637,0,0,637,522,0,522,3,2,292,1,102,0,0,0,68,9,1,0,29,15,0
28,79,Madrid,8-096-B,620,0,0,620,524,0,524,8,2,309,0,94,0,1,0,64,8,2,0,21,15,0
28,79,Madrid,8-097-U,678,0,0,678,546,0,546,2,5,314,1,82,1,0,0,80,11,1,0,33,16,0
28,79,Madrid,8-098-A,774,0,0,774,625,0,625,7,1,393,0,77,0,1,0,65,20,2,0,45,14,0
28,79,Madrid,8-098-B,672,0,0,672,550,0,550,5,1,310,1,69,0,0,2,78,17,1,0,34,31,1
28,79,Madrid,8-099-A,614,0,0,614,496,0,496,5,4,249,0,86,0,0,0,86,14,3,1,31,16,1
28,79,Madrid,8-099-B,592,0,0,592,489,0,489,4,1,271,1,66,0,0,1,88,14,2,0,25,15,1
28,79,Madrid,8-100-A,549,0,0,549,447,0,447,4,0,278,0,49,0,0,0,68,15,0,0,23,8,2
28,79,Madrid,8-100-B,511,0,0,511,411,0,411,2,2,254,1,58,0,0,0,55,7,0,0,21,9,2
28,79,Madrid,8-102-A,817,0,0,817,671,0,671,10,7,400,0,85,0,0,0,85,16,3,2,47,15,1
28,79,Madrid,8-102-B,833,0,0,833,681,0,681,6,3,418,0,100,0,0,2,73,14,3,0,39,23,0
28,79,Madrid,8-103-A,558,0,0,558,430,0,430,5,0,315,1,38,0,0,0,21,11,2,0,30,7,0
28,79,Madrid,8-103-B,522,0,0,522,436,0,436,5,0,335,0,37,0,0,0,32,4,1,0,19,3,0
28,79,Madrid,8-104-U,823,0,0,823,453,0,453,4,4,213,1,79,1,0,1,73,7,3,0,48,18,1
28,79,Madrid,8-105-U,541,0,0,541,329,0,329,8,2,148,2,73,1,0,3,56,2,2,0,17,14,1
28,79,Madrid,8-106-U,625,0,0,625,347,0,347,3,4,132,0,64,0,1,1,73,6,6,1,33,23,0
28,79,Madrid,8-107-U,520,0,0,520,325,0,325,4,2,130,0,67,0,0,1,78,3,6,0,18,16,0
28,79,Madrid,8-108-U,524,0,0,524,332,0,332,8,2,133,0,76,0,0,1,57,5,2,1,28,18,1
28,79,Madrid,8-109-U,852,0,0,852,543,0,543,6,3,236,0,122,2,0,0,89,11,9,1,32,30,2
28,79,Madrid,8-110-U,812,0,0,812,588,0,588,8,5,271,3,105,0,0,0,112,5,2,0,51,25,1
28,79,Madrid,8-111-A,610,0,0,610,457,0,457,2,6,234,5,76,0,1,0,76,5,4,0,33,15,0
28,79,Madrid,8-111-B,580,0,0,580,424,0,424,3,3,205,0,79,0,1,0,79,5,2,1,35,11,0
28,79,Madrid,8-112-U,822,0,0,822,433,0,433,3,8,159,1,102,0,0,0,79,6,5,0,42,27,1
28,79,Madrid,8-113-U,714,0,0,714,479,0,479,5,5,220,1,96,0,0,0,94,10,2,0,36,10,0
28,79,Madrid,8-114-U,632,0,0,632,320,0,320,2,4,107,0,89,0,0,0,62,0,3,1,25,25,2
28,79,Madrid,8-115-U,693,0,0,693,367,0,367,2,4,142,1,87,1,1,1,68,6,2,0,25,27,0
28,79,Madrid,8-116-U,589,0,0,589,359,0,359,5,6,113,4,102,0,0,0,85,2,2,0,16,24,0
28,79,Madrid,8-117-U,635,0,0,635,391,0,391,3,5,141,2,77,0,0,0,105,2,1,0,25,28,2
28,79,Madrid,8-119-A,550,0,0,550,348,0,348,8,6,128,1,71,0,0,0,81,3,3,0,20,25,2
28,79,Madrid,8-119-B,609,0,0,609,386,0,386,1,0,140,0,82,0,0,1,79,5,5,1,28,41,3
28,79,Madrid,8-120-U,749,0,0,749,438,0,438,11,5,153,2,88,0,0,1,110,9,2,0,21,36,0
28,79,Madrid,8-121-A,528,0,0,528,288,0,288,3,0,95,2,68,0,0,1,52,3,3,0,46,15,0
28,79,Madrid,8-121-B,586,0,0,586,366,0,366,3,3,127,2,85,0,0,0,73,3,2,0,35,32,1
28,79,Madrid,8-122-U,678,0,0,678,371,0,371,2,4,126,1,107,0,0,0,69,1,3,2,40,16,0
28,79,Madrid,8-123-U,936,0,0,936,578,0,578,4,1,248,3,97,0,1,1,137,11,4,0,34,37,0
28,79,Madrid,8-124-A,604,0,0,604,378,0,378,4,1,140,3,98,0,0,0,76,7,5,0,25,19,0
28,79,Madrid,8-124-B,634,0,0,634,393,0,393,0,4,190,0,66,1,0,0,75,6,2,0,20,27,2
28,79,Madrid,8-125-U,856,0,0,856,533,0,533,11,4,253,3,88,0,0,1,101,5,3,2,31,31,0
28,79,Madrid,8-126-A,584,0,0,584,378,0,378,3,4,196,1,54,0,0,0,62,10,2,0,30,15,1
28,79,Madrid,8-126-B,562,0,0,562,380,0,380,2,0,191,2,63,0,1,0,64,2,2,0,27,23,3
28,79,Madrid,8-128-A,563,0,0,563,464,0,464,7,1,291,2,38,0,0,1,59,9,0,0,43,13,0
28,79,Madrid,8-128-B,520,0,0,520,442,0,442,6,0,269,3,47,0,0,0,62,17,1,0,30,5,2
28,79,Madrid,8-129-A,600,0,0,600,236,0,236,4,3,138,1,35,0,0,0,12,2,3,0,30,7,1
28,79,Madrid,8-129-B,641,0,0,641,237,0,237,2,4,134,1,35,0,1,1,13,5,0,0,37,4,0
28,79,Madrid,8-131-A,592,0,0,592,477,0,477,7,1,292,1,51,0,0,0,56,15,1,0,40,13,0
28,79,Madrid,8-131-B,568,0,0,568,469,0,469,10,2,285,2,39,0,0,0,48,14,1,0,59,9,0
28,79,Madrid,8-132-U,704,0,0,704,578,0,578,4,1,445,0,29,0,0,0,21,4,1,0,70,3,0
28,79,Madrid,8-133-U,580,0,0,580,458,0,458,4,5,277,5,42,0,0,0,55,10,1,0,44,15,0
28,79,Madrid,8-134-A,536,0,0,536,451,0,451,2,1,329,0,16,0,0,0,16,4,0,3,77,2,1
28,79,Madrid,8-134-B,534,0,0,534,437,0,437,1,0,337,2,20,0,0,0,15,5,1,0,54,2,0
28,79,Madrid,8-135-A,881,0,0,881,723,0,723,9,3,513,0,45,0,0,0,52,8,0,0,87,6,0
28,79,Madrid,8-135-B,905,0,0,905,738,0,738,3,4,504,2,51,0,0,0,59,17,1,1,84,12,0
28,79,Madrid,8-136-A,538,0,0,538,398,0,398,3,1,234,0,52,1,0,1,57,8,2,0,24,15,0
28,79,Madrid,8-136-B,483,0,0,483,349,0,349,3,2,201,1,51,1,0,0,48,12,2,0,18,10,0
28,79,Madrid,8-137-A,709,0,0,709,581,0,581,16,1,420,0,35,0,0,0,20,21,2,0,60,6,0
28,79,Madrid,8-137-B,614,0,0,614,518,0,518,3,1,399,3,35,0,0,0,13,13,0,0,50,1,0
28,79,Madrid,8-138-U,916,0,0,916,699,0,699,10,1,534,1,21,0,1,0,34,11,3,0,78,4,1
28,79,Madrid,8-139-A,622,0,0,622,525,0,525,3,1,346,1,29,0,0,0,63,24,1,0,53,4,0
28,79,Madrid,8-139-B,622,0,0,622,522,0,522,4,3,342,1,24,1,0,1,68,19,1,0,50,5,3
28,79,Madrid,8-140-U,697,0,0,697,510,0,510,3,5,217,0,123,0,0,0,101,4,3,0,26,27,1
28,79,Madrid,8-141-U,837,0,0,837,670,0,670,4,2,328,1,142,0,1,0,107,7,4,1,42,31,0
28,79,Madrid,8-142-A,512,0,0,512,381,0,381,8,4,176,2,69,0,0,0,70,9,1,0,25,17,0
28,79,Madrid,8-142-B,482,0,0,482,377,0,377,3,0,186,2,73,0,1,0,70,3,0,1,22,15,1
28,79,Madrid,8-143-A,518,0,0,518,417,0,417,2,3,298,0,29,0,0,0,45,8,0,0,26,6,0
28,79,Madrid,8-143-B,529,0,0,529,448,0,448,3,4,289,1,49,0,1,0,49,11,1,1,27,12,0
28,79,Madrid,8-144-A,661,0,0,661,541,0,541,4,6,347,0,49,0,1,0,61,12,3,1,40,17,0
28,79,Madrid,8-144-B,572,0,0,572,475,0,475,1,4,310,1,71,0,0,0,42,10,3,0,16,17,0
28,79,Madrid,8-145-A,548,1,0,549,445,0,445,5,8,250,0,60,0,0,0,68,7,1,0,32,13,1
28,79,Madrid,8-145-B,499,0,0,499,384,0,384,3,1,229,0,58,0,1,0,45,11,4,1,21,9,1
28,79,Madrid,8-146-A,611,0,0,611,489,0,489,2,3,304,1,59,0,2,0,55,11,2,0,40,9,1
28,79,Madrid,8-146-B,581,0,0,581,479,0,479,5,5,289,1,78,0,0,0,52,7,1,0,30,11,0
28,79,Madrid,8-147-A,590,0,0,590,462,0,462,1,2,322,0,30,0,0,0,37,7,1,0,54,8,0
28,79,Madrid,8-147-B,587,0,0,587,441,0,441,7,2,310,1,28,0,0,0,28,10,0,0,49,5,1
28,79,Madrid,8-148-A,755,0,0,755,611,0,611,10,1,348,1,83,0,0,1,83,15,3,0,43,22,1
28,79,Madrid,8-148-B,795,0,0,795,616,0,616,7,4,336,1,84,0,1,1,107,12,7,0,33,22,1
28,79,Madrid,8-149-U,599,0,0,599,454,0,454,5,4,241,1,74,0,4,0,75,3,2,0,30,14,1
28,79,Madrid,8-150-A,496,0,0,496,411,0,411,3,2,294,0,35,0,0,0,41,5,0,0,27,4,0
28,79,Madrid,8-150-B,519,0,0,519,450,0,450,6,1,323,2,37,0,0,0,37,10,0,0,29,4,1
28,79,Madrid,8-151-U,735,0,0,735,563,0,563,0,3,280,1,108,0,0,0,96,6,3,0,32,32,2
28,79,Madrid,8-152-A,574,0,0,574,482,0,482,1,0,386,0,13,0,0,0,14,7,0,0,57,4,0
28,79,Madrid,8-152-B,606,0,0,606,516,0,516,5,1,400,0,24,0,0,0,24,5,0,1,51,5,0
28,79,Madrid,8-153-A,628,0,0,628,505,0,505,6,6,233,2,76,1,0,1,103,10,3,1,24,38,1
28,79,Madrid,8-153-B,678,0,0,678,535,0,535,2,0,259,1,74,0,0,0,110,13,0,0,43,32,1
28,79,Madrid,8-154-A,613,0,0,613,505,0,505,9,2,330,3,37,0,0,0,57,17,0,1,36,12,1
28,79,Madrid,8-154-B,638,0,0,638,497,0,497,2,6,343,0,33,0,0,0,59,17,1,0,32,3,1
28,79,Madrid,8-155-A,694,0,0,694,579,0,579,4,2,254,1,103,0,1,0,116,19,1,0,46,32,0
28,79,Madrid,8-155-B,591,0,0,591,480,0,480,4,3,218,0,84,0,0,1,92,6,3,0,42,25,2
28,79,Madrid,8-156-A,542,0,0,542,436,0,436,7,3,215,0,60,0,0,0,78,10,3,0,29,30,1
28,79,Madrid,8-156-B,597,0,0,597,472,0,472,11,10,211,0,77,0,0,0,97,14,5,0,28,18,1
28,79,Madrid,8-157-U,762,0,0,762,595,0,595,5,1,348,1,92,0,0,1,92,10,2,0,28,14,1
28,79,Madrid,8-158-A,558,0,0,558,459,0,459,1,2,354,1,23,0,0,0,17,9,0,0,46,4,2
28,79,Madrid,8-158-B,557,0,0,557,467,0,467,1,2,346,0,42,0,0,0,21,9,0,0,38,8,0
28,79,Madrid,8-159-A,799,0,0,799,648,0,648,11,3,389,2,61,0,0,2,95,19,1,0,47,18,0
28,79,Madrid,8-159-B,777,0,0,777,602,0,602,6,3,361,1,73,0,0,0,95,9,2,0,36,16,0
28,79,Madrid,8-160-A,937,0,0,937,773,0,773,10,2,504,1,74,0,0,0,102,14,4,1,47,11,3
28,79,Madrid,8-160-B,947,0,0,947,760,0,760,5,3,503,1,74,0,0,0,101,19,3,0,45,5,1
28,79,Madrid,8-161-A,582,0,0,582,466,0,466,5,2,281,3,45,0,0,2,61,19,3,0,35,9,1
28,79,Madrid,8-161-B,596,0,0,596,467,0,467,9,2,275,3,48,0,0,0,87,12,2,0,24,5,0
28,79,Madrid,8-162-A,579,0,0,579,455,0,455,6,3,215,0,68,0,1,0,106,12,4,0,22,18,0
28,79,Madrid,8-162-B,562,0,0,562,453,0,453,2,1,240,2,59,0,0,1,99,10,3,1,20,15,0
28,79,Madrid,8-163-A,734,0,0,734,567,0,567,7,3,276,0,97,1,0,1,114,15,1,0,37,13,2
28,79,Madrid,8-163-B,744,0,0,744,571,0,571,2,1,308,2,96,0,0,2,82,16,4,0,34,23,1
28,79,Madrid,8-164-A,939,0,0,939,763,0,763,4,1,441,3,74,0,0,1,126,19,4,0,68,22,0
28,79,Madrid,8-164-B,956,0,0,956,799,0,799,14,3,489,4,69,0,1,1,119,25,1,0,61,12,0
28,79,Madrid,8-165-A,763,0,0,763,657,0,657,5,0,446,1,37,0,0,0,75,19,1,0,55,16,2
28,79,Madrid,8-165-B,772,0,0,772,664,0,664,7,5,468,3,49,0,2,1,53,15,1,0,49,10,1
28,79,Madrid,8-166-A,547,0,0,547,367,0,367,8,3,193,1,46,0,0,0,56,8,1,0,34,16,1
28,79,Madrid,8-166-B,566,0,0,566,362,0,362,3,2,187,1,44,0,0,1,76,7,0,0,27,14,0
28,79,Madrid,8-167-A,568,0,0,568,490,0,490,7,3,339,0,29,0,0,0,49,15,0,0,43,5,0
28,79,Madrid,8-167-B,602,0,0,602,494,0,494,7,1,337,5,30,0,0,1,52,22,0,0,33,6,0
28,79,Madrid,8-168-U,840,0,0,840,636,0,636,13,9,242,3,81,0,0,0,178,19,9,0,40,42,0
28,79,Madrid,8-169-A,862,0,0,862,733,0,733,3,4,445,2,66,0,1,0,116,16,5,0,51,24,0
28,79,Madrid,8-169-B,954,0,0,954,810,0,810,5,2,494,4,78,0,0,0,118,27,4,0,59,17,2
28,79,Madrid,8-170-A,801,0,0,801,665,0,665,13,2,393,3,45,0,0,1,102,12,0,1,76,17,0
28,79,Madrid,8-170-B,876,0,0,876,744,0,744,3,5,474,1,55,0,0,0,90,22,2,2,72,18,0
28,79,Madrid,8-171-A,516,0,0,516,427,0,427,3,3,268,3,47,0,2,0,55,8,0,0,29,9,0
28,79,Madrid,8-171-B,497,0,0,497,416,0,416,3,1,282,2,27,0,0,0,64,10,1,1,24,1,0
28,79,Madrid,8-172-A,692,0,0,692,527,0,527,10,5,300,0,53,0,0,1,90,15,4,1,35,12,1
28,79,Madrid,8-172-B,701,0,0,701,546,0,546,8,4,276,2,67,0,0,0,105,14,2,1,44,23,0
28,79,Madrid,8-173-A,630,0,0,630,517,0,517,4,0,332,3,36,0,0,0,77,6,0,0,47,12,0
28,79,Madrid,8-173-B,643,0,0,643,526,0,526,2,1,331,0,38,0,1,0,70,11,1,0,45,26,0
28,79,Madrid,8-174-A,627,0,0,627,513,0,513,7,4,282,2,59,0,1,1,82,19,2,3,40,9,2
28,79,Madrid,8-174-B,656,0,0,656,501,0,501,6,5,273,1,68,0,0,0,91,17,2,0,22,15,1
28,79,Madrid,8-175-U,849,0,0,849,736,0,736,10,0,565,1,36,0,0,0,30,8,0,0,79,7,0
28,79,Madrid,8-176-A,625,0,0,625,545,0,545,9,1,384,1,44,0,0,0,45,5,2,1,47,6,0
28,79,Madrid,8-176-B,666,0,0,666,581,0,581,4,3,414,0,40,0,0,0,50,12,0,0,50,8,0
28,79,Madrid,8-176-C,660,0,0,660,575,0,575,4,1,370,0,52,0,0,0,69,13,1,1,58,5,1
28,79,Madrid,8-177-A,558,0,0,558,444,0,444,6,2,194,0,100,0,1,0,77,13,4,0,28,17,2
28,79,Madrid,8-177-B,536,0,0,536,435,0,435,5,4,178,2,79,0,0,2,108,10,0,0,24,23,0
28,79,Madrid,8-178-A,646,0,0,646,523,0,523,6,2,321,2,48,0,0,0,70,7,2,0,43,22,0
28,79,Madrid,8-178-B,722,0,0,722,595,0,595,7,3,368,1,56,2,1,0,74,14,7,1,45,14,2
28,79,Madrid,8-179-U,885,0,0,885,688,0,688,12,4,347,1,80,0,0,0,140,14,3,0,45,41,1
28,79,Madrid,8-180-U,833,0,0,833,680,0,680,10,6,277,2,110,1,2,0,161,17,1,0,37,56,0
28,79,Madrid,8-181-A,947,0,0,947,806,0,806,4,6,528,0,60,0,0,0,74,22,2,0,97,10,3
28,79,Madrid,8-181-B,914,0,0,914,800,0,800,12,2,514,1,66,0,0,0,94,14,4,1,71,21,0
28,79,Madrid,8-182-A,635,0,0,635,491,0,491,3,3,348,0,35,0,0,0,27,6,0,1,58,10,0
28,79,Madrid,8-182-B,646,0,0,646,536,0,536,2,2,373,3,40,0,0,0,39,8,1,0,58,9,1
28,79,Madrid,8-183-A,633,0,0,633,536,0,536,3,3,391,2,37,0,0,1,50,13,4,0,25,6,1
28,79,Madrid,8-183-B,690,0,0,690,581,0,581,10,5,384,0,50,0,0,0,66,11,5,0,43,7,0
28,79,Madrid,8-184-A,533,0,0,533,443,0,443,8,1,307,1,35,0,0,0,50,9,1,1,22,7,1
28,79,Madrid,8-184-B,500,0,0,500,404,0,404,4,5,284,1,21,0,0,0,37,9,2,0,36,4,1
28,79,Madrid,8-185-A,523,0,0,523,428,0,428,7,2,261,0,41,0,0,0,60,8,2,1,41,5,0
28,79,Madrid,8-185-B,551,0,0,551,454,0,454,2,3,291,3,41,0,0,0,53,10,0,0,39,11,1
28,79,Madrid,8-186-U,903,0,0,903,720,0,720,6,2,440,3,52,0,0,0,119,22,0,0,60,15,1
28,79,Madrid,8-187-A,687,0,0,687,543,0,543,5,0,359,1,47,0,0,0,80,18,3,0,24,6,0
28,79,Madrid,8-187-B,732,0,0,732,570,0,570,8,4,357,1,55,0,0,0,91,17,2,0,28,7,0
28,79,Madrid,8-188-A,610,0,0,610,469,0,469,8,3,243,0,72,0,0,0,87,12,0,0,34,9,1
28,79,Madrid,8-188-B,654,1,0,655,512,0,512,5,6,295,1,65,1,1,0,82,8,3,0,30,15,0
28,79,Madrid,8-189-A,571,0,0,571,458,0,458,8,2,330,2,29,0,0,0,38,13,0,0,30,4,2
28,79,Madrid,8-189-B,620,0,0,620,508,0,508,6,3,357,0,34,0,0,0,44,16,1,0,37,10,0
28,79,Madrid,8-190-A,576,0,0,576,488,0,488,2,3,341,1,37,0,0,1,43,9,0,0,43,6,2
28,79,Madrid,8-190-B,594,0,0,594,531,0,531,11,2,365,1,34,0,1,0,40,16,1,0,56,3,1
28,79,Madrid,8-191-U,882,0,0,882,722,0,722,6,4,490,1,57,0,0,0,79,20,0,0,54,10,1
28,79,Madrid,9-001-U,962,0,0,962,677,0,677,4,7,261,2,88,0,0,2,206,10,6,1,36,50,4
28,79,Madrid,9-002-A,514,0,0,514,393,0,393,3,3,169,1,49,0,0,1,103,1,1,4,37,20,1
28,79,Madrid,9-002-B,467,0,0,467,355,0,355,4,4,159,0,47,0,0,1,88,5,1,0,26,17,3
28,79,Madrid,9-004-A,608,0,0,608,441,0,441,6,5,168,1,61,0,0,0,125,8,2,0,21,42,2
28,79,Madrid,9-004-B,568,0,0,568,419,0,419,1,4,167,1,46,0,0,1,140,6,3,1,19,30,0
28,79,Madrid,9-005-U,703,0,0,703,511,0,511,3,4,175,0,85,0,0,0,160,18,2,1,33,30,0
28,79,Madrid,9-006-U,636,0,0,636,465,0,465,2,2,185,1,79,0,1,0,121,9,1,0,29,33,2
28,79,Madrid,9-007-U,733,0,0,733,558,0,558,6,3,215,0,65,0,0,1,175,10,3,0,36,44,0
28,79,Madrid,9-008-A,495,0,0,495,378,0,378,4,2,193,1,41,0,2,1,69,8,1,1,27,28,0
28,79,Madrid,9-008-B,489,0,0,489,394,1,395,5,2,199,0,62,0,0,0,66,6,2,0,32,21,0
28,79,Madrid,9-009-U,811,0,0,811,600,0,600,7,8,229,4,80,0,1,4,162,8,7,1,42,45,2
28,79,Madrid,9-010-U,894,0,0,894,590,0,590,10,2,291,1,96,0,0,0,109,16,4,0,22,37,2
28,79,Madrid,9-011-A,471,0,0,471,320,1,321,5,1,144,3,42,0,0,0,77,10,3,0,21,13,2
28,79,Madrid,9-011-B,562,0,0,562,379,0,379,1,4,147,4,57,0,0,2,111,4,0,0,27,21,1
28,79,Madrid,9-012-U,525,0,0,525,358,1,359,3,2,154,0,65,1,1,0,77,9,3,0,20,23,1
28,79,Madrid,9-013-U,893,0,0,893,605,0,605,5,4,282,1,94,0,1,1,144,7,1,0,31,33,1
28,79,Madrid,9-014-A,725,0,0,725,521,0,521,6,3,264,2,56,1,0,0,110,12,2,0,31,34,0
28,79,Madrid,9-014-B,750,0,0,750,520,0,520,6,3,261,1,70,0,0,0,89,10,1,0,48,31,0
28,79,Madrid,9-015-A,627,0,0,627,498,1,499,2,0,276,0,62,0,0,0,91,8,1,1,39,18,1
28,79,Madrid,9-015-B,575,0,0,575,437,0,437,3,4,240,1,57,0,0,0,81,7,2,0,27,15,0
28,79,Madrid,9-016-U,637,0,0,637,463,0,463,1,1,246,0,53,0,0,0,97,17,3,0,26,19,0
28,79,Madrid,9-017-U,870,0,0,870,657,2,659,7,3,399,1,85,0,0,0,95,9,0,0,43,17,0
28,79,Madrid,9-018-A,544,0,0,544,403,1,404,5,2,269,0,36,0,0,0,45,4,0,1,26,14,2
28,79,Madrid,9-018-B,517,0,0,517,412,1,413,2,2,280,0,29,0,0,0,44,11,2,0,36,6,1
28,79,Madrid,9-019-A,569,0,0,569,438,1,439,3,2,278,1,47,1,0,0,40,2,0,0,52,12,1
28,79,Madrid,9-019-B,630,0,0,630,482,1,483,4,2,340,0,39,1,0,0,41,9,0,0,42,5,0
28,79,Madrid,9-020-U,719,0,0,719,536,1,537,3,2,311,0,52,0,0,0,84,6,4,1,50,21,3
28,79,Madrid,9-021-U,844,0,0,844,664,1,665,5,0,416,6,59,0,0,0,100,8,4,0,53,14,0
28,79,Madrid,9-022-U,835,0,0,835,621,1,622,7,4,388,1,73,1,1,0,84,7,0,1,35,19,1
28,79,Madrid,9-023-A,653,0,0,653,452,0,452,6,2,233,0,65,1,1,0,84,5,5,0,31,19,0
28,79,Madrid,9-023-B,628,0,0,628,435,0,435,4,2,231,3,68,0,0,2,74,4,1,0,24,20,2
28,79,Madrid,9-024-U,534,0,0,534,410,0,410,3,0,261,2,50,0,0,0,43,9,3,1,35,3,0
28,79,Madrid,9-025-U,725,0,0,725,542,0,542,7,2,316,2,55,0,0,0,89,6,0,0,39,25,1
28,79,Madrid,9-026-U,851,0,0,851,606,0,606,4,5,313,1,87,1,0,0,120,16,1,1,32,22,3
28,79,Madrid,9-028-A,647,0,0,647,476,0,476,4,1,301,3,33,0,0,0,62,8,2,1,51,9,1
28,79,Madrid,9-028-B,642,0,0,642,448,0,448,5,0,287,1,30,0,0,1,66,8,1,0,36,12,1
28,79,Madrid,9-029-U,799,0,0,799,631,1,632,8,3,409,2,37,0,1,1,66,9,1,2,80,13,0
28,79,Madrid,9-030-U,959,0,0,959,755,1,756,3,3,498,1,69,0,1,0,85,7,3,0,68,17,1
28,79,Madrid,9-031-U,511,0,0,511,388,0,388,4,0,251,0,27,0,0,0,51,5,1,0,36,12,1
28,79,Madrid,9-033-U,944,0,0,944,654,1,655,11,0,351,0,94,0,0,0,105,19,1,0,35,39,0
28,79,Madrid,9-034-A,630,0,0,630,495,1,496,7,0,357,0,22,0,0,0,44,5,0,0,45,15,1
28,79,Madrid,9-034-B,643,0,0,643,510,1,511,9,3,327,1,47,0,0,1,52,16,2,0,42,10,1
28,79,Madrid,9-035-U,709,0,0,709,568,1,569,10,4,338,0,64,0,0,0,77,16,3,0,44,13,0
28,79,Madrid,9-036-U,824,0,0,824,637,1,638,11,6,362,5,77,0,0,1,96,10,2,2,36,30,0
28,79,Madrid,9-037-A,562,0,0,562,417,1,418,11,2,244,1,55,0,1,0,59,6,1,0,30,8,0
28,79,Madrid,9-037-B,683,0,0,683,522,1,523,4,2,327,2,56,0,1,0,55,18,2,0,33,23,0
28,79,Madrid,9-037-C,604,0,0,604,477,0,477,2,2,298,1,50,0,0,1,72,9,3,0,26,12,1
28,79,Madrid,9-038-U,954,0,0,954,756,1,757,10,5,391,2,112,0,0,0,121,9,2,1,50,53,1
28,79,Madrid,9-039-U,917,0,0,917,730,1,731,7,5,359,5,105,0,1,0,148,16,3,1,40,40,1
28,79,Madrid,9-040-U,748,0,0,748,567,0,567,3,1,266,1,75,0,1,1,141,4,2,0,37,35,0
28,79,Madrid,9-041-A,596,0,0,596,450,0,450,4,1,303,1,35,0,0,0,54,4,3,0,28,16,1
28,79,Madrid,9-041-B,650,0,0,650,499,0,499,6,3,315,2,38,0,0,0,69,8,3,0,35,19,1
28,79,Madrid,9-043-A,673,0,0,673,553,1,554,1,4,437,2,27,0,0,0,36,1,0,0,36,10,0
28,79,Madrid,9-043-B,748,0,0,748,618,0,618,8,0,498,0,36,0,0,1,24,11,0,0,35,5,0
28,79,Madrid,9-044-U,875,0,0,875,690,0,690,4,5,414,1,63,0,1,0,97,15,2,0,60,27,1
28,79,Madrid,9-045-U,778,0,0,778,611,0,611,3,1,441,0,33,0,0,0,47,21,1,1,48,15,0
28,79,Madrid,9-046-A,642,0,0,642,509,0,509,0,5,254,0,63,0,1,0,121,6,0,0,40,19,0
28,79,Madrid,9-046-B,684,0,0,684,531,1,532,4,0,284,2,81,0,0,0,91,10,1,0,39,20,0
28,79,Madrid,9-047-A,535,0,0,535,412,0,412,0,1,163,2,88,0,2,0,88,6,0,0,30,32,0
28,79,Madrid,9-047-B,556,0,0,556,419,0,419,1,3,188,2,60,0,0,1,101,10,2,0,20,31,0
28,79,Madrid,9-049-U,851,0,0,851,636,0,636,7,6,269,2,100,0,0,1,165,10,1,0,29,43,3
28,79,Madrid,9-050-U,640,0,0,640,468,0,468,8,6,175,0,90,0,0,0,121,10,1,0,21,36,0
28,79,Madrid,9-051-A,529,0,0,529,421,1,422,6,0,163,0,88,0,0,0,102,7,1,1,23,30,1
28,79,Madrid,9-051-B,520,0,0,520,390,0,390,6,5,138,0,78,0,0,1,101,14,5,1,19,22,0
28,79,Madrid,9-052-A,771,0,0,771,596,1,597,10,6,258,2,135,0,1,0,120,5,3,0,21,35,1
28,79,Madrid,9-052-B,715,0,0,715,548,0,548,2,10,242,3,116,0,1,0,107,5,1,1,24,36,0
28,79,Madrid,9-053-U,710,0,0,710,541,0,541,7,2,237,0,85,0,0,1,148,9,3,0,32,17,0
28,79,Madrid,9-054-U,931,0,0,931,603,1,604,5,8,253,1,138,0,1,0,144,10,1,0,20,23,0
28,79,Madrid,9-055-A,640,0,0,640,491,1,492,4,1,218,0,96,0,0,0,108,8,3,0,23,29,2
28,79,Madrid,9-055-B,698,0,0,698,516,1,517,2,4,254,2,83,1,0,1,109,7,4,1,22,27,0
28,79,Madrid,9-056-A,807,1,0,808,629,0,629,5,3,327,2,94,0,0,0,125,8,2,0,23,40,0
28,79,Madrid,9-056-B,846,1,0,847,636,1,637,10,6,319,1,102,0,0,2,111,13,3,0,40,29,1
28,79,Madrid,9-057-U,676,1,0,677,453,1,454,7,5,166,0,116,0,1,0,98,7,3,0,22,29,0
28,79,Madrid,9-058-U,665,0,0,665,422,1,423,3,6,205,5,70,0,1,0,85,6,0,0,14,26,2
28,79,Madrid,9-060-A,562,0,0,562,334,1,335,4,7,134,2,84,0,0,1,72,3,2,0,16,10,0
28,79,Madrid,9-060-B,602,0,0,602,395,0,395,5,0,145,1,77,0,1,0,102,6,2,1,26,28,1
28,79,Madrid,9-061-U,631,0,0,631,386,1,387,3,7,135,1,78,0,0,1,90,3,1,0,32,34,2
28,79,Madrid,9-063-A,513,0,0,513,360,0,360,2,8,162,0,69,0,1,0,73,3,2,0,19,20,1
28,79,Madrid,9-063-B,546,0,0,546,378,1,379,5,2,167,1,72,0,0,2,76,9,1,0,22,19,3
28,79,Madrid,9-064-A,527,0,0,527,354,0,354,3,2,131,1,65,0,0,0,105,4,2,0,16,23,2
28,79,Madrid,9-064-B,553,0,0,553,375,0,375,1,6,150,0,82,1,0,0,84,2,4,0,27,18,0
28,79,Madrid,9-065-U,887,0,0,887,523,0,523,6,13,208,5,100,0,1,0,112,6,3,2,43,24,0
28,79,Madrid,9-066-U,613,0,0,613,382,1,383,2,5,172,2,83,0,0,0,74,2,2,0,24,17,0
28,79,Madrid,9-067-U,574,0,0,574,341,1,342,8,5,138,1,58,0,0,0,78,4,6,0,19,24,1
28,79,Madrid,9-068-U,761,0,0,761,467,1,468,6,1,213,1,91,0,0,2,81,4,7,0,37,24,1
28,79,Madrid,9-069-U,565,0,0,565,374,0,374,4,1,158,1,59,0,0,1,90,8,2,0,26,22,2
28,79,Madrid,9-070-U,931,0,0,931,735,0,735,5,4,359,2,80,0,0,1,154,19,8,0,62,41,0
28,79,Madrid,9-071-A,491,0,0,491,390,1,391,4,0,294,0,23,0,0,0,10,6,0,1,51,2,0
28,79,Madrid,9-071-B,516,0,0,516,428,1,429,8,1,351,0,15,0,0,0,12,4,0,0,31,7,0
28,79,Madrid,9-072-A,500,0,0,500,389,0,389,2,3,298,0,13,1,0,0,28,3,1,0,33,6,1
28,79,Madrid,9-072-B,568,0,0,568,452,0,452,3,4,337,2,26,0,0,0,29,3,0,0,46,2,0
28,79,Madrid,9-073-A,464,0,0,464,389,0,389,6,1,304,0,19,0,0,0,22,6,1,0,30,0,0
28,79,Madrid,9-073-B,517,0,0,517,438,0,438,8,1,357,0,20,0,0,0,14,4,0,0,33,1,0
28,79,Madrid,9-074-A,491,0,0,491,367,1,368,3,2,210,2,49,0,0,0,45,3,3,0,37,14,0
28,79,Madrid,9-074-B,554,0,0,554,409,0,409,5,0,220,0,52,0,0,2,59,9,3,0,48,10,1
28,79,Madrid,9-075-A,910,0,0,910,701,1,702,14,3,521,0,41,0,0,0,39,9,0,0,64,11,0
28,79,Madrid,9-075-B,928,0,0,928,692,0,692,4,2,501,1,43,0,1,0,65,12,4,0,45,14,0
28,79,Madrid,9-076-U,646,0,0,646,410,0,410,2,4,213,1,72,0,0,0,59,7,5,1,26,18,2
28,79,Madrid,9-077-U,759,0,0,759,556,1,557,5,3,326,3,72,0,0,0,79,16,2,0,37,14,0
28,79,Madrid,9-078-A,829,0,0,829,651,0,651,1,0,560,1,9,0,0,0,9,1,0,0,67,3,0
28,79,Madrid,9-078-B,776,0,0,776,626,0,626,5,1,526,0,13,1,0,0,16,4,1,0,59,0,0
28,79,Madrid,9-079-A,795,0,0,795,649,0,649,9,3,173,3,143,0,0,1,176,12,1,0,27,101,0
28,79,Madrid,9-079-B,828,0,0,828,699,0,699,8,5,194,0,156,0,0,0,211,14,5,0,22,84,0
28,79,Madrid,9-080-A,627,0,0,627,512,0,512,5,1,288,1,58,0,0,0,88,13,2,0,23,30,3
28,79,Madrid,9-080-B,627,0,0,627,520,0,520,5,2,276,4,70,0,0,0,76,19,3,2,40,22,1
28,79,Madrid,9-081-U,718,0,0,718,546,0,546,5,3,309,0,70,1,0,1,103,12,1,0,23,17,1
28,79,Madrid,9-082-U,645,0,0,645,485,0,485,0,4,202,1,109,0,0,0,111,10,6,0,19,22,1
28,79,Madrid,9-083-A,506,0,0,506,418,0,418,7,2,308,1,17,0,0,0,27,12,3,0,40,1,0
28,79,Madrid,9-083-B,482,0,0,482,367,0,367,2,2,273,1,20,0,0,0,36,8,3,0,19,2,1
28,79,Madrid,9-084-U,697,0,0,697,496,1,497,5,3,254,1,62,0,0,0,101,9,4,0,24,32,2
28,79,Madrid,9-085-A,627,0,0,627,520,0,520,15,4,281,0,84,0,0,0,71,15,1,0,36,12,1
28,79,Madrid,9-085-B,608,0,0,608,497,0,497,4,0,278,1,66,0,0,0,75,11,3,0,43,16,0
28,79,Madrid,9-086-A,684,0,0,684,586,1,587,4,2,492,1,19,0,0,0,17,5,1,0,42,4,0
28,79,Madrid,9-086-B,664,0,0,664,549,1,550,2,0,457,0,14,0,0,0,10,3,1,0,58,5,0
28,79,Madrid,9-087-A,742,1,0,743,613,0,613,1,2,476,0,28,0,0,0,37,15,1,1,40,12,0
28,79,Madrid,9-087-B,824,0,0,824,687,0,687,3,3,537,1,31,0,1,0,23,7,1,0,66,14,0
28,79,Madrid,9-088-A,938,0,0,938,709,0,709,9,7,483,1,55,0,1,1,80,10,1,1,45,13,2
28,79,Madrid,9-088-B,848,0,0,848,651,0,651,8,1,425,2,66,0,1,0,67,12,3,0,58,8,0
28,79,Madrid,9-089-A,630,0,0,630,521,1,522,6,1,401,0,27,0,0,0,20,8,1,1,55,2,0
28,79,Madrid,9-089-B,615,0,0,615,519,0,519,4,3,390,0,33,0,0,0,16,7,1,0,59,6,0
28,79,Madrid,9-090-A,781,0,0,781,606,0,606,5,4,276,2,103,1,1,1,146,5,3,1,35,22,1
28,79,Madrid,9-090-B,856,0,0,856,675,0,675,9,2,323,0,115,1,1,0,147,11,1,0,33,31,1
28,79,Madrid,9-091-A,666,0,0,666,519,1,520,3,1,429,0,15,0,0,0,7,8,2,1,49,4,1
28,79,Madrid,9-091-B,647,0,0,647,514,1,515,3,0,420,0,18,0,0,0,10,5,1,0,56,2,0
28,79,Madrid,9-092-U,820,0,0,820,675,0,675,5,9,425,1,58,0,1,0,87,9,0,0,55,23,2
28,79,Madrid,9-093-A,551,0,0,551,443,1,444,2,2,334,1,30,0,0,1,27,4,1,0,37,4,1
28,79,Madrid,9-093-B,512,0,0,512,399,1,400,1,0,303,0,25,0,0,0,19,6,0,1,42,3,0
28,79,Madrid,9-094-A,587,0,0,587,495,0,495,7,4,307,0,49,1,0,2,64,11,0,1,38,11,0
28,79,Madrid,9-094-B,557,0,0,557,478,0,478,2,5,308,1,40,0,0,0,65,7,3,0,33,13,1
28,79,Madrid,9-095-A,542,0,0,542,420,0,420,5,8,198,0,72,0,0,0,85,13,1,0,21,17,0
28,79,Madrid,9-095-B,536,0,0,536,427,1,428,5,4,197,0,78,0,0,0,95,10,0,0,28,11,0
28,79,Madrid,9-096-A,520,0,0,520,436,0,436,1,0,379,0,14,0,1,0,10,7,0,1,21,2,0
28,79,Madrid,9-096-B,512,0,0,512,441,0,441,3,2,382,0,14,0,0,0,11,3,1,0,25,0,0
28,79,Madrid,9-097-A,545,0,0,545,468,0,468,2,2,398,0,8,0,0,0,8,4,0,1,40,5,0
28,79,Madrid,9-097-B,509,0,0,509,430,0,430,2,0,351,0,15,0,0,0,14,4,0,1,43,0,0
28,79,Madrid,10-001-U,683,0,0,683,426,0,426,5,2,133,0,94,0,1,0,94,3,6,0,34,52,2
28,79,Madrid,10-002-U,646,0,0,646,250,0,250,2,1,77,1,61,0,1,0,46,3,3,1,41,11,2
28,79,Madrid,10-003-U,626,0,0,626,228,0,228,1,1,67,0,62,0,1,0,51,4,1,0,33,7,0
28,79,Madrid,10-004-U,514,0,0,514,287,0,287,1,1,83,0,71,0,0,0,74,6,1,0,0,31,19
28,79,Madrid,10-005-U,892,0,0,892,522,0,522,3,9,148,0,135,1,0,0,128,3,2,0,52,41,0
28,79,Madrid,10-006-A,864,0,0,864,587,0,587,4,7,227,0,88,0,0,1,160,17,5,0,44,34,0
28,79,Madrid,10-006-B,906,0,0,906,631,0,631,7,0,230,3,117,0,0,3,175,7,1,0,36,52,0
28,79,Madrid,10-007-U,869,0,0,869,507,0,507,3,3,171,0,123,0,0,3,127,3,4,0,39,31,0
28,79,Madrid,10-008-U,650,0,0,650,364,0,364,2,6,144,0,58,0,0,0,102,7,1,1,17,26,0
28,79,Madrid,10-009-U,721,0,0,721,442,0,442,3,6,161,3,102,0,0,2,102,3,4,0,28,27,1
28,79,Madrid,10-010-U,617,0,0,617,383,0,383,4,4,165,0,85,0,0,0,68,2,0,0,27,27,1
28,79,Madrid,10-011-U,580,0,0,580,458,1,459,7,6,195,0,62,0,0,1,130,1,2,0,24,28,3
28,79,Madrid,10-012-U,765,0,0,765,552,1,553,2,8,248,3,63,0,0,0,163,5,2,0,31,27,1
28,79,Madrid,10-013-U,590,0,0,590,464,0,464,3,3,234,0,40,0,0,0,117,6,2,0,35,23,1
28,79,Madrid,10-014-U,705,0,0,705,580,1,581,3,3,183,0,81,0,0,0,222,3,1,0,23,62,0
28,79,Madrid,10-015-U,906,0,0,906,567,1,568,7,5,203,0,98,0,0,1,141,7,7,1,41,57,0
28,79,Madrid,10-016-U,944,0,0,944,696,1,697,12,6,324,1,85,0,1,1,172,16,1,0,28,45,5
28,79,Madrid,10-017-U,708,0,0,708,553,0,553,1,3,318,3,61,0,0,0,93,8,3,0,27,36,0
28,79,Madrid,10-018-U,560,0,0,560,356,0,356,1,1,141,0,79,0,0,3,73,10,3,0,21,23,1
28,79,Madrid,10-020-U,636,0,0,636,366,0,366,2,2,120,0,79,0,0,1,108,2,3,0,23,25,1
28,79,Madrid,10-021-U,969,0,0,969,618,0,618,3,4,226,0,98,0,0,0,201,7,2,0,31,43,3
28,79,Madrid,10-022-U,645,0,0,645,395,0,395,3,3,136,0,72,0,0,1,110,5,4,0,14,46,1
28,79,Madrid,10-023-U,583,0,0,583,372,0,372,5,6,126,2,58,0,0,1,109,4,2,0,26,31,2
28,79,Madrid,10-024-U,800,0,0,800,486,0,486,3,3,160,0,87,0,1,0,155,4,5,0,18,49,1
28,79,Madrid,10-025-U,869,0,0,869,527,0,527,5,6,195,1,97,1,0,0,148,5,2,0,25,42,0
28,79,Madrid,10-026-U,721,0,0,721,528,0,528,3,7,202,0,78,0,0,3,153,7,2,0,33,38,2
28,79,Madrid,10-027-U,920,0,0,920,627,0,627,13,5,224,2,107,0,0,0,170,13,4,0,38,47,4
28,79,Madrid,10-028-U,824,0,0,824,483,0,483,1,2,186,1,76,1,1,0,144,4,5,0,18,44,0
28,79,Madrid,10-029-U,926,0,0,926,557,0,557,3,3,204,4,84,0,0,2,162,7,4,0,40,44,0
28,79,Madrid,10-030-U,921,0,0,921,507,0,507,4,6,171,1,93,0,1,0,155,9,4,0,26,37,0
28,79,Madrid,10-031-U,570,0,0,570,335,0,335,3,5,123,0,66,0,1,0,96,3,4,1,14,18,1
28,79,Madrid,10-032-A,705,0,0,705,401,0,401,0,0,154,1,94,1,0,0,109,5,1,0,33,3,0
28,79,Madrid,10-032-B,744,0,0,744,441,0,441,3,7,164,0,77,0,0,0,124,7,2,0,26,31,0
28,79,Madrid,10-033-U,711,0,0,711,472,0,472,5,4,167,0,89,0,0,2,144,5,4,0,23,29,0
28,79,Madrid,10-035-U,654,0,0,654,407,0,407,2,1,173,1,74,0,0,1,84,2,7,0,28,34,0
28,79,Madrid,10-036-A,580,0,0,580,404,0,404,3,4,148,0,69,1,0,2,112,5,1,0,37,21,1
28,79,Madrid,10-036-B,545,0,0,545,384,0,384,2,1,162,0,57,0,0,0,84,8,2,0,23,40,5
28,79,Madrid,10-037-A,552,0,0,552,325,0,325,3,2,123,2,51,0,1,1,89,1,1,0,20,29,2
28,79,Madrid,10-037-B,587,0,0,587,360,0,360,2,5,129,0,71,0,0,0,101,4,1,0,21,25,1
28,79,Madrid,10-038-U,587,0,0,587,395,1,396,3,1,153,0,73,0,0,0,95,7,3,0,22,38,1
28,79,Madrid,10-039-U,888,0,0,888,531,0,531,5,10,208,0,83,0,1,3,142,3,4,0,40,32,0
28,79,Madrid,10-040-U,633,0,0,633,325,1,326,3,1,99,0,76,0,2,1,77,4,2,0,34,26,1
28,79,Madrid,10-041-A,503,0,0,503,306,0,306,1,2,99,1,71,0,0,1,84,4,1,0,18,24,0
28,79,Madrid,10-041-B,505,0,0,505,309,1,310,2,3,92,0,76,0,2,1,81,3,2,0,16,31,1
28,79,Madrid,10-042-U,986,0,0,986,616,0,616,9,3,226,3,95,0,1,1,188,4,8,0,31,45,2
28,79,Madrid,10-043-A,497,0,0,497,323,0,323,1,1,121,0,64,0,0,0,67,6,2,0,28,27,6
28,79,Madrid,10-043-B,533,0,0,533,356,0,356,2,1,142,0,59,0,0,1,89,5,1,0,30,26,0
28,79,Madrid,10-044-U,635,0,0,635,477,0,477,7,4,244,1,62,0,2,0,89,10,4,0,25,29,0
28,79,Madrid,10-046-U,902,0,0,902,552,0,552,3,6,179,1,122,0,0,1,155,14,5,0,28,38,0
28,79,Madrid,10-047-U,615,0,0,615,315,1,316,2,3,133,2,66,0,0,2,68,2,3,0,18,16,1
28,79,Madrid,10-048-U,795,0,0,795,477,0,477,4,2,162,2,114,0,0,0,109,8,8,0,37,30,1
28,79,Madrid,10-049-U,796,0,0,796,446,0,446,2,0,184,4,95,0,0,0,103,5,7,0,24,22,0
28,79,Madrid,10-050-U,909,0,0,909,510,0,510,8,3,195,3,110,0,0,1,114,7,3,0,28,36,2
28,79,Madrid,10-051-U,654,0,0,654,381,0,381,5,2,187,2,64,1,0,0,67,4,4,1,27,16,1
28,79,Madrid,10-052-U,803,0,0,803,465,0,465,2,3,218,0,96,0,0,0,82,2,3,0,33,25,1
28,79,Madrid,10-053-U,763,0,0,763,481,0,481,3,3,225,0,78,0,1,1,109,3,4,0,19,33,2
28,79,Madrid,10-054-A,572,0,0,572,413,0,413,5,3,182,0,80,0,0,1,103,5,1,0,20,13,0
28,79,Madrid,10-054-B,538,0,0,538,406,0,406,2,5,189,0,71,0,0,0,87,8,4,0,23,17,0
28,79,Madrid,10-055-U,886,0,0,886,636,0,636,5,4,309,1,96,0,0,0,114,7,6,0,49,44,1
28,79,Madrid,10-056-U,705,0,0,705,395,0,395,5,2,134,0,85,0,0,0,107,6,3,0,21,32,0
28,79,Madrid,10-057-A,485,0,0,485,262,0,262,0,0,100,0,56,0,0,1,61,5,9,0,18,12,0
28,79,Madrid,10-057-B,514,0,0,514,283,0,283,2,0,106,1,65,0,0,0,71,8,0,1,15,14,0
28,79,Madrid,10-058-U,690,0,0,690,406,0,406,0,2,165,0,81,0,1,0,79,3,1,0,34,37,3
28,79,Madrid,10-059-U,823,0,0,823,471,0,471,7,5,142,2,109,0,0,0,120,5,2,0,38,40,1
28,79,Madrid,10-060-A,575,0,0,575,418,0,418,4,4,132,1,114,0,0,1,102,8,2,1,24,23,2
28,79,Madrid,10-060-B,544,0,0,544,365,0,365,5,3,125,0,72,0,0,1,114,7,1,0,17,20,0
28,79,Madrid,10-060-C,338,0,0,338,281,0,281,1,4,159,2,49,0,0,0,41,1,0,0,15,8,1
28,79,Madrid,10-061-A,516,0,0,516,282,0,282,3,1,101,0,70,0,0,0,48,2,5,0,27,25,0
28,79,Madrid,10-061-B,524,0,0,524,290,0,290,4,0,107,1,88,0,0,1,53,3,4,0,15,14,0
28,79,Madrid,10-062-U,577,0,0,577,282,0,282,1,3,88,2,75,0,0,1,66,6,3,0,23,14,0
28,79,Madrid,10-063-A,559,0,0,559,306,0,306,2,2,105,1,88,0,2,0,63,1,2,1,24,13,2
28,79,Madrid,10-063-B,571,0,0,571,308,0,308,3,0,98,2,83,0,1,0,59,6,4,0,31,21,0
28,79,Madrid,10-065-U,533,0,0,533,283,0,283,2,0,114,0,70,0,0,0,64,5,0,0,11,17,0
28,79,Madrid,10-067-U,688,0,0,688,465,0,465,1,4,190,0,81,0,0,1,88,10,0,0,47,43,0
28,79,Madrid,10-068-U,609,0,0,609,449,0,449,1,4,204,1,76,0,0,1,100,3,3,0,26,30,0
28,79,Madrid,10-069-U,950,0,0,950,586,0,586,4,7,225,1,113,1,1,1,135,9,1,0,45,41,2
28,79,Madrid,10-070-U,771,0,0,771,497,0,497,5,8,202,1,88,0,2,1,111,3,1,0,48,27,0
28,79,Madrid,10-072-A,798,0,0,798,563,0,563,3,5,245,0,87,0,0,1,143,3,3,0,31,42,0
28,79,Madrid,10-072-B,873,0,0,873,631,0,631,4,3,278,1,89,1,1,0,156,6,2,2,37,49,2
28,79,Madrid,10-073-U,782,0,0,782,510,0,510,2,4,202,0,102,0,1,0,102,4,6,0,51,36,0
28,79,Madrid,10-074-U,645,0,0,645,472,0,472,5,5,181,0,91,0,0,0,96,9,3,0,59,23,0
28,79,Madrid,10-075-U,624,0,0,624,460,0,460,4,5,193,0,79,0,1,1,97,4,3,0,43,30,0
28,79,Madrid,10-076-U,701,0,0,701,513,0,513,1,7,214,1,78,0,0,0,105,8,9,0,35,53,2
28,79,Madrid,10-077-U,546,0,0,546,332,0,332,8,4,100,0,79,0,0,0,82,3,3,0,25,28,0
28,79,Madrid,10-078-U,776,0,0,776,496,0,496,5,0,142,1,92,0,0,1,143,6,2,0,35,68,1
28,79,Madrid,10-081-A,509,0,0,509,367,0,367,7,6,174,2,67,1,0,0,67,7,0,1,21,14,0
28,79,Madrid,10-081-B,482,0,0,482,357,0,357,1,0,194,0,56,0,0,0,67,5,1,1,15,17,0
28,79,Madrid,10-082-U,639,0,0,639,383,0,383,6,4,112,2,87,0,0,0,102,2,2,0,23,39,4
28,79,Madrid,10-083-U,521,0,0,521,322,0,322,2,11,113,2,63,0,3,0,69,2,1,2,31,23,0
28,79,Madrid,10-084-A,686,0,0,686,369,0,369,6,9,132,1,95,0,0,1,71,4,5,0,20,24,1
28,79,Madrid,10-084-B,623,0,0,623,342,0,342,2,0,124,0,77,0,0,0,85,3,3,2,29,17,0
28,79,Madrid,10-086-A,498,0,0,498,272,0,272,0,2,109,0,72,0,2,0,48,3,7,0,21,7,1
28,79,Madrid,10-086-B,466,0,0,466,279,0,279,3,2,109,0,64,0,0,0,57,2,1,1,28,11,1
28,79,Madrid,10-087-U,786,0,0,786,619,0,619,6,5,334,2,87,0,0,0,95,12,3,0,44,30,1
28,79,Madrid,10-088-U,888,0,0,888,603,0,603,2,1,277,1,140,0,0,0,118,8,0,0,26,28,2
28,79,Madrid,10-089-U,756,0,0,756,489,0,489,4,2,215,3,101,1,0,0,95,15,3,0,24,26,0
28,79,Madrid,10-090-U,670,0,0,670,497,0,497,4,7,219,2,102,0,0,0,102,7,2,0,22,30,0
28,79,Madrid,10-091-U,817,0,0,817,655,0,655,5,5,305,0,112,0,0,0,129,12,2,0,31,54,0
28,79,Madrid,10-092-U,614,0,0,614,415,1,416,4,9,162,2,95,0,0,1,92,5,3,0,23,19,1
28,79,Madrid,10-093-U,607,0,0,607,397,0,397,6,9,157,3,88,0,1,0,84,5,3,0,23,18,0
28,79,Madrid,10-094-U,714,0,0,714,431,1,432,1,3,152,2,103,0,0,0,103,0,4,0,27,34,3
28,79,Madrid,10-095-U,827,0,0,827,510,0,510,5,7,223,3,120,0,0,3,109,2,4,2,16,15,1
28,79,Madrid,10-096-U,902,0,0,902,541,0,541,1,6,225,0,127,0,0,1,114,3,4,1,23,35,1
28,79,Madrid,10-098-U,798,1,0,799,545,1,546,1,8,199,1,123,0,1,0,154,11,1,1,20,26,0
28,79,Madrid,10-099-U,867,0,0,867,611,1,612,8,5,265,1,138,0,0,2,111,10,3,0,24,44,1
28,79,Madrid,10-100-U,709,0,0,709,480,0,480,8,3,211,3,97,0,1,0,87,8,2,1,29,29,1
28,79,Madrid,10-101-U,806,0,0,806,621,0,621,5,6,323,1,115,0,0,1,88,8,3,1,38,32,0
28,79,Madrid,10-102-U,526,0,0,526,397,0,397,2,4,189,0,88,0,0,1,71,2,0,0,25,13,2
28,79,Madrid,10-103-U,794,0,0,794,509,0,509,7,5,214,1,103,0,1,0,108,5,5,0,30,30,0
28,79,Madrid,10-106-A,560,0,0,560,443,0,443,5,5,249,3,62,1,2,0,70,7,4,0,18,17,0
28,79,Madrid,10-106-B,544,0,0,544,411,0,411,2,1,223,1,68,0,2,1,69,6,1,0,27,9,1
28,79,Madrid,10-107-U,826,0,0,826,634,0,634,5,6,306,1,122,1,0,0,109,8,2,0,33,41,0
28,79,Madrid,10-108-U,599,0,0,599,454,0,454,1,8,210,2,87,0,0,0,84,4,1,1,31,24,1
28,79,Madrid,10-109-A,546,0,0,546,417,0,417,6,1,200,2,79,0,0,1,86,8,3,0,19,12,0
28,79,Madrid,10-109-B,570,0,0,570,430,0,430,3,2,230,0,77,0,0,2,75,4,2,0,17,17,1
28,79,Madrid,10-110-A,510,0,0,510,299,0,299,2,4,113,0,77,0,1,0,57,5,6,1,15,17,1
28,79,Madrid,10-110-B,550,0,0,550,336,0,336,2,3,117,0,72,0,1,0,79,7,4,0,23,27,1
28,79,Madrid,10-112-U,653,0,0,653,399,0,399,3,7,173,1,78,0,1,1,94,2,6,1,14,17,1
28,79,Madrid,10-113-U,582,0,0,582,344,0,344,2,3,122,3,91,1,0,1,80,7,1,0,15,18,0
28,79,Madrid,10-114-U,701,0,0,701,437,0,437,6,5,148,1,109,0,3,0,100,3,2,0,34,26,0
28,79,Madrid,10-115-U,758,0,0,758,482,0,482,8,5,184,2,108,0,3,3,105,4,8,0,19,32,1
28,79,Madrid,10-116-A,502,0,0,502,382,0,382,4,7,186,1,75,0,0,0,63,7,3,0,21,14,1
28,79,Madrid,10-116-B,531,0,0,531,402,0,402,5,3,199,0,66,0,0,0,77,3,2,0,23,23,1
28,79,Madrid,10-117-U,901,0,0,901,722,0,722,5,5,347,1,108,0,0,1,152,12,5,0,45,40,1
28,79,Madrid,10-118-U,879,0,0,879,650,0,650,8,8,308,4,131,0,1,0,113,9,3,0,28,37,0
28,79,Madrid,10-119-A,596,0,0,596,482,0,482,7,3,243,0,87,0,0,1,73,6,2,0,35,24,1
28,79,Madrid,10-119-B,637,0,0,637,515,0,515,7,5,271,0,82,0,1,0,84,12,2,0,29,19,3
28,79,Madrid,10-120-U,868,0,0,868,596,0,596,9,8,233,4,109,1,0,0,139,8,6,1,43,32,3
28,79,Madrid,10-121-U,849,0,0,849,603,0,603,5,5,237,0,147,0,1,0,123,3,2,1,34,45,0
28,79,Madrid,10-122-U,834,0,0,834,625,0,625,8,4,287,1,116,0,0,0,124,7,3,0,38,37,0
28,79,Madrid,10-123-U,676,0,0,676,495,0,495,2,1,235,1,102,1,1,0,100,11,2,0,23,15,1
28,79,Madrid,10-124-U,903,0,0,903,610,0,610,9,8,269,0,122,0,1,0,124,11,7,0,35,24,0
28,79,Madrid,10-125-U,533,0,0,533,388,0,388,3,3,150,0,73,0,0,0,91,3,1,0,33,28,3
28,79,Madrid,10-126-U,899,0,0,899,590,0,590,10,5,223,1,104,1,1,1,152,6,8,0,30,48,0
28,79,Madrid,10-127-U,683,0,0,683,463,0,463,4,10,181,1,112,0,0,0,102,8,4,0,17,24,0
28,79,Madrid,10-128-U,960,0,0,960,655,0,655,5,4,264,1,122,1,0,1,155,12,8,0,35,44,3
28,79,Madrid,10-129-A,479,0,0,479,357,0,357,0,2,216,1,35,0,0,3,63,6,0,0,19,12,0
28,79,Madrid,10-129-B,512,0,0,512,359,0,359,2,3,208,0,50,0,0,0,49,2,2,0,27,15,1
28,79,Madrid,10-130-A,597,0,0,597,442,0,442,5,2,226,0,74,0,0,0,80,4,4,2,26,18,1
28,79,Madrid,10-130-B,622,0,0,622,449,0,449,3,3,207,1,71,0,0,0,85,4,5,0,37,32,1
28,79,Madrid,10-131-A,529,0,0,529,365,0,365,4,2,175,4,59,0,2,0,80,5,2,0,16,15,1
28,79,Madrid,10-131-B,540,0,0,540,390,0,390,1,1,194,2,46,0,0,0,87,15,1,0,23,20,0
28,79,Madrid,10-132-U,749,1,0,750,528,0,528,5,6,271,0,74,0,2,0,91,4,3,0,46,26,0
28,79,Madrid,10-133-A,645,0,0,645,468,0,468,4,3,214,1,86,0,1,1,100,10,2,1,20,25,0
28,79,Madrid,10-133-B,654,0,0,654,472,0,472,8,5,191,0,94,0,0,0,111,7,1,1,24,30,0
28,79,Madrid,10-135-U,600,0,0,600,435,0,435,5,2,170,0,82,0,0,2,113,2,6,0,28,25,0
28,79,Madrid,10-136-U,811,0,0,811,606,0,606,8,13,227,1,125,1,1,0,146,13,1,1,25,43,1
28,79,Madrid,10-137-U,638,0,0,638,396,0,396,4,11,138,0,80,0,0,0,94,8,5,0,25,31,0
28,79,Madrid,10-138-U,573,0,0,573,450,0,450,5,8,221,1,76,1,1,0,80,7,2,0,24,24,0
28,79,Madrid,10-139-U,774,0,0,774,473,0,473,4,10,194,0,103,0,0,0,100,2,0,0,27,33,0
28,79,Madrid,10-140-U,623,0,0,623,461,0,461,6,8,200,2,86,0,1,0,96,9,4,1,27,21,0
28,79,Madrid,10-142-A,603,0,0,603,377,0,377,4,2,167,0,65,2,1,2,89,3,4,1,20,15,2
28,79,Madrid,10-142-B,582,0,0,582,380,0,380,4,6,165,0,44,0,2,0,96,3,2,1,28,28,1
28,79,Madrid,10-143-U,947,0,0,947,628,0,628,7,6,297,5,91,1,0,4,141,9,2,1,39,23,2
28,79,Madrid,10-144-U,790,0,0,790,440,0,440,7,10,173,0,89,0,0,0,83,4,7,2,32,33,0
28,79,Madrid,10-145-A,486,0,0,486,341,0,341,2,1,148,0,66,0,0,0,69,2,4,0,24,24,1
28,79,Madrid,10-145-B,494,0,0,494,340,0,340,4,3,135,0,72,0,0,1,81,3,2,1,23,15,0
28,79,Madrid,10-146-U,897,0,0,897,554,0,554,5,6,236,0,113,0,1,0,99,5,0,3,46,37,3
28,79,Madrid,10-147-U,862,0,0,862,501,0,501,4,2,193,1,114,0,1,1,108,8,1,0,36,30,2
28,79,Madrid,10-148-U,839,0,0,839,446,0,446,1,4,164,2,105,0,0,0,93,5,6,3,29,32,2
28,79,Madrid,10-149-A,555,0,0,555,343,0,343,0,0,156,3,80,0,0,0,61,6,2,0,17,18,0
28,79,Madrid,10-149-B,533,0,0,533,329,0,329,1,3,135,1,77,0,0,0,73,9,1,0,14,15,0
28,79,Madrid,10-151-A,589,0,0,589,374,0,374,8,7,180,1,66,1,1,0,71,5,0,0,16,18,0
28,79,Madrid,10-151-B,560,0,0,560,321,0,321,5,6,144,2,62,1,0,0,65,5,1,0,21,9,0
28,79,Madrid,10-152-U,635,0,0,635,499,0,499,8,5,251,2,46,0,1,0,86,3,2,0,60,32,3
28,79,Madrid,10-153-A,929,0,0,929,685,0,685,6,3,320,2,103,0,0,2,163,18,2,0,32,34,0
28,79,Madrid,10-153-B,964,0,0,964,684,0,684,6,5,322,3,106,1,0,0,139,24,4,0,40,34,0
28,79,Madrid,10-154-U,605,0,0,605,410,0,410,2,4,162,2,82,0,1,1,84,8,6,1,29,28,0
28,79,Madrid,10-156-U,684,0,0,684,524,0,524,5,2,395,0,14,0,1,1,34,7,1,0,57,6,1
28,79,Madrid,10-157-U,615,0,0,615,500,0,500,4,2,340,0,15,0,0,0,25,4,3,1,94,11,1
28,79,Madrid,10-158-A,437,0,0,437,353,0,353,2,3,248,0,14,0,0,0,31,7,2,0,38,7,1
28,79,Madrid,10-158-B,531,0,0,531,413,0,413,6,3,291,1,19,0,0,0,28,7,2,1,45,10,0
28,79,Madrid,10-159-A,490,0,0,490,404,0,404,1,5,284,0,12,0,0,0,30,6,0,1,54,6,5
28,79,Madrid,10-159-B,489,0,0,489,413,0,413,2,4,292,0,20,0,0,0,29,4,1,1,57,3,0
28,79,Madrid,10-161-A,645,0,0,645,459,0,459,4,2,215,2,79,0,0,2,102,5,1,0,27,19,1
28,79,Madrid,10-161-B,609,0,0,609,420,0,420,5,2,182,2,88,0,0,1,83,7,1,1,22,25,1
28,79,Madrid,10-162-U,670,0,0,670,459,0,459,1,7,193,1,91,0,0,0,93,9,1,0,40,23,0
28,79,Madrid,10-163-U,541,0,0,541,384,0,384,1,3,198,0,82,0,0,1,61,1,1,1,22,13,0
28,79,Madrid,10-164-U,929,0,0,929,587,0,587,4,7,256,0,111,0,0,2,108,4,7,3,46,39,0
28,79,Madrid,10-165-U,856,0,0,856,642,0,642,6,7,282,0,101,0,0,0,142,12,8,1,62,21,0
28,79,Madrid,10-167-A,894,0,0,894,678,0,678,5,4,244,1,126,1,0,1,200,15,3,0,33,44,1
28,79,Madrid,10-167-B,843,0,0,843,613,0,613,10,11,221,1,103,1,0,1,176,9,2,0,27,50,1
28,79,Madrid,10-168-U,870,0,0,870,562,0,562,4,8,254,0,126,0,1,0,107,4,4,0,29,23,2
28,79,Madrid,10-169-U,587,0,0,587,376,0,376,5,2,133,0,97,1,1,1,80,7,3,0,20,26,0
28,79,Madrid,10-170-U,894,0,0,894,666,0,666,4,5,254,1,135,0,0,1,179,7,7,0,33,39,1
28,79,Madrid,10-171-U,841,0,0,841,603,0,603,4,6,267,1,114,0,1,5,118,1,6,0,31,47,2
28,79,Madrid,10-172-U,560,0,0,560,401,0,401,3,4,175,2,74,0,0,1,75,7,2,0,36,22,0
28,79,Madrid,10-173-A,605,0,0,605,471,0,471,6,7,192,0,95,0,1,0,106,4,0,0,31,28,1
28,79,Madrid,10-173-B,571,0,0,571,439,0,439,2,5,176,1,88,2,1,0,103,5,4,0,26,25,1
28,79,Madrid,10-174-U,732,0,0,732,540,0,540,5,6,239,0,122,0,2,0,108,7,5,0,30,16,0
28,79,Madrid,10-175-U,636,0,0,636,466,0,466,6,5,208,3,81,0,0,0,96,1,3,0,31,31,1
28,79,Madrid,10-176-U,955,0,0,955,719,0,719,13,3,275,3,148,0,0,0,161,10,2,2,50,51,1
28,79,Madrid,10-178-U,851,0,0,851,631,0,631,11,5,259,1,136,0,0,1,144,12,0,0,34,28,0
28,79,Madrid,10-179-U,841,0,0,841,609,0,609,4,9,246,0,140,1,0,1,110,4,7,0,48,39,0
28,79,Madrid,10-180-U,911,0,0,911,664,0,664,12,3,295,1,120,0,0,0,147,11,0,0,49,25,1
28,79,Madrid,10-181-U,868,0,0,868,549,0,549,3,4,220,0,110,1,2,0,132,9,5,0,37,26,0
28,79,Madrid,10-182-U,764,0,0,764,467,0,467,6,7,173,1,90,0,0,0,119,7,5,1,33,24,1
28,79,Madrid,10-183-U,756,0,0,756,511,0,511,9,4,185,3,103,1,0,1,128,6,6,0,38,27,0
28,79,Madrid,10-184-U,769,0,0,769,554,0,554,8,14,248,1,119,0,3,2,86,6,4,0,39,23,1
28,79,Madrid,10-185-U,537,0,0,537,385,0,385,2,2,126,0,89,1,2,0,92,4,6,0,30,30,1
28,79,Madrid,10-187-U,923,0,0,923,587,0,587,6,6,221,0,107,0,1,1,151,7,4,0,42,40,1
28,79,Madrid,10-188-U,740,0,0,740,494,0,494,4,4,194,0,137,0,1,1,78,6,7,0,32,30,0
28,79,Madrid,10-189-A,522,0,0,522,344,0,344,1,6,132,1,72,1,0,0,73,8,3,0,32,15,0
28,79,Madrid,10-189-B,582,10,0,592,375,0,375,3,2,142,2,85,0,0,0,95,3,2,0,24,17,0
28,79,Madrid,10-190-U,782,0,0,782,567,0,567,12,6,219,1,120,0,0,0,129,8,2,0,44,26,0
28,79,Madrid,10-191-A,576,0,0,576,382,0,382,2,7,140,0,86,0,1,0,76,5,8,0,30,27,0
28,79,Madrid,10-191-B,557,0,0,557,386,0,386,3,7,143,0,94,0,0,0,80,6,5,0,37,11,0
28,79,Madrid,10-192-A,722,0,0,722,507,0,507,7,6,214,1,97,0,0,1,116,9,1,0,33,21,1
28,79,Madrid,10-192-B,649,0,0,649,471,0,471,2,7,212,1,86,0,0,1,95,8,4,4,34,17,0
28,79,Madrid,10-193-U,624,0,0,624,428,0,428,4,3,131,0,158,0,0,1,96,2,2,0,20,11,0
28,79,Madrid,10-194-U,732,0,0,732,557,0,557,8,6,239,1,97,0,1,0,136,9,3,0,27,30,0
28,79,Madrid,10-197-A,544,0,0,544,398,0,398,1,4,211,0,57,0,1,1,70,9,3,1,21,17,2
28,79,Madrid,10-197-B,614,0,0,614,453,0,453,9,7,211,2,71,1,1,0,82,8,1,4,35,21,0
28,79,Madrid,10-198-A,760,0,0,760,543,0,543,2,12,241,1,83,0,0,0,110,10,6,0,46,32,0
28,79,Madrid,10-198-B,714,0,0,714,497,0,497,4,9,188,1,103,0,1,0,111,11,5,1,37,25,1
28,79,Madrid,10-199-A,597,0,0,597,423,0,423,3,5,189,1,89,0,0,1,81,5,3,0,33,13,0
28,79,Madrid,10-199-B,632,0,0,632,463,0,463,3,3,208,1,97,1,0,1,88,6,4,1,35,15,0
28,79,Madrid,10-201-U,822,0,0,822,613,0,613,0,0,269,2,121,0,0,0,135,6,4,0,47,29,0
28,79,Madrid,10-202-U,603,0,0,603,465,0,465,6,2,166,3,89,0,0,2,100,11,2,0,45,39,0
28,79,Madrid,10-203-A,575,0,0,575,402,0,402,3,3,171,1,80,0,0,0,87,5,3,0,23,24,2
28,79,Madrid,10-203-B,628,0,0,628,437,0,437,8,3,162,0,94,0,1,0,103,13,3,0,28,21,1
28,79,Madrid,10-204-U,656,0,0,656,443,0,443,2,9,157,0,87,1,0,0,128,4,1,0,25,28,1
28,79,Madrid,10-205-A,582,0,0,582,424,0,424,6,5,184,0,85,0,1,0,90,8,2,0,29,13,1
28,79,Madrid,10-205-B,596,0,0,596,447,0,447,5,2,182,2,89,0,0,0,95,5,1,1,35,28,2
28,79,Madrid,10-206-A,503,0,0,503,385,0,385,8,5,168,0,56,0,0,0,101,5,2,0,20,20,0
28,79,Madrid,10-206-B,523,0,0,523,392,0,392,1,1,155,0,66,0,1,1,96,8,1,0,30,32,0
28,79,Madrid,10-207-A,574,0,0,574,433,0,433,13,3,220,0,60,0,0,0,83,8,1,0,20,25,0
28,79,Madrid,10-207-B,547,0,0,547,397,0,397,1,5,213,2,55,0,0,0,72,8,1,0,24,16,0
28,79,Madrid,10-209-A,471,0,0,471,352,0,352,2,8,124,1,79,0,0,0,80,4,2,0,25,26,1
28,79,Madrid,10-209-B,528,0,0,528,398,0,398,1,1,159,2,82,0,0,1,86,7,1,0,26,31,1
28,79,Madrid,10-210-U,882,0,0,882,565,0,565,3,6,243,1,131,0,0,1,76,8,4,0,63,29,0
28,79,Madrid,10-211-U,841,0,0,841,660,0,660,4,1,272,1,124,0,0,0,159,10,6,0,29,53,1
28,79,Madrid,10-212-U,758,0,0,758,566,0,566,6,3,274,0,104,0,0,1,107,12,1,0,33,25,0
28,79,Madrid,10-213-A,582,0,0,582,461,0,461,7,5,182,1,74,0,0,0,118,13,1,0,16,44,0
28,79,Madrid,10-213-B,714,0,0,714,572,0,572,7,3,218,0,83,0,0,1,158,13,2,0,32,55,0
28,79,Madrid,10-213-C,629,0,0,629,493,0,493,5,3,192,3,84,0,0,0,139,1,2,0,25,39,0
28,79,Madrid,10-214-A,756,0,0,756,576,0,576,5,10,166,3,102,0,0,1,187,11,4,0,28,58,1
28,79,Madrid,10-214-B,816,0,0,816,634,0,634,9,5,219,2,116,1,1,4,169,12,6,0,20,67,3
28,79,Madrid,10-215-A,590,0,0,590,447,0,447,6,2,165,1,76,0,1,3,110,16,1,1,35,30,0
28,79,Madrid,10-215-B,611,0,0,611,474,0,474,3,1,192,1,84,1,1,0,115,10,0,1,34,30,1
28,79,Madrid,10-216-U,946,0,0,946,752,1,753,13,7,337,1,104,0,0,0,183,6,10,1,56,35,0
28,79,Madrid,10-217-U,726,0,0,726,522,0,522,3,6,226,1,83,0,0,1,121,8,5,2,36,28,2
28,79,Madrid,10-218-U,959,0,0,959,763,0,763,11,9,348,1,95,0,2,1,163,18,5,2,53,52,3
28,79,Madrid,10-219-A,590,0,0,590,461,0,461,2,1,166,1,76,0,1,0,139,12,1,0,34,28,0
28,79,Madrid,10-219-B,584,0,0,584,451,0,451,5,10,122,1,85,0,0,0,135,7,1,0,27,56,2
28,79,Madrid,10-220-A,547,0,0,547,331,0,331,4,3,103,0,51,1,1,1,97,4,2,0,36,27,1
28,79,Madrid,10-220-B,483,0,0,483,307,0,307,1,4,93,1,72,0,0,1,78,3,5,0,27,22,0
28,79,Madrid,10-221-A,648,0,0,648,459,0,459,5,2,189,3,64,0,0,0,131,10,4,1,36,13,1
28,79,Madrid,10-221-B,589,0,0,589,403,0,403,3,6,185,1,66,0,1,0,83,4,7,0,30,17,0
28,79,Madrid,10-222-A,497,0,0,497,340,1,341,4,5,146,1,62,0,0,0,89,4,1,0,15,12,2
28,79,Madrid,10-222-B,523,0,0,523,387,0,387,2,1,184,0,64,0,0,0,79,10,5,0,29,13,0
28,79,Madrid,11-001-U,839,0,0,839,534,0,534,6,2,237,0,88,0,0,1,121,5,3,0,36,33,2
28,79,Madrid,11-002-A,640,0,0,640,438,0,438,0,1,194,1,78,0,0,2,116,5,0,0,20,20,1
28,79,Madrid,11-002-B,590,0,0,590,421,0,421,5,4,184,0,74,0,0,0,86,8,1,0,32,26,1
28,79,Madrid,11-003-A,712,0,0,712,490,0,490,3,6,216,1,76,1,1,0,108,8,4,1,27,37,1
28,79,Madrid,11-003-B,655,0,0,655,457,0,457,7,4,248,2,66,0,0,0,90,4,0,0,21,15,0
28,79,Madrid,11-004-A,573,0,0,573,423,0,423,2,3,206,0,56,0,0,0,96,5,2,0,30,23,0
28,79,Madrid,11-004-B,566,0,0,566,409,0,409,4,0,188,0,66,0,0,0,108,1,0,0,16,26,0
28,79,Madrid,11-005-U,819,0,0,819,542,0,542,5,4,271,1,85,0,0,0,132,5,0,0,15,22,2
28,79,Madrid,11-006-U,931,0,0,931,611,0,611,2,2,285,0,77,0,0,0,148,9,0,0,34,53,1
28,79,Madrid,11-007-A,701,0,0,701,433,0,433,2,6,164,1,84,0,0,1,117,4,3,0,25,25,1
28,79,Madrid,11-007-B,693,0,0,693,416,0,416,1,2,146,0,83,0,0,0,106,5,6,0,23,43,1
28,79,Madrid,11-010-U,650,0,0,650,457,0,457,5,2,174,0,84,0,0,0,122,8,3,0,30,26,3
28,79,Madrid,11-011-U,617,0,0,617,437,0,437,6,3,134,3,85,1,0,1,114,7,1,0,26,53,3
28,79,Madrid,11-012-A,669,0,0,669,435,0,435,5,7,151,0,75,0,0,1,128,4,4,0,19,41,0
28,79,Madrid,11-012-B,675,0,0,675,454,0,454,5,7,153,1,86,0,1,1,128,5,5,1,24,37,0
28,79,Madrid,11-013-A,492,0,0,492,310,0,310,2,1,118,0,51,0,0,0,92,10,1,0,13,22,0
28,79,Madrid,11-013-B,507,0,0,507,326,0,326,0,0,118,2,52,0,0,1,89,7,2,0,17,36,2
28,79,Madrid,11-015-A,492,0,0,492,325,0,325,4,7,124,0,73,0,0,0,69,2,3,0,17,26,0
28,79,Madrid,11-015-B,558,0,0,558,383,0,383,3,5,140,1,70,1,0,0,94,4,6,0,20,37,2
28,79,Madrid,11-016-U,764,0,0,764,478,0,478,2,4,169,0,83,1,0,1,150,5,2,2,28,31,0
28,79,Madrid,11-017-U,796,0,0,796,446,0,446,2,4,136,0,112,0,0,1,110,5,4,2,35,35,0
28,79,Madrid,11-018-U,549,0,0,549,301,0,301,0,4,111,1,78,1,0,0,61,3,3,1,23,15,0
28,79,Madrid,11-019-U,528,0,0,528,343,0,343,7,0,144,2,53,0,1,0,86,6,5,0,18,21,0
28,79,Madrid,11-021-U,865,0,0,865,502,0,502,6,1,188,2,103,0,0,0,127,5,5,0,30,34,1
28,79,Madrid,11-022-A,537,0,0,537,354,0,354,3,0,130,0,53,0,1,0,104,11,3,0,27,22,0
28,79,Madrid,11-022-B,553,0,0,553,393,0,393,4,4,158,1,74,0,0,0,98,10,2,0,29,11,2
28,79,Madrid,11-023-U,848,0,0,848,490,0,490,1,4,167,1,105,1,0,0,115,4,4,0,50,37,1
28,79,Madrid,11-024-U,953,0,0,953,514,0,514,3,6,222,2,102,1,0,0,103,4,1,0,34,36,0
28,79,Madrid,11-025-U,921,0,0,921,585,0,585,8,9,260,1,82,1,2,1,128,12,5,0,32,43,1
28,79,Madrid,11-026-A,739,0,0,739,487,0,487,7,7,196,2,99,1,0,1,109,5,3,0,33,24,0
28,79,Madrid,11-026-B,703,0,0,703,480,0,480,3,10,209,2,78,0,1,0,121,5,0,0,24,26,1
28,79,Madrid,11-028-U,743,0,0,743,542,0,542,3,3,254,1,102,1,0,0,97,8,2,1,39,30,1
28,79,Madrid,11-029-U,605,0,0,605,373,0,373,8,7,154,1,77,0,0,0,77,5,0,2,24,17,1
28,79,Madrid,11-030-U,534,0,0,534,321,0,321,0,1,113,1,76,0,0,0,81,5,1,0,24,17,2
28,79,Madrid,11-031-U,762,0,0,762,551,0,551,4,4,261,3,112,0,0,0,96,7,2,1,41,19,1
28,79,Madrid,11-032-U,947,0,0,947,538,0,538,3,3,217,2,118,0,0,1,120,3,4,1,40,26,0
28,79,Madrid,11-033-U,932,0,0,932,518,0,518,0,1,188,1,120,0,2,0,118,4,6,0,33,44,1
28,79,Madrid,11-034-U,666,0,0,666,348,0,348,3,2,142,1,51,0,0,0,72,6,5,0,26,39,1
28,79,Madrid,11-035-U,753,0,0,753,430,0,430,5,2,154,0,80,0,1,0,132,3,5,1,19,27,1
28,79,Madrid,11-036-U,771,0,0,771,452,0,452,3,2,202,0,68,0,1,0,107,2,6,0,25,34,2
28,79,Madrid,11-037-U,845,0,0,845,504,0,504,2,4,210,3,98,0,0,0,119,6,2,1,39,19,1
28,79,Madrid,11-038-U,738,0,0,738,443,0,443,0,4,200,2,67,0,0,0,103,1,4,1,35,24,2
28,79,Madrid,11-039-A,715,0,0,715,471,0,471,3,5,178,1,78,0,0,0,137,6,6,0,25,32,0
28,79,Madrid,11-039-B,808,0,0,808,569,0,569,7,3,200,1,97,0,1,0,189,6,2,1,32,29,1
28,79,Madrid,11-040-U,595,0,0,595,382,0,382,2,1,138,1,85,0,0,1,85,3,7,1,27,29,2
28,79,Madrid,11-041-U,840,0,0,840,439,0,439,0,5,147,0,89,0,1,1,127,5,5,0,24,33,2
28,79,Madrid,11-042-U,818,0,0,818,529,0,529,6,6,218,0,97,0,3,1,124,0,6,0,28,40,0
28,79,Madrid,11-043-U,765,0,0,765,509,0,509,4,3,239,1,80,1,2,0,121,4,1,1,27,24,1
28,79,Madrid,11-044-A,702,0,0,702,548,0,548,2,7,236,0,105,0,0,0,117,9,8,0,28,36,0
28,79,Madrid,11-044-B,753,0,0,753,571,0,571,2,9,216,0,115,0,0,1,155,11,2,1,23,36,0
28,79,Madrid,11-045-U,589,0,0,589,428,0,428,5,4,196,2,62,0,2,0,94,9,1,0,23,30,0
28,79,Madrid,11-046-U,593,0,0,593,398,0,398,6,2,157,0,76,1,0,3,93,5,4,0,27,24,0
28,79,Madrid,11-047-U,882,0,0,882,600,0,600,10,7,189,0,118,0,1,0,175,7,6,0,32,54,1
28,79,Madrid,11-048-A,559,0,0,559,263,0,263,3,5,84,1,58,0,1,0,62,5,1,0,26,16,1
28,79,Madrid,11-048-B,563,0,0,563,302,0,302,6,4,105,1,57,0,1,0,76,1,3,0,26,22,0
28,79,Madrid,11-049-A,680,0,0,680,467,0,467,5,3,190,0,67,0,1,0,113,5,6,0,29,46,2
28,79,Madrid,11-049-B,779,0,0,779,540,0,540,11,3,237,0,77,0,0,0,132,5,3,0,25,46,1
28,79,Madrid,11-050-U,885,0,0,885,646,0,646,8,9,270,1,90,0,1,0,170,8,4,0,38,47,0
28,79,Madrid,11-051-A,573,0,0,573,425,0,425,3,2,193,1,76,0,0,0,79,5,1,0,27,36,2
28,79,Madrid,11-051-B,500,0,0,500,368,0,368,2,3,159,0,57,0,0,1,78,6,6,0,33,23,0
28,79,Madrid,11-054-U,831,0,0,831,363,0,363,5,1,95,2,95,0,0,1,88,0,4,0,35,36,1
28,79,Madrid,11-055-U,939,0,0,939,500,0,500,2,8,182,0,105,0,0,1,113,4,3,0,47,34,1
28,79,Madrid,11-056-U,700,0,0,700,375,0,375,5,2,138,2,93,0,0,0,74,7,2,0,22,29,1
28,79,Madrid,11-057-U,760,0,0,760,397,0,397,7,4,157,0,56,0,0,1,104,4,3,0,23,38,0
28,79,Madrid,11-058-U,523,0,0,523,344,0,344,0,3,111,2,97,0,0,1,78,8,0,0,24,18,2
28,79,Madrid,11-059-U,807,0,0,807,456,0,456,3,2,162,1,67,0,0,2,124,4,9,0,29,51,2
28,79,Madrid,11-060-U,940,0,0,940,674,0,674,7,5,192,0,112,0,1,0,230,7,5,0,36,79,0
28,79,Madrid,11-061-U,649,0,0,649,383,0,383,1,7,106,2,101,0,0,0,105,4,3,0,18,32,4
28,79,Madrid,11-062-A,488,0,0,488,283,0,283,6,3,84,0,45,0,0,0,101,1,6,0,12,23,2
28,79,Madrid,11-062-B,533,0,0,533,303,0,303,3,5,96,0,56,0,0,1,88,3,1,0,22,27,1
28,79,Madrid,11-063-A,760,0,0,760,444,0,444,4,7,161,2,82,1,0,0,126,6,2,0,28,23,2
28,79,Madrid,11-063-B,745,0,0,745,419,0,419,6,2,137,5,93,0,0,1,96,1,4,0,39,34,1
28,79,Madrid,11-065-A,624,0,0,624,449,0,449,1,4,176,2,69,0,0,1,117,11,4,0,24,39,1
28,79,Madrid,11-065-B,594,0,0,594,430,0,430,6,8,165,1,63,1,0,0,122,10,3,0,21,29,1
28,79,Madrid,11-067-A,624,0,0,624,430,0,430,7,4,162,0,64,0,0,1,135,10,0,0,19,27,1
28,79,Madrid,11-067-B,651,0,0,651,451,0,451,3,6,208,1,67,0,0,0,105,6,1,2,28,23,1
28,79,Madrid,11-068-U,809,0,0,809,481,0,481,3,4,188,1,112,0,1,1,117,2,4,3,22,21,2
28,79,Madrid,11-069-A,713,0,0,713,421,0,421,4,8,162,2,94,0,0,0,87,4,5,0,31,22,2
28,79,Madrid,11-069-B,668,1,0,669,391,0,391,6,3,174,0,99,1,1,1,62,3,4,2,19,14,2
28,79,Madrid,11-070-A,637,0,0,637,384,0,384,4,3,158,1,80,0,1,0,82,5,5,0,22,23,0
28,79,Madrid,11-070-B,661,0,0,661,394,0,394,2,4,141,0,101,1,0,1,80,4,1,1,33,25,0
28,79,Madrid,11-071-A,613,0,0,613,358,0,358,4,2,116,0,91,0,0,0,85,3,6,0,27,24,0
28,79,Madrid,11-071-B,604,0,0,604,339,0,339,6,2,103,2,89,0,0,0,74,3,4,0,29,27,0
28,79,Madrid,11-072-U,934,0,0,934,548,0,548,9,5,187,4,143,1,1,0,111,10,7,0,32,33,5
28,79,Madrid,11-073-U,858,0,0,858,448,0,448,1,5,166,6,119,1,0,1,80,2,5,0,26,33,3
28,79,Madrid,11-074-U,515,0,0,515,291,0,291,1,1,109,1,69,1,0,2,61,3,1,0,24,18,0
28,79,Madrid,11-075-U,575,0,0,575,409,0,409,3,4,186,1,86,0,1,0,77,5,9,0,21,16,0
28,79,Madrid,11-078-U,936,0,0,936,512,0,512,5,3,223,0,101,0,0,0,89,7,1,2,48,32,1
28,79,Madrid,11-079-U,592,0,0,592,331,0,331,1,4,135,0,67,0,0,1,74,4,7,0,15,21,2
28,79,Madrid,11-080-A,584,0,0,584,310,0,310,4,7,119,0,75,1,0,1,67,2,1,0,16,16,1
28,79,Madrid,11-080-B,540,0,0,540,281,0,281,1,3,103,1,58,2,0,0,62,1,3,0,23,24,0
28,79,Madrid,11-081-A,600,0,0,600,314,0,314,0,0,116,2,91,0,0,0,73,1,0,0,20,11,0
28,79,Madrid,11-081-B,535,0,0,535,286,0,286,2,3,130,0,62,0,0,1,47,0,1,3,23,14,0
28,79,Madrid,11-082-U,698,0,0,698,362,0,362,1,3,144,1,74,0,1,0,77,1,3,0,32,23,2
28,79,Madrid,11-083-U,546,0,0,546,274,0,274,2,2,113,1,64,0,0,0,57,2,3,0,15,14,1
28,79,Madrid,11-085-A,696,0,0,696,387,0,387,1,2,170,2,76,0,0,2,66,4,2,2,33,26,1
28,79,Madrid,11-085-B,642,0,0,642,352,0,352,4,3,133,0,89,1,0,1,70,5,0,0,26,20,0
28,79,Madrid,11-086-U,702,0,0,702,373,0,373,0,3,167,3,90,0,1,0,71,0,1,0,19,16,2
28,79,Madrid,11-087-U,897,0,0,897,478,0,478,9,5,172,1,93,1,0,3,128,6,2,0,29,27,2
28,79,Madrid,11-088-A,504,0,0,504,311,0,311,3,3,131,0,65,0,0,0,67,3,2,0,19,18,0
28,79,Madrid,11-088-B,537,0,0,537,334,0,334,2,4,132,1,90,0,0,0,67,1,3,0,13,19,2
28,79,Madrid,11-089-A,635,0,0,635,373,0,373,3,2,147,2,83,0,0,0,80,3,7,0,27,18,1
28,79,Madrid,11-089-B,654,0,0,654,369,0,369,2,4,137,1,84,0,0,0,76,3,4,0,32,26,0
28,79,Madrid,11-091-U,947,0,0,947,532,0,532,1,10,218,1,123,0,0,0,95,4,5,0,41,33,1
28,79,Madrid,11-092-U,780,0,0,780,465,0,465,1,8,171,0,104,0,1,0,113,0,3,0,28,36,0
28,79,Madrid,11-093-A,504,0,0,504,347,0,347,2,3,183,0,63,0,0,1,48,3,3,1,18,22,0
28,79,Madrid,11-093-B,469,0,0,469,335,0,335,0,1,157,0,68,0,0,0,72,6,2,0,14,15,0
28,79,Madrid,11-094-A,539,0,0,539,430,0,430,4,2,254,2,68,0,0,0,64,3,1,0,15,17,0
28,79,Madrid,11-094-B,620,0,0,620,493,0,493,1,5,245,1,91,0,1,0,78,9,4,0,39,18,1
28,79,Madrid,11-095-U,931,0,0,931,701,0,701,8,2,293,0,124,2,0,2,150,29,4,0,39,47,1
28,79,Madrid,11-096-U,715,0,0,715,578,1,579,9,0,273,0,116,0,0,2,114,9,2,0,30,24,0
28,79,Madrid,11-097-U,882,0,0,882,634,0,634,9,5,300,4,101,0,0,0,121,11,3,1,43,35,1
28,79,Madrid,11-098-A,508,0,0,508,372,0,372,4,5,160,2,64,0,0,0,79,2,1,1,33,21,0
28,79,Madrid,11-098-B,516,0,0,516,400,0,400,3,6,165,1,67,0,0,0,93,5,5,0,31,24,0
28,79,Madrid,11-099-U,777,0,0,777,577,0,577,4,3,279,2,109,0,0,1,106,6,1,1,28,37,0
28,79,Madrid,11-100-A,702,0,0,702,424,0,424,6,2,167,2,91,0,1,0,87,6,0,0,42,20,0
28,79,Madrid,11-100-B,767,0,0,767,428,0,428,5,1,184,0,83,0,0,0,98,4,2,0,35,15,1
28,79,Madrid,11-101-A,531,0,0,531,311,0,311,3,2,136,0,56,0,0,1,59,5,5,0,23,21,0
28,79,Madrid,11-101-B,575,0,0,575,361,0,361,3,2,154,0,69,0,0,0,82,6,1,0,22,21,1
28,79,Madrid,11-102-A,473,0,0,473,278,0,278,4,2,106,1,61,0,0,1,72,3,1,1,16,10,0
28,79,Madrid,11-102-B,512,0,0,512,329,0,329,2,0,125,3,77,0,0,0,68,1,3,0,28,21,1
28,79,Madrid,11-103-A,524,0,0,524,321,0,321,0,1,122,1,73,1,2,0,79,3,4,0,25,10,0
28,79,Madrid,11-103-B,583,0,0,583,355,0,355,3,3,138,2,74,0,0,0,93,3,3,0,18,18,0
28,79,Madrid,11-104-U,804,0,0,804,485,0,485,3,8,222,1,88,0,0,1,97,6,3,0,33,23,0
28,79,Madrid,11-105-U,561,0,0,561,344,0,344,4,0,153,0,72,0,0,0,54,2,1,0,37,21,0
28,79,Madrid,11-106-U,600,0,0,600,338,0,338,6,1,150,1,54,1,0,3,77,3,5,1,19,16,1
28,79,Madrid,11-107-U,829,0,0,829,515,0,515,3,6,256,0,99,1,0,0,84,2,2,0,44,18,0
28,79,Madrid,11-108-U,818,0,0,818,454,0,454,4,1,177,0,82,0,3,0,107,2,5,0,29,40,4
28,79,Madrid,11-109-U,805,0,0,805,451,0,451,0,6,179,0,114,0,0,1,92,5,3,0,24,27,0
28,79,Madrid,11-110-U,728,0,0,728,381,0,381,3,12,124,2,92,0,2,0,86,2,4,1,27,26,0
28,79,Madrid,11-111-U,744,0,0,744,375,0,375,2,3,141,1,73,0,1,0,86,2,8,1,25,32,0
28,79,Madrid,11-112-U,875,0,0,875,541,0,541,2,1,239,2,97,0,0,0,114,6,3,0,47,29,1
28,79,Madrid,11-113-U,906,0,0,906,533,0,533,4,2,213,1,124,0,0,0,111,8,5,0,40,25,0
28,79,Madrid,11-114-U,829,0,0,829,507,0,507,8,2,209,2,91,0,0,1,121,13,1,0,35,23,1
28,79,Madrid,11-115-A,644,0,0,644,403,0,403,0,5,154,0,86,0,0,0,95,2,7,0,26,27,1
28,79,Madrid,11-115-B,636,0,0,636,389,0,389,1,3,146,0,87,0,0,3,101,5,6,1,12,22,2
28,79,Madrid,11-116-U,534,0,0,534,319,0,319,0,2,109,2,84,0,0,2,76,2,3,1,22,15,1
28,79,Madrid,11-117-A,510,0,0,510,269,0,269,5,5,87,0,56,0,0,0,74,4,0,0,15,21,2
28,79,Madrid,11-117-B,521,0,0,521,275,0,275,3,3,79,2,73,0,0,0,71,3,1,0,18,21,1
28,79,Madrid,11-118-U,732,0,0,732,386,0,386,0,5,118,0,105,1,0,0,102,3,2,1,20,27,2
28,79,Madrid,11-119-U,765,0,0,765,421,0,421,0,8,143,2,95,1,0,1,95,4,4,0,32,32,4
28,79,Madrid,11-120-U,703,0,0,703,399,0,399,7,7,157,2,101,0,0,0,66,5,3,0,22,29,0
28,79,Madrid,11-121-U,886,0,0,886,437,0,437,6,7,133,2,125,0,0,0,90,1,3,0,45,25,0
28,79,Madrid,11-122-U,610,0,0,610,298,0,298,5,8,104,0,77,1,0,1,48,5,1,0,31,17,0
28,79,Madrid,11-123-U,758,0,0,758,274,0,274,1,1,118,2,48,0,0,2,68,2,2,0,22,8,0
28,79,Madrid,11-124-A,598,0,0,598,381,0,381,4,6,178,0,56,0,0,1,72,4,4,1,28,27,0
28,79,Madrid,11-124-B,556,0,0,556,352,0,352,5,4,141,0,75,1,1,0,74,9,1,0,26,15,0
28,79,Madrid,11-125-A,503,0,0,503,361,0,361,2,2,143,0,68,0,0,0,91,4,3,0,26,22,0
28,79,Madrid,11-125-B,512,0,0,512,356,0,356,1,7,156,0,63,0,1,1,80,4,2,1,25,15,0
28,79,Madrid,11-126-A,491,0,0,491,367,0,367,6,0,126,1,79,0,0,2,95,4,0,0,25,27,2
28,79,Madrid,11-126-B,542,0,0,542,393,0,393,3,4,160,0,48,0,0,1,107,7,6,0,32,25,0
28,79,Madrid,11-128-U,764,0,0,764,394,0,394,4,5,122,0,111,1,0,1,67,5,10,0,46,21,1
28,79,Madrid,11-129-U,665,0,0,665,270,0,270,0,4,64,0,91,1,2,0,42,1,1,0,44,20,0
28,79,Madrid,11-130-A,541,0,0,541,255,0,255,5,2,70,0,80,2,0,0,54,2,0,0,24,16,0
28,79,Madrid,11-130-B,557,0,0,557,255,0,255,3,1,78,0,76,0,1,0,54,6,1,0,20,15,0
28,79,Madrid,11-131-U,591,0,0,591,264,0,264,2,3,88,1,77,1,3,0,41,6,1,2,29,10,0
28,79,Madrid,11-132-U,547,0,0,547,246,0,246,2,3,81,1,74,0,0,0,46,4,2,2,16,15,0
28,79,Madrid,11-133-U,748,0,0,748,460,0,460,2,2,207,0,90,0,1,1,98,5,3,1,39,10,1
28,79,Madrid,11-134-U,564,0,0,564,353,0,353,3,3,132,0,101,0,0,0,66,2,3,0,20,23,0
28,79,Madrid,11-135-U,643,0,0,643,401,0,401,3,6,143,0,111,1,0,0,87,4,3,1,19,23,0
28,79,Madrid,11-136-U,863,0,0,863,547,0,547,4,4,220,1,120,0,1,0,111,5,4,0,53,24,0
28,79,Madrid,11-137-A,819,0,0,819,547,0,547,8,4,235,1,96,0,0,1,138,7,2,1,39,15,0
28,79,Madrid,11-137-B,788,0,0,788,527,0,527,7,4,232,3,102,0,1,1,114,11,4,0,30,18,0
28,79,Madrid,11-138-U,687,0,0,687,387,0,387,5,9,133,1,87,0,0,0,90,4,6,0,18,33,1
28,79,Madrid,11-139-U,927,0,0,927,566,0,566,7,3,229,0,114,1,3,1,108,8,8,1,43,40,0
28,79,Madrid,11-140-A,516,0,0,516,265,0,265,2,6,96,2,61,0,0,0,67,4,0,0,20,7,0
28,79,Madrid,11-140-B,527,0,0,527,296,0,296,0,1,128,0,56,0,0,0,63,9,3,0,23,12,1
28,79,Madrid,11-141-U,810,0,0,810,534,0,534,4,6,240,2,109,0,0,1,108,9,6,2,22,23,2
28,79,Madrid,11-142-U,512,0,0,512,356,0,356,1,8,158,0,66,0,0,1,77,3,0,0,27,13,2
28,79,Madrid,11-143-U,877,0,0,877,475,0,475,4,8,151,2,115,0,0,0,132,2,6,0,27,28,0
28,79,Madrid,11-145-U,869,0,0,869,499,0,499,3,9,172,0,108,0,1,0,126,8,3,0,43,26,0
28,79,Madrid,11-146-U,944,0,0,944,600,0,600,3,6,248,0,143,1,1,0,134,3,0,0,36,24,1
28,79,Madrid,11-147-A,531,0,0,531,368,0,368,1,4,115,1,92,0,0,0,110,1,2,0,24,17,1
28,79,Madrid,11-147-B,574,0,0,574,389,0,389,2,3,126,1,95,0,0,1,106,3,1,0,25,26,0
28,79,Madrid,11-148-A,805,0,0,805,532,0,532,8,2,216,0,103,0,0,0,123,12,8,1,32,25,2
28,79,Madrid,11-148-B,880,0,0,880,539,0,539,5,8,196,1,96,0,0,1,155,3,8,1,27,36,2
28,79,Madrid,11-149-U,671,0,0,671,391,0,391,4,7,166,0,86,0,0,0,89,2,4,0,20,13,0
28,79,Madrid,11-150-U,849,0,0,849,556,0,556,4,8,196,6,116,1,0,1,123,11,7,0,49,33,1
28,79,Madrid,11-151-U,748,0,0,748,464,0,464,6,7,164,1,108,0,0,0,103,4,6,3,37,25,0
28,79,Madrid,11-152-A,737,0,0,737,505,0,505,2,9,200,3,83,1,1,1,132,6,3,1,43,20,0
28,79,Madrid,11-152-B,831,0,0,831,559,0,559,7,4,220,0,112,0,1,0,140,4,1,3,47,18,2
28,79,Madrid,11-153-A,504,0,0,504,307,0,307,1,3,119,1,69,1,0,1,64,4,1,0,22,21,0
28,79,Madrid,11-153-B,547,0,0,547,333,0,333,3,1,143,1,72,0,0,4,46,7,5,0,33,18,0
28,79,Madrid,11-154-U,778,0,0,778,450,0,450,5,8,178,1,116,0,0,2,77,2,4,1,29,25,2
28,79,Madrid,11-155-A,829,0,0,829,597,0,597,8,3,225,2,93,1,0,0,177,13,4,0,43,28,0
28,79,Madrid,11-155-B,820,0,0,820,563,0,563,8,9,204,0,87,1,0,1,156,9,3,0,55,29,1
28,79,Madrid,11-156-A,599,0,0,599,458,0,458,3,6,179,1,76,0,0,0,124,19,5,0,23,22,0
28,79,Madrid,11-156-B,589,0,0,589,413,0,413,5,4,166,0,48,1,0,0,117,19,2,0,29,22,0
28,79,Madrid,11-157-U,840,0,0,840,438,0,438,4,4,144,1,108,0,0,0,101,2,10,1,35,27,1
28,79,Madrid,11-158-U,777,0,0,777,320,0,320,2,4,123,0,77,1,0,0,63,0,3,0,32,15,0
28,79,Madrid,11-160-A,507,0,0,507,248,0,248,0,1,66,0,84,0,0,0,48,5,5,0,27,11,1
28,79,Madrid,11-160-B,508,0,0,508,265,0,265,0,4,86,0,75,0,0,0,58,1,4,1,26,10,0
28,79,Madrid,11-161-U,739,0,0,739,318,0,318,3,4,105,0,92,1,1,0,70,3,8,0,21,10,0
28,79,Madrid,11-162-U,527,0,0,527,294,0,294,5,0,92,2,57,0,1,0,72,2,3,1,33,26,0
28,79,Madrid,11-163-A,486,0,0,486,347,0,347,6,1,134,1,81,0,2,0,69,4,2,0,22,24,1
28,79,Madrid,11-163-B,497,0,0,497,337,0,337,3,2,143,0,73,0,0,0,72,3,1,0,19,19,2
28,79,Madrid,11-165-A,602,0,0,602,368,0,368,1,2,138,0,95,2,2,0,86,7,1,0,23,11,0
28,79,Madrid,11-165-B,590,0,0,590,366,0,366,1,7,127,1,95,0,0,0,79,5,1,0,40,10,0
28,79,Madrid,11-167-U,718,0,0,718,449,0,449,3,10,167,0,107,0,0,0,97,4,3,0,35,23,0
28,79,Madrid,11-168-U,728,0,0,728,484,0,484,2,2,195,1,130,0,0,0,92,7,2,0,37,16,0
28,79,Madrid,11-169-A,741,0,0,741,395,0,395,0,4,146,5,91,0,1,0,78,8,4,0,33,21,4
28,79,Madrid,11-169-B,755,0,0,755,451,0,451,8,3,147,1,114,0,0,0,107,2,5,0,27,30,7
28,79,Madrid,11-170-U,609,0,0,609,337,0,337,1,3,136,0,73,0,0,0,66,6,3,1,31,16,1
28,79,Madrid,11-171-U,579,0,0,579,323,0,323,1,6,111,1,81,0,0,0,59,5,3,0,34,22,0
28,79,Madrid,11-173-U,703,0,0,703,352,0,352,5,4,139,0,63,0,0,1,81,7,2,2,30,18,0
28,79,Madrid,11-174-U,543,0,0,543,333,0,333,4,3,133,0,73,0,1,2,74,5,4,1,20,13,0
28,79,Madrid,11-175-A,535,0,0,535,315,0,315,1,1,123,2,66,0,1,0,72,4,3,1,22,18,1
28,79,Madrid,11-175-B,485,0,0,485,304,0,304,0,9,115,0,67,0,0,0,69,2,6,0,13,22,1
28,79,Madrid,11-176-U,777,0,0,777,503,0,503,1,12,163,1,108,0,2,0,118,4,2,0,53,38,1
28,79,Madrid,11-177-A,747,0,0,747,461,0,461,1,7,164,0,119,0,1,1,93,6,1,2,39,26,1
28,79,Madrid,11-177-B,814,0,0,814,471,0,471,7,6,148,1,115,0,1,1,117,3,4,0,32,34,2
28,79,Madrid,11-178-U,565,0,0,565,321,0,321,3,3,114,2,67,0,0,0,71,0,0,1,37,23,0
28,79,Madrid,11-179-U,684,0,0,684,448,0,448,3,6,173,4,102,0,3,4,92,9,2,1,18,31,0
28,79,Madrid,11-180-A,469,0,0,469,173,0,173,2,0,46,0,58,0,0,0,31,1,1,0,19,14,1
28,79,Madrid,11-180-B,524,0,0,524,211,0,211,3,0,65,3,55,0,0,1,50,3,3,0,18,9,1
28,79,Madrid,11-181-U,748,0,0,748,515,0,515,3,10,182,0,114,0,0,0,148,6,4,0,25,22,1
28,79,Madrid,11-182-A,594,0,0,594,453,0,453,11,5,198,0,74,1,0,0,100,15,9,0,19,21,0
28,79,Madrid,11-182-B,714,0,0,714,567,0,567,10,9,233,1,113,2,2,0,114,23,2,0,34,24,0
28,79,Madrid,11-182-C,655,0,0,655,498,0,498,3,5,241,1,69,0,0,1,114,8,3,0,29,24,0
28,79,Madrid,11-183-A,806,0,0,806,625,0,625,7,1,331,0,59,0,1,0,141,17,3,1,42,22,0
28,79,Madrid,11-183-B,876,0,0,876,683,0,683,4,2,351,0,93,0,0,0,141,20,0,0,48,24,0
28,79,Madrid,11-184-U,903,0,0,903,687,0,687,14,3,299,1,98,1,0,0,165,9,3,0,48,46,0
28,79,Madrid,11-185-A,575,0,0,575,404,0,404,10,6,170,2,63,0,1,0,97,10,0,0,27,18,0
28,79,Madrid,11-185-B,576,0,0,576,414,0,414,8,5,206,0,61,0,0,2,83,5,0,0,24,19,1
28,79,Madrid,11-186-A,642,0,0,642,443,0,443,7,4,147,0,87,0,0,0,123,9,2,0,37,27,0
28,79,Madrid,11-186-B,575,0,0,575,393,0,393,3,4,136,0,64,3,1,0,106,11,2,2,29,31,1
28,79,Madrid,11-187-A,498,0,0,498,350,0,350,4,3,134,0,66,0,0,1,90,8,3,0,29,12,0
28,79,Madrid,11-187-B,552,0,0,552,370,0,370,8,7,138,1,57,0,0,0,98,9,4,0,26,22,0
28,79,Madrid,11-188-A,702,0,0,702,592,0,592,9,6,258,2,97,1,0,1,149,23,1,1,26,18,0
28,79,Madrid,11-188-B,646,0,0,646,523,0,523,4,2,239,2,85,0,0,2,125,22,2,1,26,12,1
28,79,Madrid,11-189-A,788,0,0,788,554,0,554,11,7,203,0,104,0,0,0,148,16,4,0,38,22,1
28,79,Madrid,11-189-B,870,0,0,870,607,0,607,5,7,209,5,92,0,1,1,171,22,9,1,48,32,4
28,79,Madrid,11-190-A,522,0,0,522,399,0,399,6,3,165,0,60,0,1,0,111,8,0,0,32,12,1
28,79,Madrid,11-190-B,553,0,0,553,423,0,423,7,1,186,0,65,2,0,0,106,7,1,0,21,26,1
28,79,Madrid,11-191-A,930,0,0,930,702,0,702,10,11,295,1,93,0,1,0,195,16,1,1,40,37,1
28,79,Madrid,11-191-B,956,0,0,956,701,0,701,15,5,290,5,90,0,0,0,194,14,3,0,43,41,1
28,79,Madrid,11-192-A,589,0,0,589,429,0,429,8,8,153,4,55,0,0,0,125,9,3,0,35,29,0
28,79,Madrid,11-192-B,581,0,0,581,436,0,436,4,6,180,1,55,0,0,2,134,9,0,2,25,17,1
28,79,Madrid,11-193-U,970,0,0,970,472,0,472,1,4,182,2,109,0,0,1,100,7,7,0,41,17,1
28,79,Madrid,11-194-U,871,0,0,871,668,0,668,7,4,331,2,76,0,0,1,157,15,7,1,47,20,0
28,79,Madrid,11-195-A,670,0,0,670,422,0,422,4,5,154,1,77,1,0,0,112,5,4,1,30,28,0
28,79,Madrid,11-195-B,680,0,0,680,450,0,450,7,6,173,1,68,0,0,0,113,3,3,1,39,36,0
28,79,Madrid,11-196-A,495,0,0,495,408,0,408,6,3,138,1,69,0,0,0,133,9,3,0,23,22,1
28,79,Madrid,11-196-B,497,0,0,497,389,0,389,8,3,149,1,66,0,0,0,107,13,1,1,18,22,0
28,79,Madrid,11-197-A,566,0,0,566,436,0,436,11,8,176,0,49,0,0,0,126,11,2,0,33,20,0
28,79,Madrid,11-197-B,508,0,0,508,379,0,379,5,2,165,1,54,0,0,0,102,5,1,0,23,20,1
28,79,Madrid,11-198-A,683,0,0,683,528,0,528,13,6,236,1,67,0,0,0,133,15,2,0,35,19,1
28,79,Madrid,11-198-B,743,0,0,743,584,0,584,7,5,268,0,78,0,0,0,140,11,1,0,41,33,0
28,79,Madrid,11-199-A,518,0,0,518,294,0,294,0,5,106,1,62,0,0,0,73,1,2,1,28,14,1
28,79,Madrid,11-199-B,541,0,0,541,325,0,325,1,1,128,0,66,0,0,2,93,4,0,0,18,12,0
28,79,Madrid,11-200-U,820,0,0,820,631,0,631,10,4,280,0,90,0,1,1,157,22,5,0,33,28,0
28,79,Madrid,12-001-U,535,0,0,535,359,0,359,2,4,86,0,77,0,1,0,124,4,4,0,24,32,1
28,79,Madrid,12-002-U,628,0,0,628,435,0,435,2,2,123,2,88,0,2,2,147,1,6,1,29,28,2
28,79,Madrid,12-003-A,483,0,0,483,298,0,298,5,1,82,1,66,0,1,1,96,0,2,0,18,25,0
28,79,Madrid,12-003-B,504,0,0,504,299,0,299,3,3,104,3,64,2,0,0,87,2,0,0,13,18,0
28,79,Madrid,12-005-U,816,0,0,816,554,0,554,4,4,133,0,134,0,0,1,181,7,6,0,38,45,1
28,79,Madrid,12-006-U,608,0,0,608,397,0,397,2,3,126,2,67,0,0,1,130,3,5,2,30,26,0
28,79,Madrid,12-007-A,540,0,0,540,365,0,365,4,5,107,0,71,2,0,1,121,1,5,0,15,33,0
28,79,Madrid,12-007-B,555,0,0,555,357,0,357,5,1,88,0,71,1,1,1,147,2,2,0,21,17,0
28,79,Madrid,12-008-U,926,0,0,926,508,0,508,0,3,144,3,119,0,0,1,152,1,2,0,41,42,0
28,79,Madrid,12-009-U,860,0,0,860,509,0,509,1,2,123,0,127,0,1,0,204,2,2,0,22,25,0
28,79,Madrid,12-010-U,727,0,0,727,472,0,472,1,2,93,1,100,0,0,0,215,0,3,0,34,23,0
28,79,Madrid,12-011-U,746,0,0,746,459,0,459,3,3,97,0,82,0,0,0,205,0,4,1,36,25,3
28,79,Madrid,12-012-U,792,0,0,792,489,0,489,6,4,105,0,142,0,0,0,168,7,2,1,32,22,0
28,79,Madrid,12-013-U,749,0,0,749,451,0,451,1,7,117,0,117,0,0,1,155,4,3,0,31,15,0
28,79,Madrid,12-014-U,803,0,0,803,487,0,487,0,6,108,1,109,0,0,0,193,3,2,0,41,22,2
28,79,Madrid,12-015-U,848,0,0,848,467,0,467,4,3,92,2,117,0,0,1,173,2,10,0,48,15,0
28,79,Madrid,12-016-A,614,0,0,614,419,0,419,2,6,136,0,80,1,0,0,128,6,4,1,35,18,2
28,79,Madrid,12-016-B,606,0,0,606,400,0,400,5,5,141,0,71,0,1,1,136,5,3,0,23,8,1
28,79,Madrid,12-018-A,630,0,0,630,275,0,275,0,5,56,0,74,0,0,2,69,0,4,1,36,28,0
28,79,Madrid,12-018-B,677,0,0,677,310,0,310,1,1,78,0,91,0,0,0,69,1,4,0,37,25,3
28,79,Madrid,12-019-U,834,0,0,834,338,0,338,1,5,90,0,98,0,0,0,78,0,6,0,38,20,2
28,79,Madrid,12-020-U,911,0,0,911,429,0,429,2,7,129,5,101,0,0,2,103,2,2,1,60,15,0
28,79,Madrid,12-022-A,493,0,0,493,249,0,249,1,6,75,0,92,0,0,0,47,2,0,0,19,7,0
28,79,Madrid,12-022-B,491,0,0,491,244,0,244,0,2,78,2,79,1,0,1,49,4,1,0,19,7,1
28,79,Madrid,12-023-A,491,0,0,491,253,0,253,2,4,62,0,80,0,0,0,66,1,3,0,25,10,0
28,79,Madrid,12-023-B,492,0,0,492,288,0,288,2,2,74,2,78,0,0,0,79,3,1,0,35,12,0
28,79,Madrid,12-024-A,733,0,0,733,467,0,467,9,8,171,1,88,1,0,2,106,4,5,0,46,25,1
28,79,Madrid,12-024-B,780,0,0,780,492,0,492,2,4,161,0,107,0,1,0,133,9,3,1,43,28,0
28,79,Madrid,12-027-A,558,0,0,558,356,0,356,4,2,127,4,72,1,0,0,88,8,2,0,28,20,0
28,79,Madrid,12-027-B,620,0,0,620,384,0,384,3,6,151,1,64,0,0,0,109,3,2,0,32,13,0
28,79,Madrid,12-028-U,590,0,0,590,321,0,321,2,8,110,1,85,0,1,0,77,1,3,0,15,18,0
28,79,Madrid,12-029-U,840,0,0,840,430,0,430,0,1,140,1,137,0,0,0,100,7,1,2,19,22,0
28,79,Madrid,12-030-U,806,0,0,806,427,0,427,5,11,163,2,114,1,0,1,76,5,0,1,27,20,1
28,79,Madrid,12-031-U,515,0,0,515,285,0,285,3,3,103,0,90,1,0,0,60,2,1,0,15,7,0
28,79,Madrid,12-032-A,974,0,0,974,606,0,606,5,8,216,0,138,0,0,1,146,10,5,0,40,36,1
28,79,Madrid,12-032-B,907,0,0,907,572,0,572,9,10,222,2,115,0,4,0,136,2,3,1,35,31,2
28,79,Madrid,12-033-U,842,0,0,842,495,0,495,3,6,174,1,110,0,1,0,117,7,8,0,38,29,1
28,79,Madrid,12-034-A,700,0,0,700,398,0,398,5,9,103,1,94,1,0,1,112,3,2,0,45,22,0
28,79,Madrid,12-034-B,780,0,0,780,415,0,415,4,2,130,1,108,0,0,0,103,1,5,0,39,21,1
28,79,Madrid,12-037-U,958,0,0,958,492,0,492,8,9,126,1,117,1,0,1,136,3,2,0,53,35,0
28,79,Madrid,12-039-U,688,0,0,688,395,0,395,1,3,139,1,109,0,0,0,81,4,3,0,19,30,5
28,79,Madrid,12-041-A,491,0,0,491,270,0,270,1,0,67,2,88,0,0,2,70,0,2,0,19,19,0
28,79,Madrid,12-041-B,511,0,0,511,250,0,250,3,0,95,1,62,0,0,1,57,1,0,1,15,14,0
28,79,Madrid,12-042-U,655,0,0,655,303,0,303,3,5,107,0,83,0,0,0,71,4,3,0,11,14,2
28,79,Madrid,12-043-U,869,0,0,869,491,0,491,2,8,186,0,119,0,0,0,102,7,3,0,44,20,0
28,79,Madrid,12-044-U,875,0,0,875,477,0,477,8,4,196,0,126,1,0,0,83,5,2,0,36,16,0
28,79,Madrid,12-045-U,915,0,0,915,464,0,464,2,1,178,2,111,0,0,0,96,4,2,1,35,32,0
28,79,Madrid,12-046-U,910,0,0,910,462,0,462,5,4,156,1,116,0,1,2,108,2,5,3,28,31,0
28,79,Madrid,12-047-U,572,0,0,572,286,0,286,3,2,102,0,68,0,1,2,60,2,1,0,23,22,0
28,79,Madrid,12-048-U,884,0,0,884,447,0,447,1,5,141,3,100,0,1,1,122,9,3,0,31,30,0
28,79,Madrid,12-049-A,554,0,0,554,308,0,308,3,2,110,1,73,0,0,1,65,1,3,0,33,14,2
28,79,Madrid,12-049-B,489,0,0,489,265,0,265,3,1,96,2,64,1,0,2,57,1,1,1,23,13,0
28,79,Madrid,12-050-U,846,0,0,846,459,0,459,4,6,173,1,106,0,2,1,100,4,5,0,22,34,1
28,79,Madrid,12-051-U,881,0,0,881,462,0,462,3,0,143,0,123,0,0,0,126,3,2,0,32,28,2
28,79,Madrid,12-052-A,752,0,0,752,545,0,545,5,6,242,2,79,0,0,0,140,12,1,0,38,20,0
28,79,Madrid,12-052-B,753,0,0,753,516,0,516,4,6,230,0,65,0,1,0,152,13,1,0,21,23,0
28,79,Madrid,12-053-A,800,0,0,800,587,0,587,2,1,269,1,96,0,0,0,141,7,0,0,34,36,0
28,79,Madrid,12-053-B,774,0,0,774,559,0,559,4,7,268,2,77,0,0,1,129,7,2,0,28,34,0
28,79,Madrid,12-054-A,493,0,0,493,357,0,357,2,0,163,1,53,0,0,2,88,3,1,1,21,18,4
28,79,Madrid,12-054-B,506,0,0,506,360,0,360,4,4,176,1,56,1,0,0,70,3,0,0,27,18,0
28,79,Madrid,12-055-A,535,0,0,535,356,0,356,2,2,121,0,57,0,0,2,113,5,0,0,23,26,5
28,79,Madrid,12-055-B,522,0,0,522,305,0,305,1,1,122,0,57,0,0,0,74,5,3,0,15,26,1
28,79,Madrid,12-056-U,936,0,0,936,483,0,483,3,10,172,1,87,1,0,1,136,5,4,0,33,30,0
28,79,Madrid,12-057-U,751,0,0,751,390,0,390,3,2,163,3,71,0,0,1,70,4,2,1,42,28,0
28,79,Madrid,12-059-A,595,0,0,595,428,0,428,2,5,196,0,70,1,0,1,85,5,2,1,33,26,1
28,79,Madrid,12-059-B,621,0,0,621,417,0,417,3,5,152,1,67,0,0,1,115,6,2,0,35,30,0
28,79,Madrid,12-061-A,742,0,0,742,473,0,473,4,3,184,2,96,1,1,0,109,5,4,0,31,30,3
28,79,Madrid,12-061-B,804,0,0,804,494,0,494,8,1,193,0,88,0,0,1,130,6,0,0,26,41,0
28,79,Madrid,12-062-U,959,0,0,959,606,0,606,2,7,187,1,92,1,1,0,196,6,5,0,33,75,0
28,79,Madrid,12-064-U,892,0,0,892,550,0,550,6,4,161,1,116,0,0,2,152,5,9,0,40,51,3
28,79,Madrid,12-065-U,670,0,0,670,416,0,416,10,3,132,2,102,1,1,0,100,9,2,0,16,37,1
28,79,Madrid,12-066-U,714,0,0,714,353,0,353,1,10,125,0,85,0,1,0,71,3,2,0,17,36,2
28,79,Madrid,12-067-A,505,0,0,505,263,0,263,3,2,86,0,62,0,0,1,63,1,2,0,17,24,2
28,79,Madrid,12-067-B,506,0,0,506,256,0,256,3,0,71,1,65,0,1,0,63,8,2,0,23,19,0
28,79,Madrid,12-069-U,736,0,0,736,446,0,446,4,2,203,1,87,0,0,0,85,3,6,0,28,27,0
28,79,Madrid,12-070-U,821,0,0,821,565,0,565,2,7,216,1,111,0,0,1,146,5,2,0,33,40,1
28,79,Madrid,12-071-A,541,0,0,541,328,0,328,0,3,115,0,82,0,2,0,76,1,0,0,17,30,2
28,79,Madrid,12-071-B,590,0,0,590,343,0,343,3,2,125,1,66,0,0,0,87,4,8,0,23,24,0
28,79,Madrid,12-073-U,578,0,0,578,277,1,278,1,3,100,1,65,0,0,1,71,5,0,0,19,12,0
28,79,Madrid,12-074-U,545,0,0,545,313,1,314,4,4,88,0,88,1,0,2,74,3,1,1,23,25,0
28,79,Madrid,12-075-U,959,0,0,959,518,0,518,2,6,154,1,130,0,1,4,128,5,2,1,38,45,1
28,79,Madrid,12-077-A,517,0,0,517,324,0,324,3,6,82,0,83,0,1,0,94,2,2,0,12,38,1
28,79,Madrid,12-077-B,555,0,0,555,352,0,352,3,3,113,2,94,0,0,0,76,4,1,0,22,34,0
28,79,Madrid,12-078-U,901,0,0,901,520,0,520,1,4,203,2,109,0,1,0,124,3,3,1,24,42,3
28,79,Madrid,12-079-U,691,0,0,691,388,0,388,1,6,123,3,98,0,1,0,82,6,1,1,34,29,3
28,79,Madrid,12-080-U,881,0,0,881,466,0,466,4,8,192,2,97,0,1,2,92,7,6,0,28,25,2
28,79,Madrid,12-081-U,809,0,0,809,432,0,432,9,4,135,0,116,0,1,1,99,4,7,0,27,26,3
28,79,Madrid,12-082-U,627,0,0,627,340,0,340,2,3,128,3,83,0,0,0,76,3,4,0,19,18,1
28,79,Madrid,12-083-U,733,0,0,733,365,0,365,0,1,139,1,103,0,0,0,59,6,5,0,31,19,1
28,79,Madrid,12-084-U,654,0,0,654,360,0,360,2,5,138,1,105,0,0,0,66,2,2,0,25,14,0
28,79,Madrid,12-086-U,764,0,0,764,383,0,383,1,1,144,1,95,0,0,0,77,4,5,0,41,13,1
28,79,Madrid,12-087-A,551,0,0,551,266,0,266,3,4,84,1,79,0,1,0,46,6,4,0,19,19,0
28,79,Madrid,12-087-B,585,0,0,585,284,0,284,1,2,73,3,111,0,0,1,47,1,4,0,27,14,0
28,79,Madrid,12-088-U,962,0,0,962,460,0,460,4,10,173,2,90,1,3,0,100,3,3,0,33,38,0
28,79,Madrid,12-089-U,629,0,0,629,332,0,332,2,5,129,0,73,0,0,0,70,4,2,1,12,33,1
28,79,Madrid,12-090-U,685,0,0,685,383,0,383,4,2,160,0,92,0,0,0,70,1,3,1,23,26,1
28,79,Madrid,12-091-A,508,0,0,508,255,0,255,2,2,112,2,73,0,1,0,30,4,3,0,14,11,1
28,79,Madrid,12-091-B,563,0,0,563,281,0,281,4,2,110,2,76,1,0,0,45,6,5,0,14,15,1
28,79,Madrid,12-092-U,785,0,0,785,421,0,421,6,8,159,1,97,1,1,2,104,2,2,0,12,25,1
28,79,Madrid,12-093-A,534,0,0,534,311,0,311,5,1,116,0,72,0,0,0,72,3,1,0,19,20,2
28,79,Madrid,12-093-B,508,0,0,508,282,0,282,0,6,97,0,70,0,0,0,66,2,0,0,23,16,2
28,79,Madrid,12-094-A,559,0,0,559,275,0,275,1,3,111,2,57,0,0,0,62,3,3,0,18,15,0
28,79,Madrid,12-094-B,511,0,0,511,263,0,263,1,5,99,1,63,0,0,0,51,4,1,0,20,18,0
28,79,Madrid,12-096-U,645,0,0,645,307,0,307,2,6,117,1,80,0,0,0,61,1,2,0,16,20,1
28,79,Madrid,12-097-U,613,0,0,613,342,0,342,2,3,136,0,63,0,0,0,88,5,5,0,28,12,0
28,79,Madrid,12-098-A,762,0,0,762,578,0,578,2,1,159,0,122,0,3,2,198,10,3,0,36,42,0
28,79,Madrid,12-098-B,741,0,0,741,546,0,546,9,0,134,0,121,1,2,1,194,6,2,0,33,43,0
28,79,Madrid,12-099-U,922,0,0,922,499,0,499,5,10,134,0,136,0,0,1,120,4,13,1,44,30,1
28,79,Madrid,12-100-A,578,0,0,578,328,0,328,1,2,97,0,78,0,0,0,99,8,7,0,25,11,0
28,79,Madrid,12-100-B,572,0,0,572,324,0,324,1,1,97,1,91,0,0,0,80,3,0,0,32,16,2
28,79,Madrid,12-101-A,708,0,0,708,510,0,510,7,4,171,3,75,0,0,1,167,10,5,0,38,29,0
28,79,Madrid,12-101-B,645,0,0,645,487,0,487,1,4,185,1,62,1,0,0,156,12,2,0,30,32,1
28,79,Madrid,12-102-A,841,0,0,841,517,0,517,8,5,185,2,74,0,0,0,160,4,2,0,43,32,2
28,79,Madrid,12-102-B,880,0,0,880,559,0,559,4,2,209,5,90,0,0,0,175,9,0,0,45,20,0
28,79,Madrid,12-103-A,826,0,0,826,460,0,460,10,2,120,2,110,1,0,0,119,8,3,0,50,34,1
28,79,Madrid,12-103-B,769,0,0,769,429,0,429,0,1,132,1,113,0,1,1,109,4,3,0,46,18,0
28,79,Madrid,12-104-A,572,0,0,572,386,0,386,4,2,145,0,69,0,1,0,103,10,6,0,30,14,2
28,79,Madrid,12-104-B,627,0,0,627,450,0,450,5,3,179,1,66,0,0,2,132,7,1,1,29,24,0
28,79,Madrid,12-105-A,512,0,0,512,348,0,348,3,4,146,1,64,0,0,0,67,9,3,0,31,18,2
28,79,Madrid,12-105-B,501,1,0,502,361,0,361,3,5,142,1,48,0,1,0,98,9,0,1,35,17,1
28,79,Madrid,12-106-A,834,0,0,834,633,0,633,11,6,259,2,99,0,1,0,169,14,3,1,41,27,0
28,79,Madrid,12-106-B,749,0,0,749,587,0,587,6,6,247,1,93,0,0,0,161,4,3,0,52,13,1
28,79,Madrid,12-107-A,862,0,0,862,654,0,654,4,4,284,0,79,0,0,0,163,19,2,0,56,42,1
28,79,Madrid,12-107-B,913,0,0,913,693,0,693,2,4,297,0,119,0,0,0,179,18,3,1,29,41,0
28,79,Madrid,12-108-U,934,0,0,934,616,0,616,9,3,201,0,82,0,1,0,205,17,1,1,37,58,1
28,79,Madrid,12-109-A,607,0,0,607,399,0,399,3,7,144,2,74,0,0,0,131,5,2,0,19,12,0
28,79,Madrid,12-109-B,647,0,0,647,415,0,415,5,7,152,1,76,0,0,0,118,6,0,1,32,16,1
28,79,Madrid,12-110-A,579,0,0,579,349,0,349,3,2,117,0,61,0,1,0,105,6,2,0,35,17,0
28,79,Madrid,12-110-B,531,0,0,531,327,0,327,3,2,116,0,60,0,3,1,81,3,3,0,34,21,0
28,79,Madrid,13-002-U,960,0,0,960,493,0,493,5,3,103,0,145,0,3,0,133,4,9,1,58,29,0
28,79,Madrid,13-003-U,604,0,0,604,279,0,279,1,6,48,0,100,1,0,0,62,4,4,0,21,30,2
28,79,Madrid,13-004-U,597,0,0,597,341,0,341,0,1,48,1,137,0,0,0,79,3,5,0,36,31,0
28,79,Madrid,13-005-U,613,0,0,613,332,0,332,2,2,80,0,110,0,0,0,70,5,1,1,26,35,0
28,79,Madrid,13-006-U,719,0,0,719,371,0,371,2,2,80,0,112,1,0,1,76,3,5,0,50,39,0
28,79,Madrid,13-007-U,804,0,0,804,482,0,482,10,6,104,0,152,0,0,1,133,2,4,2,36,32,0
28,79,Madrid,13-008-A,485,0,0,485,295,0,295,5,4,81,1,78,0,0,0,73,2,2,0,26,23,0
28,79,Madrid,13-008-B,580,0,0,580,333,0,333,0,5,63,0,91,0,0,0,98,7,4,1,28,35,1
28,79,Madrid,13-010-U,775,0,0,775,479,0,479,3,2,104,0,160,1,0,0,132,5,4,0,25,43,0
28,79,Madrid,13-011-U,593,0,0,593,297,0,297,2,3,69,1,106,0,1,0,67,1,0,1,17,27,2
28,79,Madrid,13-012-U,869,0,0,869,475,0,475,4,3,108,2,176,0,0,0,107,4,3,0,37,31,0
28,79,Madrid,13-013-U,962,0,0,962,512,0,512,6,6,114,3,177,0,0,1,125,1,6,0,28,45,0
28,79,Madrid,13-014-A,711,0,0,711,362,0,362,2,10,78,0,139,0,0,0,79,1,2,0,20,30,1
28,79,Madrid,13-014-B,662,0,0,662,331,0,331,4,3,79,0,93,0,0,0,85,1,7,1,34,22,2
28,79,Madrid,13-016-U,799,0,0,799,426,0,426,4,2,117,0,132,1,0,1,100,1,6,0,27,34,1
28,79,Madrid,13-017-U,710,0,0,710,381,0,381,3,2,85,0,120,1,0,0,100,7,14,3,30,16,0
28,79,Madrid,13-018-U,646,0,0,646,310,0,310,3,3,86,0,100,0,0,0,58,7,4,1,21,27,0
28,79,Madrid,13-019-U,533,0,0,533,314,0,314,5,1,66,1,78,0,0,0,95,2,4,0,29,33,0
28,79,Madrid,13-021-U,737,0,0,737,420,0,420,5,3,93,2,109,0,3,0,104,3,2,0,37,59,0
28,79,Madrid,13-022-U,696,0,0,696,423,0,423,3,7,128,0,142,0,0,0,68,3,3,1,37,31,0
28,79,Madrid,13-023-U,614,0,0,614,353,0,353,1,5,102,0,104,0,1,0,76,1,7,1,33,21,1
28,79,Madrid,13-024-U,599,0,0,599,341,0,341,2,2,117,1,94,0,0,0,61,3,7,2,30,19,3
28,79,Madrid,13-026-U,686,0,0,686,392,0,392,3,2,105,1,104,0,1,1,103,1,5,1,21,44,0
28,79,Madrid,13-028-U,540,0,0,540,246,0,246,5,3,49,0,91,0,0,2,50,0,1,1,28,15,1
28,79,Madrid,13-029-U,880,0,0,880,504,0,504,3,4,110,1,177,0,1,3,111,4,9,0,43,38,0
28,79,Madrid,13-030-A,661,0,0,661,424,0,424,3,3,96,2,109,0,2,2,132,3,3,1,25,42,1
28,79,Madrid,13-030-B,658,0,0,658,433,0,433,5,7,111,1,119,0,1,0,108,6,6,0,28,41,0
28,79,Madrid,13-031-U,660,0,0,660,350,0,350,1,3,101,0,111,0,0,0,86,6,3,0,16,22,1
28,79,Madrid,13-032-A,596,0,0,596,362,0,362,1,2,112,1,93,0,0,0,96,5,1,0,25,26,0
28,79,Madrid,13-032-B,641,0,0,641,375,0,375,2,3,102,1,114,0,3,0,91,2,3,0,27,25,2
28,79,Madrid,13-033-U,787,0,0,787,399,0,399,3,5,119,0,113,0,0,1,83,3,2,0,31,38,1
28,79,Madrid,13-034-U,808,0,0,808,425,0,425,2,5,150,0,113,0,1,0,97,3,2,0,23,28,1
28,79,Madrid,13-035-A,513,0,0,513,308,0,308,2,2,74,0,76,0,2,0,93,4,3,0,25,26,1
28,79,Madrid,13-035-B,698,0,0,698,423,0,423,4,9,105,0,110,0,0,0,130,2,1,0,27,34,1
28,79,Madrid,13-035-C,659,0,0,659,427,0,427,3,4,89,0,129,0,1,3,128,4,0,1,25,39,1
28,79,Madrid,13-036-U,668,0,0,668,317,0,317,3,1,92,0,82,0,0,1,77,6,5,0,26,24,0
28,79,Madrid,13-037-U,892,0,0,892,477,0,477,1,7,113,0,128,0,0,0,143,4,7,0,35,37,2
28,79,Madrid,13-038-U,595,0,0,595,313,0,313,3,6,85,0,82,0,1,2,62,1,5,0,17,49,0
28,79,Madrid,13-039-U,616,0,0,616,339,0,339,1,6,83,1,73,1,1,2,98,4,2,1,31,32,3
28,79,Madrid,13-040-U,824,0,0,824,435,0,435,4,3,93,1,103,0,0,0,137,3,3,0,40,46,2
28,79,Madrid,13-041-A,550,0,0,550,306,0,306,3,4,100,1,54,1,0,0,85,2,2,0,18,36,0
28,79,Madrid,13-041-B,565,0,0,565,292,0,292,2,0,85,0,55,0,0,1,103,1,4,0,15,26,0
28,79,Madrid,13-042-U,804,0,0,804,427,0,427,1,3,129,3,95,0,0,2,108,6,7,0,27,45,1
28,79,Madrid,13-043-U,790,0,0,790,404,0,404,2,5,115,1,99,0,0,0,126,6,4,0,18,28,0
28,79,Madrid,13-044-A,558,0,0,558,284,0,284,3,2,87,0,70,0,0,1,77,2,3,0,19,20,0
28,79,Madrid,13-044-B,607,0,0,607,302,0,302,1,4,85,1,80,0,0,1,71,1,3,0,24,28,3
28,79,Madrid,13-045-U,804,0,0,804,401,0,401,5,6,118,1,89,0,2,2,109,3,3,0,15,46,2
28,79,Madrid,13-046-A,528,0,0,528,289,0,289,2,6,69,0,78,1,0,2,64,3,0,0,19,45,0
28,79,Madrid,13-046-B,594,0,0,594,308,0,308,1,1,80,1,71,0,0,1,103,5,1,0,22,22,0
28,79,Madrid,13-047-A,492,0,0,492,284,0,284,2,2,92,1,60,0,0,0,72,6,1,0,12,35,1
28,79,Madrid,13-047-B,539,0,0,539,312,0,312,3,2,78,3,90,0,0,0,88,1,3,0,19,25,0
28,79,Madrid,13-048-U,802,0,0,802,413,0,413,4,2,124,1,111,0,0,2,96,2,4,2,26,38,1
28,79,Madrid,13-049-A,658,0,0,658,418,0,418,2,5,141,1,89,2,1,0,111,10,0,0,29,25,2
28,79,Madrid,13-049-B,605,0,0,605,389,0,389,4,6,99,3,109,1,1,0,91,8,1,0,35,29,2
28,79,Madrid,13-050-U,634,0,0,634,311,0,311,0,4,66,2,76,1,1,0,100,7,1,0,22,30,1
28,79,Madrid,13-052-U,591,0,0,591,337,0,337,4,3,103,2,78,0,0,2,80,0,1,0,21,41,2
28,79,Madrid,13-053-U,769,0,0,769,461,0,461,2,0,153,1,104,0,2,2,113,8,5,1,32,35,3
28,79,Madrid,13-054-A,587,0,0,587,281,0,281,2,9,85,1,81,0,0,0,59,2,3,0,12,27,0
28,79,Madrid,13-054-B,538,0,0,538,289,0,289,2,1,93,2,64,0,1,1,80,1,3,0,15,24,2
28,79,Madrid,13-055-U,785,0,0,785,370,0,370,4,2,108,1,110,0,1,0,81,2,2,2,28,27,2
28,79,Madrid,13-056-A,750,0,0,750,438,0,438,4,1,134,2,93,0,0,0,117,7,0,1,35,43,1
28,79,Madrid,13-056-B,757,0,0,757,433,0,433,10,2,106,1,101,0,1,3,129,3,1,0,26,48,2
28,79,Madrid,13-057-A,494,0,0,494,257,0,257,0,0,102,1,65,0,0,1,53,3,0,0,12,20,0
28,79,Madrid,13-057-B,472,0,0,472,265,0,265,4,4,79,1,78,0,0,0,56,5,2,0,18,17,1
28,79,Madrid,13-058-U,676,0,0,676,327,0,327,7,6,81,2,109,0,0,1,78,1,2,0,20,20,0
28,79,Madrid,13-059-U,662,0,0,662,317,0,317,5,6,68,1,105,1,0,1,83,2,0,0,16,28,1
28,79,Madrid,13-060-U,750,0,0,750,421,0,421,16,8,102,1,128,0,0,3,74,4,15,0,34,33,3
28,79,Madrid,13-061-U,568,0,0,568,278,0,278,1,2,85,1,100,0,0,0,45,4,3,0,16,18,3
28,79,Madrid,13-062-U,664,0,0,664,285,0,285,1,3,79,1,94,0,0,0,63,0,4,0,16,24,0
28,79,Madrid,13-063-U,571,0,0,571,273,0,273,3,3,83,0,75,1,1,0,56,1,5,0,30,15,0
28,79,Madrid,13-065-A,527,0,0,527,260,0,260,0,2,78,0,94,0,0,0,61,1,2,0,11,11,0
28,79,Madrid,13-065-B,550,0,0,550,271,0,271,0,2,79,0,69,0,0,0,61,4,2,0,26,28,0
28,79,Madrid,13-066-U,604,0,0,604,304,0,304,1,4,80,1,86,0,1,0,81,3,6,0,15,25,1
28,79,Madrid,13-069-U,511,0,0,511,279,0,279,2,1,70,0,76,0,0,1,83,3,1,0,17,24,1
28,79,Madrid,13-074-A,836,0,0,836,643,0,643,7,7,156,1,136,0,0,1,221,13,4,0,32,65,0
28,79,Madrid,13-074-B,870,0,0,870,645,0,645,2,10,141,2,143,0,1,1,198,9,3,0,28,106,1
28,79,Madrid,13-077-A,589,0,0,589,470,0,470,0,2,175,0,93,0,3,0,123,5,1,0,19,48,1
28,79,Madrid,13-077-B,544,0,0,544,411,0,411,5,1,154,1,92,0,0,2,89,8,2,0,16,41,0
28,79,Madrid,13-078-A,596,0,0,596,416,0,416,2,3,149,0,97,0,0,0,93,3,2,0,25,42,0
28,79,Madrid,13-078-B,665,0,0,665,462,0,462,5,0,181,3,89,0,1,1,90,9,4,0,32,46,1
28,79,Madrid,13-079-A,428,0,0,428,207,0,207,3,3,63,1,47,0,0,0,55,2,1,2,12,17,1
28,79,Madrid,13-079-B,542,0,0,542,267,0,267,1,3,76,0,55,0,2,1,68,2,7,0,20,30,2
28,79,Madrid,13-080-U,835,0,0,835,438,0,438,2,1,111,1,101,0,0,0,141,4,4,0,26,46,1
28,79,Madrid,13-083-A,532,0,0,532,295,0,295,4,3,98,0,73,0,0,0,75,4,2,1,15,20,0
28,79,Madrid,13-083-B,495,0,0,495,277,0,277,3,2,98,0,76,0,1,0,58,1,2,1,14,21,0
28,79,Madrid,13-084-U,581,0,0,581,322,0,322,2,3,90,0,89,0,0,1,79,3,2,0,22,31,0
28,79,Madrid,13-086-U,890,0,0,890,470,0,470,3,2,143,0,108,0,0,1,120,7,2,0,37,47,0
28,79,Madrid,13-087-U,545,0,0,545,325,0,325,4,5,106,0,67,0,0,0,81,3,4,1,28,26,0
28,79,Madrid,13-088-U,763,0,0,763,479,0,479,4,1,212,1,97,0,0,0,87,5,5,0,27,40,0
28,79,Madrid,13-089-U,516,0,0,516,271,0,271,0,3,63,0,71,0,1,2,67,4,1,1,28,30,0
28,79,Madrid,13-090-U,600,0,0,600,293,0,293,0,3,91,1,63,0,0,0,77,2,0,1,21,34,0
28,79,Madrid,13-091-U,734,0,0,734,415,0,415,0,7,90,0,124,0,0,1,116,7,6,0,19,44,1
28,79,Madrid,13-092-A,817,0,0,817,555,0,555,6,12,127,1,134,0,0,3,146,4,1,5,43,72,1
28,79,Madrid,13-092-B,785,0,0,785,523,0,523,6,5,119,2,120,0,1,1,157,4,7,2,35,60,4
28,79,Madrid,13-094-A,822,0,0,822,521,0,521,4,5,97,0,118,0,0,0,194,3,4,0,19,77,0
28,79,Madrid,13-094-B,742,0,0,742,520,0,520,2,5,84,0,122,0,1,2,172,7,4,1,25,93,2
28,79,Madrid,13-103-U,626,0,0,626,374,0,374,1,11,95,1,112,0,0,0,63,6,2,0,40,43,0
28,79,Madrid,13-104-A,623,0,0,623,406,0,406,2,5,111,1,99,0,0,0,109,3,1,0,22,51,2
28,79,Madrid,13-104-B,659,0,0,659,440,0,440,3,13,128,2,111,0,0,0,113,6,0,0,23,41,0
28,79,Madrid,13-108-A,673,0,0,673,441,0,441,5,7,115,0,100,0,0,0,141,4,2,1,18,48,0
28,79,Madrid,13-108-B,643,0,0,643,448,0,448,1,5,103,0,114,1,0,0,147,6,3,0,33,35,0
28,79,Madrid,13-109-A,815,0,0,815,564,0,564,3,4,165,0,142,0,0,1,166,3,3,0,27,49,1
28,79,Madrid,13-109-B,877,0,0,877,570,0,570,6,5,136,0,149,0,1,0,192,0,2,0,24,55,0
28,79,Madrid,13-110-U,601,0,0,601,367,0,367,3,2,77,2,121,1,0,2,114,1,1,0,18,24,1
28,79,Madrid,13-111-U,621,0,0,621,366,0,366,3,9,70,0,98,0,2,2,115,5,3,0,25,34,0
28,79,Madrid,13-112-A,457,0,0,457,286,0,286,2,4,60,0,85,0,0,0,81,4,2,0,24,24,0
28,79,Madrid,13-112-B,529,0,0,529,303,0,303,0,0,56,0,101,0,0,0,88,2,2,0,21,33,0
28,79,Madrid,13-115-A,757,0,0,757,465,0,465,2,6,105,1,133,0,0,1,120,1,4,0,39,53,0
28,79,Madrid,13-115-B,850,0,0,850,520,0,520,0,7,109,0,149,0,0,0,156,6,6,0,39,48,0
28,79,Madrid,13-116-U,612,0,0,612,425,0,425,3,2,99,0,115,0,0,2,126,3,5,1,29,39,1
28,79,Madrid,13-117-A,536,0,0,536,333,0,333,0,4,81,1,115,0,0,1,88,3,4,1,16,19,0
28,79,Madrid,13-117-B,568,0,0,568,344,0,344,6,4,85,0,115,1,0,1,74,4,5,1,22,24,2
28,79,Madrid,13-118-U,623,0,0,623,384,0,384,3,4,103,1,127,0,0,1,76,1,5,1,31,30,1
28,79,Madrid,13-119-U,875,0,0,875,571,0,571,1,4,177,0,139,0,2,2,149,6,4,1,34,52,0
28,79,Madrid,13-120-U,958,0,0,958,594,0,594,1,6,139,0,166,0,0,1,174,5,6,0,37,58,1
28,79,Madrid,13-121-U,627,1,0,628,383,0,383,2,9,83,0,118,1,1,0,102,5,3,1,24,33,1
28,79,Madrid,13-122-U,616,0,0,616,350,0,350,4,4,100,1,100,1,0,1,80,1,1,0,20,36,1
28,79,Madrid,13-123-A,469,0,0,469,296,0,296,1,1,80,0,83,0,0,1,64,3,7,0,26,28,2
28,79,Madrid,13-123-B,508,0,0,508,334,0,334,1,2,93,1,104,0,0,2,83,5,3,0,16,24,0
28,79,Madrid,13-124-A,489,0,0,489,284,0,284,5,3,74,0,87,0,0,0,73,2,0,0,17,23,0
28,79,Madrid,13-124-B,500,0,0,500,306,0,306,5,3,73,1,86,0,0,1,80,5,1,0,23,26,2
28,79,Madrid,13-125-U,750,0,0,750,414,0,414,1,3,97,2,126,2,0,0,109,2,0,1,34,35,2
28,79,Madrid,13-127-A,957,0,0,957,706,0,706,8,7,270,0,109,0,1,2,191,18,3,0,43,53,1
28,79,Madrid,13-127-B,858,0,0,858,622,0,622,8,7,240,0,89,0,0,1,175,13,4,0,40,44,1
28,79,Madrid,13-128-A,545,0,0,545,358,0,358,4,7,109,2,88,0,0,0,90,4,2,0,27,25,0
28,79,Madrid,13-128-B,500,0,0,500,326,0,326,4,2,99,1,80,0,0,2,87,4,5,0,14,28,0
28,79,Madrid,13-129-U,619,0,0,619,378,0,378,2,4,87,0,117,0,0,0,101,3,1,0,39,24,0
28,79,Madrid,13-131-U,529,0,0,529,302,0,302,2,5,69,4,74,0,0,3,86,2,5,0,20,31,1
28,79,Madrid,13-132-U,873,0,0,873,482,0,482,3,6,103,0,122,0,0,2,150,2,6,0,31,56,1
28,79,Madrid,13-133-U,781,0,0,781,452,0,452,24,6,87,1,123,0,0,2,127,6,4,0,34,37,1
28,79,Madrid,13-134-U,812,0,0,812,502,0,502,4,2,122,4,176,2,1,0,112,0,6,1,32,38,2
28,79,Madrid,13-135-U,657,0,0,657,428,0,428,1,4,116,0,109,0,0,1,127,0,8,0,28,34,0
28,79,Madrid,13-136-U,858,0,0,858,538,0,538,5,8,125,0,182,2,1,0,128,5,10,1,28,42,1
28,79,Madrid,13-137-A,643,0,0,643,450,0,450,0,5,164,0,83,0,0,3,124,4,6,1,26,34,0
28,79,Madrid,13-137-B,693,0,0,693,476,0,476,5,0,169,2,107,1,0,2,115,2,4,0,30,39,0
28,79,Madrid,13-138-U,654,0,0,654,378,0,378,1,2,73,0,120,0,0,2,106,5,6,0,33,30,0
28,79,Madrid,13-139-U,749,0,0,749,406,0,406,0,4,140,2,107,0,0,1,74,4,1,1,38,33,1
28,79,Madrid,13-140-A,616,0,0,616,385,0,385,1,9,104,2,81,1,0,0,113,4,5,1,21,42,1
28,79,Madrid,13-140-B,536,0,0,536,358,0,358,3,4,105,1,97,0,0,0,97,6,3,0,12,30,0
28,79,Madrid,13-142-A,520,0,0,520,312,0,312,4,4,94,0,76,0,0,0,77,1,3,0,21,31,1
28,79,Madrid,13-142-B,538,0,0,538,328,0,328,4,4,71,2,97,0,1,1,85,2,3,0,25,32,1
28,79,Madrid,13-143-U,563,0,0,563,405,0,405,2,2,135,1,122,0,0,1,88,5,1,0,24,24,0
28,79,Madrid,13-144-A,451,0,0,451,257,0,257,1,4,93,0,67,0,0,1,49,2,4,0,18,18,0
28,79,Madrid,13-144-B,514,0,0,514,296,0,296,5,6,93,0,69,0,0,0,78,1,3,0,22,18,1
28,79,Madrid,13-145-U,594,0,0,594,337,0,337,2,3,75,2,96,0,2,3,93,1,3,1,27,29,0
28,79,Madrid,13-146-U,747,0,0,747,417,0,417,0,8,140,1,119,0,2,0,67,5,3,0,27,44,1
28,79,Madrid,13-147-U,884,0,0,884,517,0,517,8,4,151,0,129,1,5,1,139,5,5,0,31,36,2
28,79,Madrid,13-148-U,833,0,0,833,479,0,479,5,3,121,1,156,0,1,1,122,4,2,0,27,35,1
28,79,Madrid,13-150-A,516,0,0,516,261,0,261,2,4,83,0,57,0,0,1,70,5,1,0,20,17,1
28,79,Madrid,13-150-B,516,0,0,516,253,0,253,3,2,55,0,88,0,0,1,56,0,3,0,16,28,1
28,79,Madrid,13-153-A,488,0,0,488,262,0,262,1,4,57,0,65,0,0,1,93,3,0,0,18,20,0
28,79,Madrid,13-153-B,494,0,0,494,259,0,259,6,2,52,0,61,0,0,1,81,0,1,0,33,22,0
28,79,Madrid,13-154-U,843,0,0,843,491,0,491,6,5,137,0,121,0,0,1,141,2,0,0,24,51,3
28,79,Madrid,13-155-A,768,0,0,768,428,0,428,5,5,111,2,109,1,1,0,123,8,8,0,21,34,0
28,79,Madrid,13-155-B,698,0,0,698,428,0,428,3,6,110,0,129,0,0,0,121,2,2,0,27,28,0
28,79,Madrid,13-156-U,630,0,0,630,390,0,390,3,6,124,1,95,0,0,0,100,6,4,0,20,28,3
28,79,Madrid,13-157-U,817,0,0,817,501,0,501,3,2,188,0,121,0,0,0,109,5,2,1,22,46,2
28,79,Madrid,13-158-A,727,0,0,727,437,0,437,6,6,134,0,100,0,0,0,110,6,2,0,29,44,0
28,79,Madrid,13-158-B,761,0,0,761,476,0,476,4,3,146,1,119,0,0,1,116,7,7,0,28,43,1
28,79,Madrid,13-160-A,728,0,0,728,467,0,467,1,7,120,1,125,0,0,3,120,7,3,0,31,49,0
28,79,Madrid,13-160-B,647,0,0,647,419,0,419,3,4,108,2,106,0,0,1,104,5,9,0,29,47,1
28,79,Madrid,13-161-U,839,0,0,839,559,0,559,5,7,246,3,129,0,0,0,93,2,0,0,46,26,2
28,79,Madrid,13-162-U,564,0,0,564,337,0,337,1,4,86,1,87,0,0,0,97,4,5,0,19,32,1
28,79,Madrid,13-163-U,721,0,0,721,490,0,490,8,4,155,0,148,0,1,0,96,5,2,0,39,32,0
28,79,Madrid,13-164-U,650,0,0,650,405,0,405,6,1,150,1,103,0,0,1,96,2,3,1,23,18,0
28,79,Madrid,13-166-A,593,0,0,593,321,0,321,1,1,99,0,82,0,0,0,82,1,1,0,18,36,0
28,79,Madrid,13-166-B,649,0,0,649,317,0,317,2,1,135,2,65,0,0,0,72,4,0,0,10,26,0
28,79,Madrid,13-168-A,692,0,0,692,384,0,384,3,2,108,0,98,0,0,1,100,5,3,0,29,31,4
28,79,Madrid,13-168-B,768,0,0,768,431,0,431,2,2,126,1,113,2,0,0,103,2,7,1,27,44,1
28,79,Madrid,13-169-U,890,0,0,890,507,0,507,2,3,165,3,104,0,1,1,140,5,6,0,32,42,3
28,79,Madrid,13-170-U,650,0,0,650,389,0,389,0,0,120,0,110,0,1,2,95,6,3,0,24,27,1
28,79,Madrid,13-171-U,667,0,0,667,409,0,409,4,2,153,1,84,0,2,1,83,6,3,0,29,41,0
28,79,Madrid,13-172-U,734,0,0,734,425,0,425,0,3,150,0,129,0,1,0,82,3,1,0,27,29,0
28,79,Madrid,13-173-U,673,0,0,673,339,0,339,0,5,107,2,93,0,0,0,80,2,2,1,23,24,0
28,79,Madrid,13-174-U,922,0,0,922,548,0,548,2,1,180,0,121,0,2,1,138,4,3,2,38,56,0
28,79,Madrid,13-175-U,875,0,0,875,484,0,484,7,5,132,3,125,0,0,2,137,7,4,0,21,41,0
28,79,Madrid,13-176-U,684,0,0,684,367,0,367,2,3,98,0,114,0,0,1,89,6,3,0,20,30,1
28,79,Madrid,13-177-U,715,0,0,715,382,0,382,0,4,112,4,126,0,0,1,89,4,6,0,17,17,2
28,79,Madrid,13-178-U,915,0,0,915,503,0,503,2,2,139,1,137,1,2,0,129,4,8,0,37,39,2
28,79,Madrid,13-179-U,504,0,0,504,307,0,307,1,1,73,0,104,0,0,0,86,1,1,0,15,25,0
28,79,Madrid,13-180-U,785,0,0,785,450,0,450,7,6,141,3,92,0,0,0,105,6,8,0,41,41,0
28,79,Madrid,13-181-U,968,0,0,968,576,0,576,7,7,142,2,191,0,1,1,131,3,1,0,46,44,0
28,79,Madrid,13-182-U,899,0,0,899,644,0,644,3,4,294,1,117,0,2,1,148,13,2,0,20,39,0
28,79,Madrid,13-183-A,488,0,0,488,348,0,348,5,3,157,1,59,0,0,0,79,3,3,0,23,15,0
28,79,Madrid,13-183-B,508,0,0,508,346,0,346,5,3,133,1,74,0,1,0,98,3,2,1,12,13,0
28,79,Madrid,13-184-A,658,0,0,658,409,0,409,5,3,136,0,79,0,0,0,114,2,7,1,39,23,0
28,79,Madrid,13-184-B,624,0,0,624,416,0,416,9,3,143,0,87,0,0,2,88,2,6,0,27,48,1
28,79,Madrid,13-185-U,949,0,0,949,520,0,520,2,3,183,0,142,1,1,2,98,2,5,0,44,37,0
28,79,Madrid,13-186-A,741,0,0,741,402,0,402,2,2,133,0,87,2,2,0,97,5,2,0,29,38,3
28,79,Madrid,13-186-B,695,0,0,695,386,0,386,1,2,124,0,94,0,0,1,98,8,3,1,23,30,1
28,79,Madrid,13-187-A,565,0,0,565,297,0,297,1,1,95,2,58,0,1,1,83,1,4,0,15,35,0
28,79,Madrid,13-187-B,525,0,0,525,269,0,269,1,2,95,3,56,0,0,3,63,2,2,0,18,24,0
28,79,Madrid,13-189-U,681,0,0,681,382,0,382,4,3,136,1,84,0,2,2,90,3,0,0,26,30,1
28,79,Madrid,13-190-A,607,0,0,607,342,0,342,7,1,109,2,66,1,0,0,89,2,4,0,23,38,0
28,79,Madrid,13-190-B,554,0,0,554,328,0,328,10,3,87,0,66,0,0,1,106,1,2,1,16,35,0
28,79,Madrid,13-191-A,705,0,0,705,467,0,467,5,8,160,1,96,1,0,1,115,1,1,1,42,34,1
28,79,Madrid,13-191-B,757,0,0,757,498,0,498,5,0,188,1,103,0,0,0,116,12,5,1,36,30,1
28,79,Madrid,13-192-U,824,0,0,824,451,0,451,3,8,146,1,123,0,1,0,93,4,0,0,31,40,1
28,79,Madrid,13-193-U,861,0,0,861,468,0,468,3,5,147,1,103,0,2,3,123,3,4,0,37,35,2
28,79,Madrid,13-194-U,922,0,0,922,446,0,446,2,1,113,0,88,0,1,1,136,3,7,0,38,53,3
28,79,Madrid,13-195-U,757,0,0,757,456,0,456,2,6,117,0,109,0,0,1,130,5,4,0,27,53,2
28,79,Madrid,13-196-U,750,0,0,750,444,0,444,2,3,124,2,87,0,0,0,143,2,5,0,30,43,3
28,79,Madrid,13-197-U,912,0,0,912,549,0,549,6,3,188,1,102,0,1,0,151,7,1,1,39,49,0
28,79,Madrid,13-198-A,474,0,0,474,309,0,309,4,3,81,0,73,0,1,0,86,2,3,1,19,36,0
28,79,Madrid,13-198-B,530,0,0,530,327,0,327,6,1,85,0,72,0,0,2,90,1,6,0,23,41,0
28,79,Madrid,13-199-A,653,0,0,653,478,0,478,3,2,153,1,100,0,1,0,134,6,2,0,21,55,0
28,79,Madrid,13-199-B,665,0,0,665,530,0,530,5,6,167,0,120,0,0,0,145,9,3,0,28,47,0
28,79,Madrid,13-200-A,566,0,0,566,313,0,313,5,4,75,2,81,0,1,0,73,2,6,0,26,38,0
28,79,Madrid,13-200-B,550,0,0,550,326,0,326,4,5,74,0,78,0,1,0,99,2,6,0,33,24,0
28,79,Madrid,13-201-U,827,0,0,827,472,0,472,5,3,155,1,110,0,1,0,101,0,7,0,36,53,0
28,79,Madrid,13-202-A,580,0,0,580,406,0,406,0,3,172,0,80,0,0,0,96,4,4,1,23,23,0
28,79,Madrid,13-202-B,646,0,0,646,454,0,454,4,1,176,0,110,0,0,0,113,10,0,0,20,20,0
28,79,Madrid,13-203-A,607,0,0,607,491,0,491,6,7,99,0,102,0,0,1,184,1,3,0,16,72,0
28,79,Madrid,13-203-B,588,0,0,588,463,0,463,2,2,93,0,84,0,0,0,177,3,4,0,14,84,0
28,79,Madrid,13-204-A,639,0,0,639,497,0,497,3,3,122,1,92,0,0,1,183,6,4,0,21,59,2
28,79,Madrid,13-204-B,596,0,0,596,468,0,468,4,9,99,1,90,0,2,1,181,4,2,0,17,57,1
28,79,Madrid,13-205-A,496,0,0,496,367,0,367,1,8,67,1,75,0,0,0,130,10,1,0,15,57,2
28,79,Madrid,13-205-B,503,0,0,503,381,0,381,1,4,79,0,74,0,1,2,145,8,0,0,12,54,1
28,79,Madrid,13-206-A,907,0,0,907,563,0,563,6,5,150,3,159,1,1,2,136,8,11,0,33,47,1
28,79,Madrid,13-206-B,955,0,0,955,570,0,570,1,11,124,0,158,0,0,2,152,4,6,0,50,59,3
28,79,Madrid,13-207-A,816,0,0,816,663,0,663,8,8,156,2,150,0,1,4,233,6,4,0,26,64,1
28,79,Madrid,13-207-B,898,0,0,898,726,0,726,8,7,168,2,150,0,1,2,256,8,5,0,27,90,2
28,79,Madrid,13-208-A,723,0,0,723,570,0,570,7,8,134,0,127,0,0,2,193,11,4,0,19,64,1
28,79,Madrid,13-208-B,708,0,0,708,563,0,563,4,4,123,3,132,0,0,0,196,10,4,0,18,69,0
28,79,Madrid,13-209-A,602,0,0,602,456,0,456,3,9,108,1,94,0,1,0,161,3,3,0,19,53,1
28,79,Madrid,13-209-B,642,0,0,642,489,0,489,5,10,111,0,116,0,1,2,162,3,3,0,21,55,0
28,79,Madrid,13-210-A,936,0,0,936,488,0,488,5,7,102,1,130,0,0,0,156,7,3,1,35,41,0
28,79,Madrid,13-210-B,904,0,0,904,483,0,483,8,4,107,0,119,0,0,2,143,3,3,0,34,57,3
28,79,Madrid,13-211-U,824,0,0,824,512,0,512,1,5,129,0,130,0,1,0,164,6,4,1,31,40,0
28,79,Madrid,13-212-U,698,0,0,698,511,0,511,4,2,223,0,107,0,0,1,107,8,3,0,26,28,2
28,79,Madrid,13-213-A,510,0,0,510,347,0,347,1,10,75,2,83,0,1,0,117,4,3,0,15,35,1
28,79,Madrid,13-213-B,508,0,0,508,368,0,368,0,3,101,2,84,0,0,0,122,2,1,0,19,33,1
28,79,Madrid,13-214-U,918,0,0,918,369,0,369,2,2,99,1,103,1,0,0,96,2,2,0,32,26,3
28,79,Madrid,13-215-U,701,0,0,701,365,0,365,2,2,90,4,101,0,0,1,93,2,6,1,26,33,4
28,79,Madrid,13-216-A,825,0,0,825,540,0,540,7,3,198,1,78,0,1,3,179,10,1,0,32,26,1
28,79,Madrid,13-216-B,907,0,0,907,623,0,623,8,8,221,0,75,0,0,3,181,13,3,1,66,42,2
28,79,Madrid,13-217-U,828,0,0,828,449,0,449,1,4,115,1,98,0,1,0,142,7,3,2,22,50,3
28,79,Madrid,14-002-U,967,0,0,967,584,0,584,7,9,188,1,137,1,1,1,148,6,5,1,49,28,2
28,79,Madrid,14-003-U,955,0,0,955,596,0,596,11,6,224,3,128,0,0,0,138,6,5,1,34,37,3
28,79,Madrid,14-004-U,942,0,0,942,644,0,644,5,6,245,2,121,0,1,1,164,5,5,0,45,43,1
28,79,Madrid,14-005-U,568,0,0,568,438,0,438,2,2,165,0,122,0,0,1,94,8,3,1,15,25,0
28,79,Madrid,14-006-U,505,0,0,505,324,0,324,6,2,124,0,73,0,0,1,72,4,3,0,22,17,0
28,79,Madrid,14-010-A,485,0,0,485,374,0,374,3,3,146,1,88,0,0,0,77,10,0,0,19,27,0
28,79,Madrid,14-010-B,533,0,0,533,413,0,413,4,6,179,1,70,0,0,0,95,6,2,0,27,23,0
28,79,Madrid,14-012-A,535,0,0,535,385,0,385,3,3,172,3,97,0,0,1,67,6,1,0,11,21,0
28,79,Madrid,14-012-B,558,0,0,558,406,0,406,4,6,183,2,69,0,0,0,89,5,0,0,30,18,0
28,79,Madrid,14-013-U,808,0,0,808,616,0,616,4,5,337,3,99,0,0,1,96,9,0,0,19,43,0
28,79,Madrid,14-014-U,535,0,0,535,412,0,412,2,1,216,0,54,0,0,0,84,4,0,1,21,27,2
28,79,Madrid,14-015-U,699,0,0,699,540,0,540,6,3,243,0,86,0,0,1,114,5,2,0,46,33,1
28,79,Madrid,14-016-U,583,0,0,583,435,0,435,2,1,188,0,76,0,0,0,110,8,2,0,27,21,0
28,79,Madrid,14-017-U,609,0,0,609,458,0,458,4,5,244,0,68,0,0,1,79,6,1,1,31,18,0
28,79,Madrid,14-018-U,882,0,0,882,683,0,683,2,8,334,1,122,0,0,0,123,15,1,0,52,25,0
28,79,Madrid,14-020-A,630,0,0,630,480,0,480,5,3,252,1,81,0,1,2,80,8,2,0,22,23,0
28,79,Madrid,14-020-B,573,0,0,573,436,0,436,4,3,202,0,77,0,1,0,90,8,3,0,18,29,1
28,79,Madrid,14-021-U,746,0,0,746,579,0,579,10,5,306,2,90,0,0,0,90,9,6,1,37,23,0
28,79,Madrid,14-022-U,690,0,0,690,523,0,523,4,0,316,5,72,0,1,0,67,3,1,0,32,22,0
28,79,Madrid,14-024-A,555,0,0,555,429,0,429,3,2,238,0,70,0,0,0,58,5,1,0,31,21,0
28,79,Madrid,14-024-B,621,0,0,621,484,0,484,6,4,293,0,59,0,0,1,64,7,2,0,33,15,0
28,79,Madrid,14-025-U,877,0,0,877,598,0,598,7,3,297,0,99,2,2,0,119,13,7,0,25,23,1
28,79,Madrid,14-026-U,657,0,0,657,466,0,466,7,3,179,1,82,0,0,1,124,9,5,0,24,28,3
28,79,Madrid,14-027-U,802,0,0,802,540,0,540,5,6,220,2,111,0,1,0,116,6,6,1,30,31,5
28,79,Madrid,14-028-U,715,0,0,715,420,0,420,3,2,131,0,94,0,0,1,120,5,8,0,22,33,1
28,79,Madrid,14-029-U,659,0,0,659,461,0,461,6,6,190,1,79,0,0,2,113,2,8,1,24,27,2
28,79,Madrid,14-030-A,665,0,0,665,505,0,505,8,4,246,0,96,0,0,0,70,15,4,0,41,21,0
28,79,Madrid,14-030-B,707,0,0,707,548,1,549,3,3,292,1,82,0,0,0,96,6,5,0,38,21,2
28,79,Madrid,14-031-U,732,0,0,732,523,0,523,5,4,255,1,77,0,1,2,101,12,2,1,36,26,0
28,79,Madrid,14-032-U,823,0,0,823,590,0,590,0,4,309,1,99,0,1,2,105,8,2,1,24,32,2
28,79,Madrid,14-033-U,535,0,0,535,360,1,361,0,3,146,4,77,0,0,0,86,6,2,1,14,22,0
28,79,Madrid,14-034-U,708,0,0,708,510,1,511,2,3,270,1,84,0,0,0,80,5,0,1,32,33,0
28,79,Madrid,14-035-U,492,0,0,492,331,0,331,2,0,124,6,69,0,0,0,85,2,4,1,17,20,1
28,79,Madrid,14-036-U,767,0,0,767,523,0,523,7,5,199,2,125,0,0,1,114,11,4,0,21,32,2
28,79,Madrid,14-037-U,679,0,0,679,467,0,467,3,8,193,1,62,0,1,0,106,7,4,1,38,40,3
28,79,Madrid,14-038-U,555,0,0,555,370,0,370,8,5,142,1,75,0,1,1,87,6,2,0,13,29,0
28,79,Madrid,14-039-U,822,0,0,822,550,0,550,3,4,210,1,133,0,1,0,117,8,3,0,27,42,1
28,79,Madrid,14-040-A,684,0,0,684,494,0,494,3,1,229,2,83,0,0,0,105,9,1,0,33,28,0
28,79,Madrid,14-040-B,739,0,0,739,564,0,564,9,3,260,5,72,0,0,0,115,5,2,0,44,47,2
28,79,Madrid,14-041-U,710,0,0,710,573,0,573,4,3,315,0,86,1,0,0,83,12,0,0,39,30,0
28,79,Madrid,14-042-U,905,1,0,906,754,0,754,11,3,461,4,88,0,0,0,107,16,1,0,31,30,2
28,79,Madrid,14-043-U,629,0,0,629,467,0,467,2,4,229,2,67,0,0,0,84,7,3,0,36,31,2
28,79,Madrid,14-044-U,723,0,0,723,478,0,478,4,5,235,0,70,0,0,0,98,9,3,0,31,22,1
28,79,Madrid,14-045-U,717,0,0,717,423,0,423,2,5,187,3,73,0,0,0,93,3,2,0,21,33,1
28,79,Madrid,14-046-U,828,0,0,828,538,0,538,4,7,185,0,131,0,0,2,135,2,1,0,31,39,1
28,79,Madrid,14-047-U,796,0,0,796,460,0,460,5,7,150,3,103,0,0,0,123,8,7,1,24,28,1
28,79,Madrid,14-048-U,812,0,0,812,487,0,487,4,3,191,3,108,0,0,1,95,4,5,0,32,39,2
28,79,Madrid,14-049-U,838,0,0,838,520,0,520,2,6,188,3,117,0,1,0,131,7,4,0,33,26,2
28,79,Madrid,14-050-U,791,0,0,791,484,0,484,5,9,180,0,127,0,1,2,105,5,5,0,25,20,0
28,79,Madrid,14-051-U,704,0,0,704,452,0,452,5,6,153,1,111,0,1,0,98,3,9,0,31,33,1
28,79,Madrid,14-052-U,685,0,0,685,425,0,425,6,4,131,2,100,0,0,0,113,9,4,1,33,22,0
28,79,Madrid,14-053-U,560,0,0,560,339,0,339,0,4,120,2,68,1,0,1,88,3,3,0,25,23,1
28,79,Madrid,14-054-U,785,0,0,785,457,0,457,6,3,135,1,108,0,2,0,134,7,3,0,36,22,0
28,79,Madrid,14-055-U,660,0,0,660,441,0,441,4,1,172,2,106,0,0,1,87,8,5,0,29,24,2
28,79,Madrid,14-056-U,555,0,0,555,341,0,341,8,1,127,0,92,2,1,0,62,5,2,1,22,18,0
28,79,Madrid,14-057-U,741,0,0,741,500,0,500,0,9,156,3,125,0,0,1,121,10,4,0,39,29,3
28,79,Madrid,14-058-U,651,0,0,651,435,0,435,4,3,167,1,120,0,0,0,81,6,0,0,26,27,0
28,79,Madrid,14-059-U,965,0,0,965,561,0,561,2,6,205,0,125,0,0,0,136,11,4,0,27,43,2
28,79,Madrid,14-060-U,564,0,0,564,413,1,414,4,2,193,1,64,0,0,2,69,9,0,0,40,29,1
28,79,Madrid,14-061-A,526,0,0,526,404,1,405,5,4,198,2,70,0,0,0,81,7,2,0,16,20,0
28,79,Madrid,14-061-B,500,0,0,500,376,0,376,5,4,159,3,69,0,1,1,72,19,3,0,15,25,0
28,79,Madrid,14-062-U,752,0,0,752,516,0,516,9,6,141,2,146,1,0,0,126,11,8,0,32,33,1
28,79,Madrid,14-063-U,746,0,0,746,548,0,548,2,2,308,0,125,0,0,1,28,17,4,0,28,33,0
28,79,Madrid,14-064-A,656,0,0,656,455,0,455,3,2,201,1,80,0,0,0,92,6,6,0,23,41,0
28,79,Madrid,14-064-B,703,0,0,703,482,0,482,4,0,212,2,87,0,0,0,106,7,9,0,21,33,1
28,79,Madrid,14-065-U,702,0,0,702,484,1,485,8,1,210,0,107,0,0,1,95,7,4,0,28,23,1
28,79,Madrid,14-067-A,654,0,0,654,405,0,405,6,3,124,2,92,0,1,0,113,2,5,0,23,27,7
28,79,Madrid,14-067-B,595,0,0,595,351,0,351,2,2,111,0,94,0,0,0,88,3,1,0,24,25,1
28,79,Madrid,14-069-A,487,0,0,487,303,0,303,6,3,127,0,61,0,0,0,72,4,4,0,9,17,0
28,79,Madrid,14-069-B,520,0,0,520,343,0,343,0,2,156,0,72,0,1,0,57,3,4,0,25,21,2
28,79,Madrid,14-070-U,645,0,0,645,426,0,426,5,7,163,2,85,0,0,0,104,9,1,0,19,31,0
28,79,Madrid,14-071-U,764,0,0,764,556,0,556,6,6,229,3,118,0,0,2,116,6,4,0,34,29,3
28,79,Madrid,14-072-U,695,0,0,695,500,0,500,4,4,237,5,96,0,0,1,86,4,3,0,28,30,2
28,79,Madrid,14-073-U,781,0,0,781,537,0,537,0,0,204,0,128,0,0,1,114,5,5,0,29,51,0
28,79,Madrid,14-075-U,650,0,0,650,438,0,438,4,3,169,0,92,0,2,0,98,4,3,0,24,39,0
28,79,Madrid,14-076-U,674,0,0,674,457,0,457,3,4,184,2,94,0,0,0,103,5,2,0,25,35,0
28,79,Madrid,14-077-A,563,0,0,563,386,0,386,6,1,144,1,75,0,0,0,99,3,6,0,15,36,0
28,79,Madrid,14-077-B,545,0,0,545,366,0,366,3,5,144,1,66,0,0,1,101,5,1,0,19,18,2
28,79,Madrid,14-079-A,513,0,0,513,333,0,333,10,2,125,1,82,0,0,0,71,6,1,0,21,13,1
28,79,Madrid,14-079-B,479,0,0,479,320,0,320,5,1,128,1,72,0,2,0,63,8,1,0,17,21,1
28,79,Madrid,14-080-A,503,0,0,503,409,0,409,3,2,184,0,86,0,0,1,82,12,3,0,29,7,0
28,79,Madrid,14-080-B,525,0,0,525,421,1,422,7,2,196,2,80,0,0,2,75,20,0,0,22,16,0
28,79,Madrid,14-081-U,725,0,0,725,538,1,539,6,6,190,0,105,0,1,0,156,6,3,0,44,22,0
28,79,Madrid,14-082-U,878,0,0,878,339,0,339,2,6,109,1,103,0,0,0,62,6,2,1,31,16,0
28,79,Madrid,14-083-A,610,0,0,610,350,0,350,5,2,122,0,84,1,0,1,65,1,6,0,32,30,1
28,79,Madrid,14-083-B,601,0,0,601,350,0,350,2,2,109,0,100,0,0,0,71,7,2,1,27,29,0
28,79,Madrid,14-084-U,860,0,0,860,663,0,663,7,5,300,4,111,0,0,2,153,4,0,1,38,38,0
28,79,Madrid,14-085-A,608,0,0,608,491,0,491,3,1,286,0,82,0,0,0,72,8,3,0,16,20,0
28,79,Madrid,14-085-B,597,0,0,597,479,0,479,8,0,216,0,87,0,0,0,89,13,0,1,36,28,1
28,79,Madrid,14-086-A,835,0,0,835,521,0,521,7,6,169,1,102,0,1,1,151,7,7,0,40,29,0
28,79,Madrid,14-086-B,887,0,0,887,564,0,564,7,8,198,1,89,0,0,1,172,12,5,0,27,44,0
28,79,Madrid,14-087-A,528,0,0,528,393,0,393,9,4,182,1,60,0,0,0,89,12,1,0,19,16,0
28,79,Madrid,14-087-B,581,0,0,581,470,0,470,3,1,219,2,73,0,0,0,101,13,1,0,33,24,0
28,79,Madrid,14-088-U,849,0,0,849,656,0,656,1,4,238,3,162,0,0,0,164,6,3,0,35,39,1
28,79,Madrid,14-089-A,573,0,0,573,426,0,426,8,3,171,4,79,0,0,1,105,7,4,0,24,20,0
28,79,Madrid,14-089-B,530,0,0,530,380,0,380,9,1,148,1,67,0,1,0,100,10,3,0,26,13,1
28,79,Madrid,14-090-A,523,0,0,523,346,0,346,6,8,157,2,53,0,0,2,73,9,1,1,23,11,0
28,79,Madrid,14-090-B,558,0,0,558,364,0,364,5,8,132,1,59,0,0,1,95,14,1,2,25,19,2
28,79,Madrid,14-091-A,749,0,0,749,615,0,615,10,3,234,4,119,0,0,1,160,15,2,0,29,34,4
28,79,Madrid,14-091-B,848,0,0,848,673,0,673,8,7,252,1,121,0,0,1,176,19,1,1,39,46,1
28,79,Madrid,14-092-A,509,0,0,509,335,0,335,4,3,129,0,58,0,0,0,87,9,1,0,26,18,0
28,79,Madrid,14-092-B,517,0,0,517,345,0,345,4,2,135,3,67,0,0,1,80,9,2,2,22,18,0
28,79,Madrid,14-093-A,524,0,0,524,375,0,375,2,2,196,0,63,0,0,0,69,10,2,0,19,12,0
28,79,Madrid,14-093-B,587,0,0,587,427,0,427,5,2,232,1,55,0,0,0,69,13,1,1,32,15,1
28,79,Madrid,14-094-A,684,0,0,684,556,0,556,3,4,290,1,84,0,0,0,116,11,0,1,25,20,1
28,79,Madrid,14-094-B,717,0,0,717,600,0,600,6,12,287,1,113,0,0,0,119,12,0,0,24,26,0
28,79,Madrid,14-095-U,678,0,0,678,537,0,537,2,2,279,2,88,0,0,2,107,12,0,0,23,19,1
28,79,Madrid,15-001-U,824,0,0,824,579,0,579,3,2,275,0,90,1,0,0,137,8,1,1,33,27,1
28,79,Madrid,15-002-U,713,0,0,713,453,0,453,3,5,232,1,77,0,0,0,82,4,4,0,25,18,2
28,79,Madrid,15-003-U,782,0,0,782,551,0,551,9,6,227,3,110,0,0,3,112,11,1,2,29,37,1
28,79,Madrid,15-005-U,668,0,0,668,478,0,478,1,0,205,1,89,0,1,2,116,4,3,0,25,31,0
28,79,Madrid,15-006-A,512,0,0,512,325,0,325,0,3,122,1,65,0,1,1,75,2,3,0,32,20,0
28,79,Madrid,15-006-B,493,0,0,493,307,0,307,2,1,116,0,63,0,0,1,79,3,4,0,17,20,1
28,79,Madrid,15-008-A,765,0,0,765,492,0,492,2,7,181,3,122,0,1,1,121,4,1,0,27,22,0
28,79,Madrid,15-008-B,759,0,0,759,486,0,486,5,3,223,1,90,1,0,0,109,1,4,1,23,25,0
28,79,Madrid,15-009-U,909,0,0,909,512,0,512,5,9,176,0,98,0,0,1,142,5,3,1,35,31,6
28,79,Madrid,15-010-U,642,0,0,642,366,0,366,3,3,139,2,82,0,2,5,77,4,5,0,19,25,0
28,79,Madrid,15-011-U,960,0,0,960,560,0,560,5,8,193,2,132,0,0,2,137,2,4,2,31,40,2
28,79,Madrid,15-012-U,644,0,0,644,427,0,427,1,0,149,1,88,0,0,0,121,12,1,3,24,27,0
28,79,Madrid,15-013-U,718,0,0,718,447,0,447,4,5,149,0,89,0,0,0,126,6,7,1,23,37,0
28,79,Madrid,15-014-U,906,0,0,906,574,0,574,3,3,218,1,114,0,1,1,131,8,6,0,40,46,2
28,79,Madrid,15-015-U,540,0,0,540,340,0,340,0,5,142,2,94,0,0,1,54,5,3,0,15,19,0
28,79,Madrid,15-016-U,844,0,0,844,462,0,462,6,5,183,1,98,0,0,0,112,1,2,0,30,22,2
28,79,Madrid,15-017-U,610,0,0,610,383,0,383,1,0,180,2,80,0,0,0,76,4,2,1,22,13,2
28,79,Madrid,15-018-U,622,0,0,622,373,0,373,1,3,153,1,76,0,0,0,84,4,5,0,19,26,1
28,79,Madrid,15-019-U,613,0,0,613,372,0,372,1,3,153,0,77,0,1,0,90,5,3,1,22,16,0
28,79,Madrid,15-020-U,719,0,0,719,423,0,423,4,0,176,1,81,0,1,0,91,7,1,0,29,31,1
28,79,Madrid,15-021-U,538,0,0,538,321,0,321,2,2,133,1,89,0,1,0,50,1,1,0,27,14,0
28,79,Madrid,15-022-U,885,0,0,885,542,0,542,4,7,192,0,129,0,1,1,119,12,3,2,36,36,0
28,79,Madrid,15-023-A,585,0,0,585,396,0,396,2,1,148,2,92,0,0,0,96,11,2,1,14,27,0
28,79,Madrid,15-023-B,567,0,0,567,345,0,345,3,1,121,2,94,0,2,0,72,6,5,1,15,22,1
28,79,Madrid,15-024-U,840,0,0,840,610,0,610,2,11,251,3,115,0,2,1,132,11,3,0,31,47,1
28,79,Madrid,15-025-U,978,0,0,978,677,0,677,10,6,317,3,112,0,0,1,137,9,4,0,24,54,0
28,79,Madrid,15-026-U,673,0,0,673,396,0,396,5,3,166,0,78,0,0,1,84,3,4,0,29,23,0
28,79,Madrid,15-027-U,699,0,0,699,455,0,455,10,5,193,1,57,0,1,0,119,5,3,0,24,37,0
28,79,Madrid,15-028-U,702,0,0,702,495,0,495,5,2,253,0,62,0,2,0,96,9,4,0,41,19,2
28,79,Madrid,15-029-U,877,0,0,877,585,0,585,9,4,255,1,111,1,1,0,140,4,1,0,32,25,1
28,79,Madrid,15-030-U,972,0,0,972,728,0,728,10,7,388,0,122,1,0,0,107,9,5,0,51,27,1
28,79,Madrid,15-031-U,889,0,0,889,640,0,640,1,3,358,0,88,0,0,1,109,14,2,0,28,34,2
28,79,Madrid,15-032-U,991,0,0,991,723,0,723,6,1,319,0,86,0,1,2,171,25,8,0,51,52,1
28,79,Madrid,15-033-A,531,0,0,531,349,0,349,2,1,170,0,73,0,0,1,51,4,1,0,30,16,0
28,79,Madrid,15-033-B,543,0,0,543,356,0,356,0,0,177,0,73,0,1,0,61,6,1,0,23,14,0
28,79,Madrid,15-034-U,637,0,0,637,411,0,411,7,5,164,0,87,1,0,1,81,12,2,0,25,25,1
28,79,Madrid,15-035-U,943,0,0,943,663,0,663,3,9,278,2,109,0,0,0,165,8,2,1,49,36,1
28,79,Madrid,15-036-U,676,0,0,676,421,0,421,2,5,188,0,73,0,1,2,94,4,2,0,24,23,3
28,79,Madrid,15-037-U,906,0,0,906,532,0,532,6,5,249,0,93,0,1,0,104,7,5,1,31,28,2
28,79,Madrid,15-038-A,677,0,0,677,452,0,452,4,6,187,1,72,0,1,1,115,9,3,0,21,31,1
28,79,Madrid,15-038-B,662,0,0,662,426,0,426,2,5,180,1,76,0,0,0,98,6,1,1,33,22,1
28,79,Madrid,15-039-A,597,0,0,597,360,0,360,1,1,172,0,63,1,1,1,64,9,3,1,28,14,1
28,79,Madrid,15-039-B,576,0,0,576,349,0,349,1,4,165,1,59,1,0,0,70,2,7,1,23,13,2
28,79,Madrid,15-040-A,592,0,0,592,388,0,388,2,2,164,2,86,0,0,1,88,5,2,1,25,9,1
28,79,Madrid,15-040-B,538,0,0,538,317,0,317,5,7,136,5,64,0,0,0,62,1,0,0,23,14,0
28,79,Madrid,15-041-A,608,0,0,608,371,0,371,2,2,164,0,66,0,0,2,81,6,4,1,25,18,0
28,79,Madrid,15-041-B,607,0,0,607,371,0,371,7,8,144,0,74,0,0,0,78,3,4,1,25,27,0
28,79,Madrid,15-042-A,715,0,0,715,521,0,521,4,11,184,4,86,0,2,2,107,9,6,0,36,64,6
28,79,Madrid,15-042-B,631,0,0,631,430,0,430,3,16,150,0,71,0,0,2,118,8,5,0,31,24,2
28,79,Madrid,15-043-U,923,0,0,923,566,0,566,5,7,245,3,114,0,1,1,116,18,3,0,31,22,0
28,79,Madrid,15-044-A,525,7,0,532,372,0,372,6,2,165,0,70,0,0,0,65,11,2,1,23,25,2
28,79,Madrid,15-044-B,514,0,0,514,330,0,330,1,6,148,0,66,0,0,0,55,9,0,0,27,17,1
28,79,Madrid,15-045-U,860,0,0,860,550,0,550,3,3,254,2,102,0,0,0,100,14,2,0,43,27,0
28,79,Madrid,15-046-A,522,0,0,522,331,0,331,2,1,133,1,70,0,0,0,77,8,5,0,13,20,1
28,79,Madrid,15-046-B,539,0,0,539,328,0,328,0,2,150,0,81,0,0,1,50,9,1,0,14,20,0
28,79,Madrid,15-047-U,656,0,0,656,399,0,399,1,6,157,4,97,0,1,0,92,4,1,0,22,14,0
28,79,Madrid,15-048-U,868,0,0,868,503,0,503,3,4,244,0,99,0,1,1,79,8,3,1,36,23,1
28,79,Madrid,15-049-U,908,0,0,908,511,0,511,2,1,197,2,119,0,0,0,97,6,7,0,42,36,2
28,79,Madrid,15-050-U,933,0,0,933,575,0,575,3,10,286,1,102,1,0,0,98,7,5,0,40,21,1
28,79,Madrid,15-051-A,608,0,0,608,376,0,376,2,6,145,1,81,0,1,1,91,6,4,0,18,19,1
28,79,Madrid,15-051-B,647,0,0,647,424,0,424,2,4,160,3,104,0,1,0,94,6,1,1,21,27,0
28,79,Madrid,15-052-U,547,0,0,547,324,0,324,4,3,127,1,67,0,0,0,75,7,2,0,15,23,0
28,79,Madrid,15-053-A,506,0,0,506,288,0,288,0,7,110,1,53,0,0,1,68,5,1,0,30,11,1
28,79,Madrid,15-053-B,539,0,0,539,322,0,322,2,5,129,2,61,0,0,0,68,2,7,0,25,20,1
28,79,Madrid,15-054-A,557,0,0,557,346,0,346,2,8,162,0,75,0,0,0,66,3,4,0,15,11,0
28,79,Madrid,15-054-B,565,0,0,565,348,0,348,2,3,153,2,68,0,0,0,67,8,3,0,26,13,3
28,79,Madrid,15-056-A,551,0,0,551,356,0,356,3,2,149,1,77,0,0,0,47,5,7,1,35,28,1
28,79,Madrid,15-056-B,498,0,0,498,318,0,318,9,6,134,2,68,0,0,0,58,7,3,0,16,14,1
28,79,Madrid,15-057-A,488,0,0,488,317,0,317,1,4,125,0,74,0,0,0,79,4,1,0,13,16,0
28,79,Madrid,15-057-B,538,0,0,538,314,0,314,3,4,153,0,62,0,0,0,41,1,1,0,26,22,1
28,79,Madrid,15-058-U,819,0,0,819,503,0,503,0,11,179,3,101,0,0,1,141,2,6,2,28,27,2
28,79,Madrid,15-059-U,634,0,0,634,358,0,358,5,1,132,2,74,0,1,0,79,6,0,0,30,28,0
28,79,Madrid,15-060-U,764,0,0,764,446,0,446,4,4,174,2,95,0,0,0,101,10,1,0,30,25,0
28,79,Madrid,15-061-A,485,0,0,485,310,0,310,2,2,129,1,62,0,1,1,67,5,3,0,20,16,1
28,79,Madrid,15-061-B,510,0,0,510,316,0,316,1,4,156,0,48,2,0,0,60,10,0,0,16,18,1
28,79,Madrid,15-062-A,828,0,0,828,571,0,571,4,1,249,2,115,1,1,0,116,8,3,1,39,31,0
28,79,Madrid,15-062-B,879,0,0,879,617,0,617,6,8,261,3,130,1,0,0,130,11,3,0,36,26,2
28,79,Madrid,15-065-A,532,0,0,532,373,0,373,5,8,168,0,68,0,0,0,85,4,3,0,13,19,0
28,79,Madrid,15-065-B,607,0,0,607,451,0,451,1,1,180,2,78,2,0,3,125,13,4,0,16,26,0
28,79,Madrid,15-066-U,531,0,0,531,392,0,392,2,1,164,0,86,0,1,0,74,5,3,0,23,31,2
28,79,Madrid,15-067-U,802,0,0,802,591,0,591,2,4,248,4,139,0,1,0,115,4,9,0,28,37,0
28,79,Madrid,15-068-A,503,0,0,503,398,0,398,3,9,176,0,76,0,0,0,90,6,6,0,20,12,0
28,79,Madrid,15-068-B,503,0,0,503,392,0,392,2,2,167,0,67,0,1,1,99,4,1,0,32,16,0
28,79,Madrid,15-069-A,791,0,0,791,614,0,614,9,8,317,0,83,0,1,0,124,17,5,0,27,23,0
28,79,Madrid,15-069-B,776,0,0,776,576,0,576,8,4,295,0,81,0,1,1,110,14,5,0,40,16,1
28,79,Madrid,15-070-A,860,0,0,860,673,0,673,6,4,312,0,132,0,2,0,147,12,2,2,25,29,0
28,79,Madrid,15-070-B,956,0,0,956,715,0,715,8,3,365,2,125,0,0,0,143,13,5,2,18,31,0
28,79,Madrid,15-071-U,928,0,0,928,511,0,511,5,4,158,0,128,0,1,0,126,8,7,0,57,17,0
28,79,Madrid,15-073-U,809,0,0,809,454,0,454,3,2,171,0,123,0,0,0,95,6,4,0,30,20,0
28,79,Madrid,15-074-A,686,0,0,686,417,0,417,6,4,158,0,100,0,1,0,91,4,4,0,29,19,1
28,79,Madrid,15-074-B,649,0,0,649,395,0,395,3,1,156,0,93,0,0,0,82,9,2,0,26,23,0
28,79,Madrid,15-075-A,564,0,0,564,372,0,372,3,3,148,0,85,0,0,0,85,3,4,0,22,19,0
28,79,Madrid,15-075-B,529,0,0,529,370,0,370,6,5,143,0,89,1,0,1,79,2,0,0,17,26,1
28,79,Madrid,15-076-U,667,0,0,667,410,0,410,2,4,185,4,85,0,0,0,91,6,2,0,14,17,0
28,79,Madrid,15-077-U,773,0,0,773,494,0,494,3,7,194,1,125,0,1,0,94,10,3,1,31,23,1
28,79,Madrid,15-078-U,555,0,0,555,306,0,306,0,1,128,1,60,0,0,1,73,5,1,0,12,23,1
28,79,Madrid,15-079-U,532,0,0,532,306,0,306,2,1,111,0,74,0,0,0,68,3,2,1,22,22,0
28,79,Madrid,15-080-U,560,0,0,560,319,0,319,3,5,102,0,78,0,0,0,70,1,2,0,35,23,0
28,79,Madrid,15-081-A,571,0,0,571,285,0,285,2,3,126,1,58,0,0,2,47,6,4,0,21,14,1
28,79,Madrid,15-081-B,530,0,0,530,276,0,276,5,5,108,0,65,0,0,1,59,4,3,0,16,9,1
28,79,Madrid,15-082-U,940,0,0,940,665,0,665,3,7,335,1,119,0,0,0,112,10,2,1,30,44,1
28,79,Madrid,15-083-U,939,0,0,939,488,0,488,5,1,195,1,100,0,0,0,104,10,7,1,31,32,1
28,79,Madrid,15-084-U,680,0,0,680,389,0,389,1,0,163,0,83,0,0,0,67,12,1,2,33,26,1
28,79,Madrid,15-085-U,904,0,0,904,497,0,497,11,2,242,0,99,1,0,0,65,6,4,0,43,23,1
28,79,Madrid,15-086-U,731,0,0,731,488,0,488,3,4,245,2,74,1,0,0,94,4,3,0,32,26,0
28,79,Madrid,15-087-U,767,0,0,767,423,0,423,5,4,157,1,92,2,0,0,84,5,4,1,40,28,0
28,79,Madrid,15-088-U,710,0,0,710,395,0,395,2,4,152,1,117,0,0,0,62,6,3,0,20,28,0
28,79,Madrid,15-089-U,852,0,0,852,511,0,511,11,1,208,3,101,0,0,1,112,7,6,0,37,23,1
28,79,Madrid,15-090-A,710,0,0,710,515,0,515,2,7,214,1,90,1,0,1,120,8,4,0,33,34,0
28,79,Madrid,15-090-B,805,0,0,805,582,0,582,4,5,222,3,134,0,0,0,119,15,3,1,43,33,0
28,79,Madrid,15-092-A,603,0,0,603,439,0,439,2,4,253,0,49,0,1,0,69,13,2,0,29,17,0
28,79,Madrid,15-092-B,632,0,0,632,439,0,439,6,4,236,2,59,0,0,0,83,6,0,0,27,16,0
28,79,Madrid,15-093-U,952,0,0,952,598,0,598,11,2,268,0,97,0,0,0,127,8,2,0,47,34,2
28,79,Madrid,15-094-U,994,0,0,994,647,0,647,3,4,311,0,117,0,0,0,118,13,5,1,36,36,3
28,79,Madrid,15-095-U,581,0,0,581,365,0,365,8,2,144,0,71,0,0,1,86,1,8,0,29,15,0
28,79,Madrid,15-096-U,933,0,0,933,625,0,625,7,4,287,1,110,0,0,0,125,9,8,0,44,26,4
28,79,Madrid,15-097-U,588,2,0,590,368,0,368,2,9,167,0,78,0,0,0,68,3,3,1,17,19,1
28,79,Madrid,15-098-U,747,0,0,747,468,0,468,10,5,192,0,87,0,0,0,98,10,3,0,29,33,1
28,79,Madrid,15-099-U,935,0,0,935,576,0,576,7,3,254,0,102,0,3,1,124,7,1,0,42,31,1
28,79,Madrid,15-100-U,531,0,0,531,335,0,335,1,3,147,0,59,0,0,1,71,10,3,0,23,17,0
28,79,Madrid,15-101-U,754,0,0,754,470,0,470,4,2,210,1,103,0,0,1,79,8,3,0,28,31,0
28,79,Madrid,15-102-U,767,0,0,767,506,0,506,2,5,210,0,79,1,1,0,128,12,5,0,38,24,1
28,79,Madrid,15-103-U,946,0,0,946,601,0,601,4,5,271,1,98,0,0,1,149,11,3,0,29,28,1
28,79,Madrid,15-105-A,564,0,0,564,370,0,370,2,4,157,2,67,0,0,1,82,12,3,0,17,23,0
28,79,Madrid,15-105-B,512,0,0,512,335,0,335,1,2,126,1,74,0,0,0,80,7,2,1,22,19,0
28,79,Madrid,15-106-U,939,0,0,939,620,0,620,5,5,289,2,106,0,0,0,111,12,6,0,52,31,1
28,79,Madrid,15-108-U,707,0,0,707,476,0,476,7,1,238,1,67,0,0,1,72,12,1,0,45,30,1
28,79,Madrid,15-109-A,572,0,0,572,403,0,403,0,1,171,1,62,0,0,0,101,8,3,0,24,31,1
28,79,Madrid,15-109-B,512,0,0,512,347,0,347,1,4,158,2,61,1,0,3,67,10,1,0,11,28,0
28,79,Madrid,15-110-A,576,0,0,576,397,0,397,2,2,165,1,67,0,0,2,99,7,3,0,21,28,0
28,79,Madrid,15-110-B,613,0,0,613,396,0,396,4,3,153,2,63,0,0,1,104,8,4,0,19,34,1
28,79,Madrid,15-111-U,670,0,0,670,494,0,494,6,1,208,0,71,0,0,0,135,7,3,0,35,26,2
28,79,Madrid,15-112-A,522,0,0,522,335,0,335,3,4,140,0,57,0,0,1,79,8,1,0,28,13,1
28,79,Madrid,15-112-B,492,1,0,493,308,0,308,4,3,145,1,53,0,0,0,52,8,2,0,14,24,2
28,79,Madrid,15-113-U,977,0,0,977,650,0,650,3,6,334,1,104,1,1,0,114,19,2,0,34,31,0
28,79,Madrid,15-114-U,659,0,0,659,445,0,445,4,5,222,2,75,0,1,0,81,13,0,0,32,10,0
28,79,Madrid,15-115-A,723,0,0,723,502,0,502,8,4,252,1,73,0,1,0,95,12,3,0,41,12,0
28,79,Madrid,15-115-B,650,0,0,650,459,0,459,3,1,229,1,68,0,0,0,96,8,3,0,32,16,2
28,79,Madrid,15-116-U,799,0,0,799,514,0,514,1,3,258,3,76,0,0,0,97,13,3,0,39,21,0
28,79,Madrid,15-117-U,907,0,0,907,556,0,556,7,3,261,0,92,0,0,0,106,8,4,0,49,26,0
28,79,Madrid,15-118-U,730,0,0,730,458,0,458,4,3,209,3,65,0,0,0,113,8,4,0,26,23,0
28,79,Madrid,15-119-U,809,0,0,809,505,0,505,3,4,203,0,101,0,0,0,115,10,3,1,40,25,0
28,79,Madrid,15-120-U,626,0,0,626,402,0,402,8,2,196,1,65,0,0,0,72,8,3,0,28,18,1
28,79,Madrid,15-121-U,533,0,0,533,356,0,356,4,0,194,0,50,0,0,0,60,6,3,0,26,13,0
28,79,Madrid,15-122-U,845,0,0,845,587,0,587,2,5,261,3,72,1,0,0,142,11,3,0,38,47,2
28,79,Madrid,15-123-U,890,0,0,890,657,0,657,6,3,283,6,109,0,2,3,150,13,0,4,35,41,2
28,79,Madrid,15-124-U,765,0,0,765,549,0,549,6,3,253,3,81,0,0,0,113,9,1,0,41,38,1
28,79,Madrid,15-125-U,654,0,0,654,468,0,468,5,2,235,3,63,0,0,0,91,13,3,0,32,21,0
28,79,Madrid,15-126-U,869,0,0,869,573,0,573,6,3,270,0,86,0,0,0,116,6,1,1,47,36,1
28,79,Madrid,15-127-A,568,0,0,568,413,0,413,2,1,240,1,55,0,0,0,68,4,1,0,23,17,1
28,79,Madrid,15-127-B,630,0,0,630,436,0,436,2,3,240,1,65,0,0,0,77,4,2,0,30,11,1
28,79,Madrid,15-128-A,763,0,0,763,576,0,576,10,6,334,1,57,0,0,1,104,12,2,0,31,17,1
28,79,Madrid,15-128-B,795,0,0,795,616,0,616,10,6,345,0,67,0,0,1,108,13,0,0,45,20,1
28,79,Madrid,15-129-U,769,0,0,769,552,0,552,8,4,251,3,91,0,0,1,125,6,2,1,30,30,0
28,79,Madrid,15-130-U,759,0,0,759,541,0,541,5,1,246,0,77,0,0,1,109,13,8,0,30,51,0
28,79,Madrid,15-131-U,739,0,0,739,503,0,503,7,3,230,0,63,0,1,0,118,5,0,0,32,43,1
28,79,Madrid,15-132-A,509,0,0,509,371,0,371,3,5,149,0,85,0,0,1,75,7,4,0,15,26,1
28,79,Madrid,15-132-B,542,0,0,542,384,0,384,1,3,135,3,110,0,0,0,85,5,0,0,18,23,1
28,79,Madrid,15-133-A,613,0,0,613,413,0,413,3,3,159,1,91,0,0,1,91,3,9,2,18,32,0
28,79,Madrid,15-133-B,655,0,0,655,452,0,452,8,4,169,3,108,0,0,0,107,6,1,1,17,27,1
28,79,Madrid,15-134-U,847,0,0,847,629,0,629,15,6,299,0,100,0,1,0,127,14,3,0,31,33,0
28,79,Madrid,15-135-A,814,0,0,814,563,0,563,10,3,223,0,113,0,0,0,129,12,3,0,31,37,2
28,79,Madrid,15-135-B,907,0,0,907,664,0,664,8,4,242,1,165,0,0,0,160,10,2,1,30,40,1
28,79,Madrid,15-136-U,770,0,0,770,538,0,538,8,4,249,2,92,0,0,0,100,12,2,0,29,36,4
28,79,Madrid,15-138-U,960,0,0,960,657,0,657,5,8,304,0,110,0,0,0,129,10,5,0,49,36,1
28,79,Madrid,15-140-A,556,0,0,556,362,0,362,2,3,167,3,49,0,1,1,84,5,1,1,26,19,0
28,79,Madrid,15-140-B,550,0,0,550,367,0,367,2,1,191,0,60,0,0,1,64,7,3,0,18,20,0
28,79,Madrid,15-141-U,907,0,0,907,641,0,641,7,6,313,2,103,0,0,1,139,11,5,0,29,24,1
28,79,Madrid,15-142-U,964,0,0,964,798,0,798,8,3,492,1,115,0,0,0,107,22,0,0,31,19,0
28,79,Madrid,15-143-A,738,0,0,738,574,0,574,6,4,383,0,54,0,0,0,65,15,1,0,30,15,1
28,79,Madrid,15-143-B,740,0,0,740,575,0,575,4,3,368,2,61,0,0,0,71,8,1,1,43,13,0
28,79,Madrid,15-144-A,632,0,0,632,515,0,515,1,0,319,0,56,0,0,0,65,17,1,3,43,10,0
28,79,Madrid,15-144-B,696,0,0,696,571,0,571,4,1,370,0,54,0,1,0,72,10,3,0,37,18,1
28,79,Madrid,15-146-U,864,0,0,864,678,0,678,6,2,429,0,75,0,0,0,97,13,4,0,33,19,0
28,79,Madrid,15-147-A,525,0,0,525,432,0,432,6,2,304,1,34,0,1,0,37,10,1,0,24,12,0
28,79,Madrid,15-147-B,543,0,0,543,446,0,446,3,3,305,1,36,0,1,0,39,13,1,0,34,10,0
28,79,Madrid,15-148-U,745,0,0,745,549,0,549,4,4,241,0,79,0,1,1,133,11,3,0,38,34,0
28,79,Madrid,15-149-A,519,0,0,519,405,0,405,2,2,227,2,46,0,0,0,69,11,1,1,24,20,0
28,79,Madrid,15-149-B,571,0,0,571,443,0,443,4,4,232,2,55,0,0,2,91,15,0,1,22,15,0
28,79,Madrid,15-150-A,628,0,0,628,495,0,495,3,2,340,2,43,0,0,0,50,19,0,0,26,9,1
28,79,Madrid,15-150-B,616,0,0,616,481,0,481,3,1,346,2,49,0,0,0,31,11,0,0,22,15,1
28,79,Madrid,15-151-A,586,0,0,586,472,0,472,4,3,289,1,69,0,0,1,71,9,1,0,13,10,1
28,79,Madrid,15-151-B,537,0,0,537,421,0,421,1,1,224,3,58,0,1,0,70,10,4,0,35,14,0
28,79,Madrid,15-153-U,559,0,0,559,451,0,451,1,5,285,2,55,0,0,1,51,11,4,0,23,13,0
28,79,Madrid,15-154-U,855,0,0,855,641,0,641,6,3,343,4,81,0,0,0,117,11,1,0,48,25,2
28,79,Madrid,15-155-A,574,0,0,574,461,0,461,4,1,280,0,62,0,0,0,49,19,3,0,27,16,0
28,79,Madrid,15-155-B,598,0,0,598,483,0,483,4,2,301,2,48,0,0,0,58,13,2,0,29,24,0
28,79,Madrid,15-156-A,490,0,0,490,366,0,366,6,3,182,2,52,0,1,0,61,7,3,0,28,21,0
28,79,Madrid,15-156-B,540,0,0,540,418,0,418,5,2,204,2,61,0,2,1,73,13,3,0,30,21,1
28,79,Madrid,15-157-U,759,2,0,761,615,0,615,6,6,363,0,65,0,2,0,91,15,0,0,49,17,1
28,79,Madrid,15-158-A,518,0,0,518,404,0,404,5,3,270,1,37,0,0,0,46,5,2,0,19,16,0
28,79,Madrid,15-158-B,510,0,0,510,396,0,396,6,2,235,1,53,0,0,0,61,4,1,0,25,8,0
28,79,Madrid,15-159-A,573,0,0,573,440,0,440,2,0,325,0,41,0,0,0,32,4,0,0,25,11,0
28,79,Madrid,15-159-B,606,0,0,606,446,0,446,5,4,311,0,38,0,0,0,43,11,6,0,19,8,1
28,79,Madrid,15-160-A,838,0,0,838,645,0,645,4,7,475,1,28,0,0,0,43,18,1,2,56,8,2
28,79,Madrid,15-160-B,741,0,0,741,544,0,544,4,1,417,3,24,0,0,0,28,11,3,1,44,7,1
28,79,Madrid,15-161-A,889,0,0,889,688,0,688,6,2,513,1,33,0,1,0,47,11,0,1,60,12,1
28,79,Madrid,15-161-B,872,0,0,872,660,0,660,7,3,497,0,34,0,0,0,32,18,2,1,57,8,1
28,79,Madrid,15-162-A,756,0,0,756,596,0,596,1,2,410,1,49,0,0,1,48,5,2,0,70,7,0
28,79,Madrid,15-162-B,766,9,0,775,605,0,605,3,4,449,2,44,0,0,0,42,7,1,0,39,13,1
28,79,Madrid,15-163-U,958,2,0,960,783,0,783,9,3,526,5,62,0,1,1,92,21,2,0,47,13,1
28,79,Madrid,15-164-U,847,0,0,847,680,0,680,10,1,456,2,63,1,0,0,56,17,1,0,62,11,0
28,79,Madrid,15-165-U,799,0,0,799,634,0,634,8,4,481,2,34,0,0,0,33,11,0,0,53,7,1
28,79,Madrid,15-166-U,666,0,0,666,535,0,535,8,2,382,4,37,0,0,0,40,6,0,0,43,13,0
28,79,Madrid,15-167-U,829,0,0,829,686,0,686,7,1,538,0,43,0,0,0,30,9,0,1,53,2,2
28,79,Madrid,15-168-A,676,0,0,676,558,0,558,7,1,395,1,39,0,2,0,32,18,1,1,54,6,1
28,79,Madrid,15-168-B,633,0,0,633,527,0,527,11,0,397,2,22,0,0,0,32,11,0,0,50,1,1
28,79,Madrid,15-170-A,796,0,0,796,641,0,641,3,3,486,0,46,0,0,2,47,6,2,1,34,11,0
28,79,Madrid,15-170-B,880,0,0,880,741,0,741,7,4,512,0,71,2,0,0,61,9,2,0,60,13,0
28,79,Madrid,15-171-A,489,0,0,489,288,0,288,1,2,119,0,69,0,0,0,50,7,1,0,31,8,0
28,79,Madrid,15-171-B,500,0,0,500,302,0,302,2,1,130,1,87,0,0,0,44,1,3,0,23,10,0
28,79,Madrid,15-172-U,892,0,0,892,716,0,716,1,1,503,1,68,0,0,0,59,6,2,0,65,9,1
28,79,Madrid,15-173-A,700,0,0,700,577,0,577,4,3,410,1,42,0,0,0,39,10,0,0,63,5,0
28,79,Madrid,15-173-B,750,0,0,750,596,0,596,4,0,440,0,43,0,0,0,44,8,0,1,52,4,0
28,79,Madrid,15-174-A,511,0,0,511,401,0,401,3,3,275,1,43,0,0,0,23,7,2,0,35,8,1
28,79,Madrid,15-174-B,543,0,0,543,442,0,442,4,1,307,2,42,0,0,0,42,6,2,0,26,9,1
28,79,Madrid,15-175-U,897,0,0,897,684,0,684,7,6,331,3,116,1,0,2,115,5,4,0,39,54,1
28,79,Madrid,15-176-A,703,0,0,703,557,0,557,4,6,341,1,59,0,1,0,62,7,1,2,58,15,0
28,79,Madrid,15-176-B,740,0,0,740,595,0,595,3,7,357,1,75,1,0,0,82,18,2,1,33,15,0
28,79,Madrid,15-177-A,479,0,0,479,347,0,347,2,5,139,0,76,0,0,0,58,12,1,0,19,35,0
28,79,Madrid,15-177-B,513,0,0,513,377,0,377,2,1,172,1,69,0,0,0,73,7,1,0,24,26,1
28,79,Madrid,15-178-A,468,0,0,468,381,0,381,3,5,206,2,50,0,0,0,69,9,3,0,25,8,1
28,79,Madrid,15-178-B,518,0,0,518,433,0,433,5,0,259,0,60,0,1,1,65,10,2,1,22,7,0
28,79,Madrid,15-179-A,547,0,0,547,409,0,409,4,5,175,0,83,0,0,0,82,6,0,1,27,24,2
28,79,Madrid,15-179-B,567,0,0,567,433,0,433,3,1,192,2,87,0,0,0,83,11,2,0,27,25,0
28,79,Madrid,15-180-A,772,0,0,772,598,0,598,8,1,382,1,50,0,0,0,82,15,3,1,43,12,0
28,79,Madrid,15-180-B,832,0,0,832,666,0,666,7,4,428,1,58,0,0,0,103,12,4,0,33,15,1
28,79,Madrid,15-181-U,963,0,0,963,754,0,754,3,4,370,1,143,0,0,1,141,15,6,0,38,32,0
28,79,Madrid,15-182-U,563,0,0,563,481,0,481,5,2,342,1,28,0,0,2,40,7,3,0,38,13,0
28,79,Madrid,16-001-A,711,2,0,713,594,0,594,6,1,413,0,51,0,1,0,43,10,2,2,48,17,0
28,79,Madrid,16-001-B,761,0,0,761,627,0,627,4,2,444,0,48,0,0,0,45,16,2,1,48,17,0
28,79,Madrid,16-002-A,620,0,0,620,481,0,481,9,1,373,0,33,0,0,0,23,6,0,0,35,1,0
28,79,Madrid,16-002-B,680,0,0,680,520,0,520,8,1,399,0,31,0,0,0,34,5,2,0,40,0,0
28,79,Madrid,16-003-A,746,0,0,746,577,0,577,9,0,442,0,42,0,0,0,34,16,0,1,27,6,0
28,79,Madrid,16-003-B,758,0,0,758,601,0,601,8,5,422,1,65,0,0,0,39,14,1,0,36,10,0
28,79,Madrid,16-004-A,776,0,0,776,602,0,602,6,0,496,0,34,0,0,0,19,6,0,0,41,0,0
28,79,Madrid,16-004-B,715,0,0,715,581,0,581,3,2,457,0,34,0,0,0,13,16,0,0,56,0,0
28,79,Madrid,16-005-A,663,0,0,663,497,0,497,3,4,301,0,57,0,0,0,73,9,0,0,35,15,0
28,79,Madrid,16-005-B,679,0,0,679,521,0,521,6,3,310,1,62,0,0,1,76,7,0,0,26,26,3
28,79,Madrid,16-006-A,621,0,0,621,427,0,427,0,0,252,3,58,1,0,0,63,9,0,0,28,13,0
28,79,Madrid,16-006-B,669,0,0,669,478,0,478,6,4,295,1,57,0,0,1,59,8,4,0,26,17,0
28,79,Madrid,16-007-A,752,0,0,752,577,0,577,5,2,329,3,78,0,1,0,81,13,3,0,30,32,0
28,79,Madrid,16-007-B,864,0,0,864,655,0,655,7,2,381,3,88,0,1,0,101,16,0,1,39,16,0
28,79,Madrid,16-008-U,850,0,0,850,519,0,519,1,5,183,1,115,0,0,2,120,3,0,0,54,33,2
28,79,Madrid,16-009-U,730,0,0,730,456,0,456,4,3,156,4,86,0,0,1,131,7,11,0,28,24,1
28,79,Madrid,16-011-A,479,0,0,479,291,0,291,2,1,114,1,47,0,1,0,82,4,1,0,17,21,0
28,79,Madrid,16-011-B,503,0,0,503,314,0,314,7,1,125,0,60,0,0,1,72,4,0,0,16,27,1
28,79,Madrid,16-012-U,554,0,0,554,384,0,384,2,4,122,0,82,0,1,1,110,5,4,0,27,24,2
28,79,Madrid,16-013-U,802,0,0,802,591,0,591,4,1,260,3,125,0,0,1,128,15,2,0,24,28,0
28,79,Madrid,16-014-U,674,0,0,674,498,0,498,2,3,238,1,111,0,1,0,93,9,1,1,21,17,0
28,79,Madrid,16-015-U,926,0,0,926,673,0,673,3,2,310,3,139,1,0,0,122,8,2,0,37,46,0
28,79,Madrid,16-016-U,784,0,0,784,588,0,588,6,3,272,4,114,11,0,0,118,2,2,2,14,36,4
28,79,Madrid,16-017-U,792,0,0,792,611,0,611,3,1,293,1,139,0,0,0,93,7,3,0,33,37,1
28,79,Madrid,16-018-U,641,0,0,641,499,0,499,3,1,250,0,95,0,1,1,91,5,2,0,26,24,0
28,79,Madrid,16-019-U,730,0,0,730,521,0,521,3,4,245,1,112,0,0,0,94,9,2,0,26,25,0
28,79,Madrid,16-020-U,950,0,0,950,683,0,683,10,4,325,1,141,0,1,1,129,10,1,1,34,24,1
28,79,Madrid,16-021-U,906,0,0,906,686,0,686,4,4,348,0,118,0,0,0,134,15,2,0,38,22,1
28,79,Madrid,16-022-A,508,0,0,508,358,0,358,5,7,175,0,62,0,0,0,63,4,2,0,26,14,0
28,79,Madrid,16-022-B,525,0,0,525,375,0,375,5,3,199,0,60,0,1,0,57,5,3,0,21,18,3
28,79,Madrid,16-024-A,834,0,0,834,627,0,627,5,4,283,3,125,0,2,1,118,17,5,2,31,31,0
28,79,Madrid,16-024-B,844,0,0,844,593,0,593,4,3,253,2,120,0,1,4,131,6,4,0,33,32,0
28,79,Madrid,16-025-A,805,0,0,805,572,0,572,4,3,263,3,110,0,0,0,108,11,1,1,33,33,2
28,79,Madrid,16-025-B,871,0,0,871,672,0,672,3,6,316,1,105,0,0,0,144,16,4,1,28,45,3
28,79,Madrid,16-026-U,583,0,0,583,388,0,388,4,0,158,1,92,0,0,3,84,8,2,0,14,21,1
28,79,Madrid,16-027-U,552,0,0,552,375,0,375,3,3,186,0,81,1,0,0,70,2,2,0,11,15,1
28,79,Madrid,16-028-U,737,0,0,737,582,0,582,6,6,277,0,140,0,0,0,96,8,1,1,25,22,0
28,79,Madrid,16-029-U,929,0,0,929,656,0,656,7,6,277,0,149,0,0,1,141,7,6,0,28,34,0
28,79,Madrid,16-030-A,726,0,0,726,540,0,540,6,7,239,1,93,2,0,3,127,8,6,1,28,19,0
28,79,Madrid,16-030-B,682,0,0,682,493,0,493,5,5,217,0,108,0,1,0,97,9,4,0,27,20,0
28,79,Madrid,16-031-A,527,0,0,527,408,0,408,5,1,182,0,92,0,0,1,77,7,3,0,24,16,0
28,79,Madrid,16-031-B,540,0,0,540,421,0,421,5,7,190,3,76,0,0,2,79,9,6,0,18,26,0
28,79,Madrid,16-032-A,668,0,0,668,503,0,503,6,7,221,3,73,0,0,0,104,21,2,0,28,37,1
28,79,Madrid,16-032-B,620,0,0,620,473,0,473,8,7,207,1,87,0,0,0,102,17,4,0,23,16,1
28,79,Madrid,16-033-A,566,0,0,566,391,0,391,2,6,199,1,53,0,1,0,75,12,0,0,26,15,1
28,79,Madrid,16-033-B,597,0,0,597,406,0,406,19,3,170,2,72,0,0,2,69,9,2,0,39,17,2
28,79,Madrid,16-034-A,649,0,0,649,455,0,455,7,7,230,0,82,0,0,0,72,13,4,0,23,16,1
28,79,Madrid,16-034-B,704,0,0,704,493,0,493,4,4,239,0,80,0,1,0,93,11,1,0,29,31,0
28,79,Madrid,16-035-A,623,0,0,623,479,0,479,7,0,259,1,70,1,0,0,74,11,1,0,32,23,0
28,79,Madrid,16-035-B,602,0,0,602,443,0,443,3,0,258,0,61,0,0,0,69,6,2,2,26,16,0
28,79,Madrid,16-036-A,945,0,0,945,753,0,753,3,6,528,3,76,0,1,0,65,20,4,0,38,9,0
28,79,Madrid,16-036-B,954,0,0,954,754,0,754,13,4,527,2,53,0,0,2,55,19,1,2,56,20,0
28,79,Madrid,16-037-U,711,0,0,711,469,0,469,5,3,187,0,99,1,0,0,102,5,3,1,34,28,1
28,79,Madrid,16-038-U,954,0,0,954,659,0,659,7,4,326,1,106,0,1,0,131,11,3,0,41,27,1
28,79,Madrid,16-039-U,709,0,0,709,443,0,443,3,3,156,2,124,0,0,2,80,13,2,0,37,20,1
28,79,Madrid,16-040-A,669,0,0,669,404,0,404,7,5,156,0,88,0,0,0,83,5,6,0,29,24,1
28,79,Madrid,16-040-B,609,0,0,609,378,0,378,2,3,143,3,95,0,1,1,69,7,3,0,33,14,4
28,79,Madrid,16-042-A,510,0,0,510,369,0,369,1,3,190,0,70,2,0,0,62,4,2,0,23,12,0
28,79,Madrid,16-042-B,557,0,0,557,393,0,393,4,5,200,0,56,0,1,0,67,8,2,0,30,19,1
28,79,Madrid,16-043-U,680,0,0,680,444,0,444,2,4,210,0,94,0,0,0,81,4,2,0,27,18,2
28,79,Madrid,16-044-U,826,0,0,826,597,0,597,2,2,332,4,99,1,1,0,91,7,4,0,34,19,1
28,79,Madrid,16-045-A,625,0,0,625,495,0,495,4,2,256,0,76,1,0,2,80,16,2,1,35,19,1
28,79,Madrid,16-045-B,645,0,0,645,493,0,493,4,1,246,0,93,0,0,1,87,11,6,0,30,14,0
28,79,Madrid,16-046-A,703,0,0,703,548,0,548,2,7,299,0,87,0,1,0,91,14,1,0,32,13,1
28,79,Madrid,16-046-B,651,0,0,651,495,0,495,0,6,260,1,85,0,0,0,85,12,0,1,24,20,1
28,79,Madrid,16-048-A,780,0,0,780,583,0,583,2,5,277,0,111,0,1,0,106,10,2,1,40,28,0
28,79,Madrid,16-048-B,885,0,0,885,648,0,648,5,2,295,0,127,1,2,0,137,14,2,2,26,34,1
28,79,Madrid,16-049-A,492,0,0,492,374,0,374,2,2,183,0,73,0,0,0,82,5,1,1,14,10,1
28,79,Madrid,16-049-B,523,0,0,523,421,0,421,2,0,201,2,77,0,0,0,90,9,4,1,18,16,1
28,79,Madrid,16-050-A,583,0,0,583,417,0,417,2,4,178,1,91,0,0,0,80,6,3,0,29,22,1
28,79,Madrid,16-050-B,624,0,0,624,459,0,459,5,3,199,2,92,0,1,1,88,6,1,0,31,28,2
28,79,Madrid,16-051-U,728,0,0,728,513,0,513,4,3,218,0,120,1,1,0,102,6,4,0,34,19,1
28,79,Madrid,16-052-U,860,0,0,860,636,0,636,9,6,278,4,139,2,0,4,115,4,1,1,38,35,0
28,79,Madrid,16-053-U,678,0,0,678,472,0,472,5,2,213,6,90,0,0,0,104,7,3,0,20,21,1
28,79,Madrid,16-054-U,589,0,0,589,390,0,390,0,5,156,1,83,0,0,1,89,1,1,1,32,20,0
28,79,Madrid,16-055-A,496,0,0,496,288,0,288,1,2,119,2,68,0,1,0,59,5,1,1,14,15,0
28,79,Madrid,16-055-B,568,0,0,568,336,0,336,7,2,155,1,57,1,0,0,69,4,5,0,19,15,1
28,79,Madrid,16-057-U,750,0,0,750,510,0,510,5,4,218,0,121,0,0,2,97,7,5,4,28,18,1
28,79,Madrid,16-058-A,481,0,0,481,300,0,300,5,5,124,1,45,0,0,2,84,3,2,0,19,10,0
28,79,Madrid,16-058-B,552,0,0,552,359,0,359,6,2,147,2,62,0,1,0,93,4,4,0,16,21,1
28,79,Madrid,16-059-A,748,0,0,748,494,0,494,2,4,225,1,119,0,0,1,85,1,1,0,29,26,0
28,79,Madrid,16-059-B,713,0,0,713,489,0,489,8,6,228,2,108,0,0,0,93,5,2,0,15,21,1
28,79,Madrid,16-060-A,616,0,0,616,459,0,459,2,4,231,0,93,0,3,0,66,3,6,0,35,16,0
28,79,Madrid,16-060-B,570,0,0,570,416,0,416,3,3,232,0,64,0,1,0,67,1,3,0,23,18,1
28,79,Madrid,16-061-A,528,0,0,528,388,0,388,4,3,212,1,77,0,0,0,51,4,1,0,17,18,0
28,79,Madrid,16-061-B,560,0,0,560,436,0,436,6,4,209,2,69,0,0,0,82,4,2,0,35,23,0
28,79,Madrid,16-063-A,606,0,0,606,441,0,441,3,1,234,3,81,0,0,1,73,6,2,0,17,20,0
28,79,Madrid,16-063-B,639,0,0,639,490,0,490,5,6,239,9,95,0,0,2,75,8,1,0,28,22,0
28,79,Madrid,16-064-U,933,0,0,933,639,0,639,4,5,322,2,108,0,1,0,108,10,6,0,47,26,0
28,79,Madrid,16-065-U,759,0,0,759,506,0,506,3,4,203,1,102,0,0,0,109,3,6,1,36,38,0
28,79,Madrid,16-066-U,794,0,0,794,553,0,553,4,4,257,2,106,0,1,1,94,10,1,0,38,31,4
28,79,Madrid,16-067-A,686,0,0,686,411,0,411,5,7,152,1,92,0,0,0,94,1,2,0,32,25,0
28,79,Madrid,16-067-B,764,0,0,764,478,0,478,5,3,165,2,98,0,0,1,127,6,6,1,30,34,0
28,79,Madrid,16-069-U,894,0,0,894,632,0,632,6,5,277,3,93,0,0,0,133,12,7,0,49,47,0
28,79,Madrid,16-070-A,674,0,0,674,517,0,517,5,3,217,7,113,0,0,0,119,6,2,0,33,11,1
28,79,Madrid,16-070-B,729,0,0,729,542,0,542,3,9,279,2,94,0,0,0,75,13,2,0,41,22,2
28,79,Madrid,16-071-A,573,0,0,573,306,0,306,3,2,86,0,87,0,0,1,60,1,4,1,40,19,2
28,79,Madrid,16-071-B,554,0,0,554,303,0,303,2,2,86,2,89,0,0,0,58,6,5,0,23,30,0
28,79,Madrid,16-073-A,628,0,0,628,400,0,400,3,7,154,0,91,0,0,1,78,7,2,1,33,23,0
28,79,Madrid,16-073-B,578,0,0,578,349,0,349,4,4,127,0,100,0,0,0,56,3,2,0,41,12,0
28,79,Madrid,16-074-U,811,0,0,811,484,0,484,2,10,147,1,117,0,0,0,124,5,4,3,31,39,1
28,79,Madrid,16-075-U,900,0,0,900,595,0,595,10,4,277,0,130,0,0,0,116,7,2,0,28,20,1
28,79,Madrid,16-076-U,944,0,0,944,588,0,588,4,7,238,3,129,1,0,0,115,8,8,2,45,27,1
28,79,Madrid,16-077-A,500,0,0,500,330,0,330,9,9,127,0,72,0,0,0,59,7,8,0,25,13,1
28,79,Madrid,16-077-B,469,0,0,469,304,0,304,2,5,116,3,63,0,0,3,72,3,3,2,19,13,0
28,79,Madrid,16-078-U,629,0,0,629,374,0,374,1,2,159,0,68,0,0,0,82,7,1,0,33,21,0
28,79,Madrid,16-079-A,929,0,0,929,589,0,589,3,9,312,2,87,0,1,0,78,11,3,1,68,14,0
28,79,Madrid,16-079-B,969,0,0,969,606,0,606,2,3,342,0,66,0,3,0,89,5,3,2,67,24,0
28,79,Madrid,16-080-U,676,0,0,676,536,0,536,5,2,351,3,48,0,1,1,59,8,0,0,50,8,0
28,79,Madrid,16-081-U,876,0,0,876,675,0,675,8,2,418,2,57,0,0,2,93,13,3,0,52,22,3
28,79,Madrid,16-082-U,588,0,0,588,328,0,328,3,4,116,0,89,0,1,0,70,2,5,0,19,19,0
28,79,Madrid,16-083-A,826,0,0,826,577,0,577,3,4,244,1,109,0,2,0,132,13,8,1,27,33,0
28,79,Madrid,16-083-B,840,0,0,840,588,0,588,7,8,238,2,105,0,0,0,144,9,4,0,42,27,2
28,79,Madrid,16-085-A,553,0,0,553,402,0,402,5,1,180,5,63,2,0,0,92,9,2,0,27,16,0
28,79,Madrid,16-085-B,505,0,0,505,364,0,364,2,5,166,0,66,1,2,0,70,8,0,0,38,6,0
28,79,Madrid,16-086-A,770,0,0,770,538,0,538,7,6,208,1,104,0,1,0,119,6,1,1,41,43,0
28,79,Madrid,16-086-B,827,0,0,827,612,0,612,3,3,255,3,110,0,0,0,138,11,9,0,50,30,0
28,79,Madrid,16-087-U,642,0,0,642,469,0,469,1,3,222,1,87,0,1,0,85,6,0,0,43,20,0
28,79,Madrid,16-088-A,548,0,0,548,385,0,385,4,2,176,2,59,0,1,0,72,5,4,0,34,26,0
28,79,Madrid,16-088-B,560,0,0,560,407,0,407,8,3,201,2,56,1,1,3,78,3,0,0,31,20,0
28,79,Madrid,16-089-U,600,0,0,600,433,0,433,0,0,224,1,87,0,1,0,68,9,3,0,22,17,1
28,79,Madrid,16-090-A,573,0,0,573,364,0,364,4,3,156,2,78,0,1,1,53,7,2,1,32,23,1
28,79,Madrid,16-090-B,602,0,0,602,378,0,378,1,4,176,2,84,0,0,0,68,9,2,0,18,14,0
28,79,Madrid,16-091-A,748,0,0,748,613,0,613,3,0,519,0,23,0,0,0,7,8,1,0,50,0,2
28,79,Madrid,16-091-B,852,0,0,852,685,0,685,2,0,582,1,17,0,0,0,16,12,1,0,52,1,1
28,79,Madrid,16-092-U,926,0,0,926,723,0,723,8,6,349,3,107,0,0,0,147,10,1,0,57,34,1
28,79,Madrid,16-093-U,798,0,0,798,631,0,631,13,5,332,3,96,1,0,1,101,16,2,0,34,27,0
28,79,Madrid,16-096-A,604,0,0,604,465,0,465,7,3,247,1,70,0,0,0,78,5,0,1,33,20,0
28,79,Madrid,16-096-B,641,0,0,641,475,0,475,6,1,269,3,76,0,0,3,51,7,0,0,38,21,0
28,79,Madrid,16-097-A,607,0,0,607,440,0,440,11,6,178,0,96,0,1,0,96,3,0,0,13,35,1
28,79,Madrid,16-097-B,612,0,0,612,457,0,457,2,2,164,0,111,0,0,1,107,9,5,0,22,34,0
28,79,Madrid,16-098-A,558,1,0,559,453,0,453,2,0,224,1,70,0,0,0,98,6,3,0,26,23,0
28,79,Madrid,16-098-B,584,0,0,584,468,0,468,2,6,244,1,58,0,0,0,93,12,2,0,28,21,1
28,79,Madrid,16-099-A,628,0,0,628,501,0,501,6,4,253,1,81,0,0,1,104,7,2,0,26,16,0
28,79,Madrid,16-099-B,697,0,0,697,544,0,544,8,6,274,5,109,0,0,0,86,12,0,0,23,21,0
28,79,Madrid,16-100-U,843,0,0,843,684,0,684,8,4,294,2,115,0,1,1,171,20,7,0,25,35,1
28,79,Madrid,16-101-A,497,0,0,497,391,0,391,1,4,183,2,75,0,0,1,76,12,1,0,22,14,0
28,79,Madrid,16-101-B,528,0,0,528,411,0,411,2,6,179,3,86,0,0,0,77,13,4,0,21,20,0
28,79,Madrid,16-102-A,823,0,0,823,614,0,614,2,1,445,0,47,0,0,0,47,18,1,0,48,5,0
28,79,Madrid,16-102-B,771,0,0,771,572,0,572,5,2,410,0,26,0,1,0,50,7,3,0,57,11,0
28,79,Madrid,16-103-A,600,0,0,600,467,0,467,6,1,372,1,27,0,0,0,22,7,0,0,29,1,1
28,79,Madrid,16-103-B,657,0,0,657,522,0,522,2,2,427,0,25,0,0,0,22,9,0,0,31,4,0
28,79,Madrid,16-104-A,849,0,0,849,658,0,658,13,8,278,0,114,0,0,2,154,15,5,1,32,34,2
28,79,Madrid,16-104-B,833,0,0,833,644,0,644,12,8,306,1,99,0,0,0,133,22,2,0,36,24,1
28,79,Madrid,16-105-U,954,1,0,955,802,0,802,5,1,562,1,67,0,0,0,78,20,0,0,45,22,1
28,79,Madrid,16-106-A,727,0,0,727,466,0,466,7,2,323,0,37,0,0,0,52,8,0,0,27,10,0
28,79,Madrid,16-106-B,758,0,0,758,459,0,459,5,2,310,2,38,0,0,0,40,3,3,0,39,17,0
28,79,Madrid,16-107-A,847,0,0,847,632,0,632,2,3,392,0,58,0,0,0,64,22,5,1,64,20,1
28,79,Madrid,16-107-B,849,0,0,849,646,0,646,12,4,392,2,63,0,0,1,77,19,2,0,60,12,2
28,79,Madrid,16-108-A,608,0,0,608,493,0,493,7,0,327,0,43,0,1,0,58,8,5,0,36,8,0
28,79,Madrid,16-108-B,663,0,0,663,541,0,541,6,0,368,0,41,0,1,0,61,12,3,0,35,12,2
28,79,Madrid,16-109-A,782,0,0,782,483,0,483,10,5,206,4,77,0,1,0,114,9,1,1,38,17,0
28,79,Madrid,16-109-B,849,0,0,849,522,0,522,9,4,224,3,74,1,0,1,127,12,4,1,38,22,2
28,79,Madrid,16-110-A,807,0,0,807,633,0,633,7,4,335,1,63,0,0,0,133,12,1,0,55,22,0
28,79,Madrid,16-110-B,861,0,0,861,675,0,675,7,4,373,2,48,0,0,3,132,16,6,0,51,30,3
28,79,Madrid,16-111-A,570,0,0,570,473,0,473,6,3,290,3,48,0,0,0,59,20,2,0,30,12,0
28,79,Madrid,16-111-B,524,0,0,524,427,0,427,4,7,248,0,44,1,0,1,71,7,2,0,28,14,0
28,79,Madrid,16-112-A,556,0,0,556,397,0,397,3,5,213,0,50,0,1,0,70,4,0,1,42,8,0
28,79,Madrid,16-112-B,518,0,0,518,391,0,391,4,5,182,0,63,0,0,0,79,4,4,1,32,16,1
28,79,Madrid,16-113-A,674,0,0,674,536,0,536,3,1,412,0,35,0,0,0,32,6,2,0,34,11,0
28,79,Madrid,16-113-B,661,0,0,661,525,0,525,2,2,419,0,37,0,0,0,25,9,1,0,19,11,0
28,79,Madrid,16-114-A,561,0,0,561,431,0,431,10,2,297,0,28,0,0,0,40,14,0,0,26,14,0
28,79,Madrid,16-114-B,698,0,0,698,499,0,499,10,1,350,4,41,0,0,0,51,9,2,0,28,3,0
28,79,Madrid,16-114-C,683,0,0,683,530,0,530,12,1,360,2,44,0,0,0,43,14,1,0,49,4,0
28,79,Madrid,16-115-A,518,0,0,518,407,0,407,8,1,265,0,32,0,0,0,49,8,0,0,34,10,0
28,79,Madrid,16-115-B,571,0,0,571,452,0,452,10,1,308,0,37,0,0,0,36,10,1,1,39,8,1
28,79,Madrid,16-116-A,489,0,0,489,357,0,357,3,3,192,0,30,0,0,0,69,5,1,0,37,16,1
28,79,Madrid,16-116-B,566,0,0,566,445,0,445,8,3,276,3,39,0,0,0,57,9,2,0,32,16,0
28,79,Madrid,16-117-A,860,0,0,860,700,0,700,14,6,419,1,70,1,1,1,96,19,0,0,44,24,4
28,79,Madrid,16-117-B,863,0,0,863,691,0,691,9,2,433,0,69,0,0,0,82,15,4,0,51,24,2
28,79,Madrid,16-118-A,867,0,0,867,658,0,658,8,13,355,1,65,1,2,0,131,11,4,0,39,26,2
28,79,Madrid,16-118-B,793,0,0,793,615,0,615,5,7,348,1,66,0,1,0,114,20,2,0,35,15,1
28,79,Madrid,16-119-A,807,0,0,807,631,0,631,7,1,384,4,55,0,0,1,104,14,1,0,48,12,0
28,79,Madrid,16-119-B,870,0,0,870,677,0,677,7,2,433,1,61,0,0,1,89,14,4,1,54,10,0
28,79,Madrid,16-120-A,655,0,0,655,520,0,520,9,4,235,0,78,0,0,0,119,15,2,0,36,21,1
28,79,Madrid,16-120-B,620,0,0,620,475,0,475,5,5,212,2,72,0,0,0,100,13,5,0,38,23,0
28,79,Madrid,16-121-A,593,0,0,593,460,0,460,3,1,330,1,32,0,0,0,35,11,2,1,36,8,0
28,79,Madrid,16-121-B,615,0,0,615,483,0,483,2,0,317,1,48,0,0,0,51,11,0,0,44,9,0
28,79,Madrid,16-122-A,587,0,0,587,475,0,475,1,5,329,2,31,0,0,0,41,18,0,1,43,4,0
28,79,Madrid,16-122-B,585,0,0,585,477,0,477,6,1,340,1,45,1,0,1,29,14,2,1,31,5,0
28,79,Madrid,16-123-A,676,0,0,676,565,0,565,1,1,496,2,12,0,0,0,11,6,0,0,34,2,0
28,79,Madrid,16-123-B,712,0,0,712,615,0,615,5,1,532,1,19,0,0,0,6,10,1,0,36,4,0
28,79,Madrid,16-124-A,888,0,0,888,716,0,716,12,6,441,2,63,0,1,0,79,42,1,0,59,10,0
28,79,Madrid,16-124-B,787,0,0,787,638,0,638,8,2,419,0,47,1,0,0,79,16,2,0,54,8,2
28,79,Madrid,16-125-A,670,0,0,670,551,0,551,11,2,398,3,40,0,0,0,39,10,1,0,43,4,0
28,79,Madrid,16-125-B,718,0,0,718,585,0,585,5,2,412,4,49,0,1,0,52,13,1,0,40,6,0
28,79,Madrid,16-126-A,533,0,0,533,444,0,444,4,2,263,0,56,0,0,0,66,13,4,0,28,8,0
28,79,Madrid,16-126-B,560,0,0,560,437,0,437,4,0,255,3,49,0,0,1,58,16,1,0,29,20,1
28,79,Madrid,16-127-U,946,0,0,946,723,0,723,6,5,436,3,76,0,1,1,121,13,2,0,32,27,0
28,79,Madrid,16-128-A,687,0,0,687,564,0,564,6,3,371,0,36,0,0,1,76,13,3,0,46,8,1
28,79,Madrid,16-128-B,622,0,0,622,510,0,510,5,4,336,1,36,0,0,0,56,17,3,1,39,11,1
28,79,Madrid,16-129-A,819,0,0,819,685,0,685,12,5,415,2,61,0,0,0,110,24,3,0,46,6,1
28,79,Madrid,16-129-B,743,0,0,743,595,0,595,4,4,358,1,54,0,0,0,83,34,4,0,34,19,0
28,79,Madrid,16-130-A,835,0,0,835,677,0,677,7,8,414,2,48,1,1,0,102,29,1,1,50,13,0
28,79,Madrid,16-130-B,846,0,0,846,687,0,687,6,6,409,1,67,0,0,0,118,27,2,0,40,11,0
28,79,Madrid,16-131-A,846,0,0,846,732,0,732,11,3,507,1,37,0,0,0,75,27,4,0,57,10,0
28,79,Madrid,16-131-B,895,0,0,895,756,0,756,10,6,516,1,55,0,0,1,74,30,1,0,52,10,0
28,79,Madrid,16-132-A,649,0,0,649,539,0,539,4,2,343,0,40,0,0,0,82,25,4,1,27,10,1
28,79,Madrid,16-132-B,600,0,0,600,489,0,489,3,2,320,3,31,1,0,1,66,20,0,0,27,13,2
28,79,Madrid,16-133-A,503,0,0,503,407,0,407,2,3,265,1,34,0,1,0,47,13,0,0,31,10,0
28,79,Madrid,16-133-B,497,0,0,497,413,0,413,7,2,257,0,48,0,0,0,43,14,1,1,31,9,0
28,79,Madrid,16-134-A,722,1,0,723,588,0,588,7,4,466,0,20,0,0,0,48,14,0,0,25,4,0
28,79,Madrid,16-134-B,730,0,0,730,605,0,605,5,5,460,1,31,0,0,0,43,11,1,0,42,4,2
28,79,Madrid,17-002-U,843,0,0,843,450,0,450,0,7,153,0,148,0,2,2,86,2,3,0,23,23,1
28,79,Madrid,17-003-U,874,1,0,875,514,0,514,2,11,184,4,155,1,1,0,110,6,3,0,16,21,0
28,79,Madrid,17-004-A,683,0,0,683,331,0,331,5,4,97,1,110,0,0,0,72,2,1,0,26,12,1
28,79,Madrid,17-004-B,656,0,0,656,326,0,326,0,6,90,0,102,1,1,1,71,5,2,0,29,17,1
28,79,Madrid,17-006-A,534,0,0,534,282,0,282,2,0,88,1,88,0,0,0,55,4,5,0,24,14,1
28,79,Madrid,17-006-B,506,0,0,506,284,0,284,0,2,89,0,74,0,1,1,58,4,2,1,36,14,2
28,79,Madrid,17-007-U,559,0,0,559,310,0,310,1,6,101,0,90,2,0,0,66,3,2,0,17,22,0
28,79,Madrid,17-008-U,894,0,0,894,489,0,489,7,10,163,1,134,1,0,1,106,3,5,0,26,30,2
28,79,Madrid,17-009-U,628,0,0,628,332,0,332,3,3,133,2,91,0,1,2,54,6,2,1,21,13,0
28,79,Madrid,17-010-U,757,0,0,757,430,0,430,4,3,138,1,137,0,0,0,79,5,1,1,41,20,0
28,79,Madrid,17-011-U,796,0,0,796,436,0,436,3,6,160,0,111,0,0,1,97,6,1,0,27,22,2
28,79,Madrid,17-012-A,462,0,0,462,261,1,262,3,6,100,0,80,0,0,0,33,3,2,0,20,15,0
28,79,Madrid,17-012-B,539,0,0,539,313,1,314,0,4,124,0,88,0,0,0,62,6,0,0,19,11,0
28,79,Madrid,17-013-U,581,0,0,581,332,0,332,4,8,116,1,99,0,0,0,73,1,3,0,13,12,2
28,79,Madrid,17-014-U,711,0,0,711,368,0,368,4,9,130,0,98,1,1,1,71,3,1,1,27,19,2
28,79,Madrid,17-015-U,833,0,0,833,441,0,441,4,6,147,2,119,0,1,1,101,4,1,1,34,18,2
28,79,Madrid,17-016-U,587,0,0,587,322,0,322,3,4,79,2,116,0,0,0,56,2,3,3,16,38,0
28,79,Madrid,17-017-U,817,0,0,817,555,0,555,4,6,174,3,151,0,0,1,131,2,4,2,40,35,2
28,79,Madrid,17-018-U,676,0,0,676,350,0,350,2,1,129,0,95,1,1,0,72,1,4,0,21,22,1
28,79,Madrid,17-019-U,599,0,0,599,341,0,341,4,1,124,1,78,0,1,0,77,4,3,0,33,15,0
28,79,Madrid,17-020-U,632,0,0,632,377,0,377,1,2,105,1,110,0,0,1,100,3,3,1,34,15,1
28,79,Madrid,17-021-U,874,0,0,874,333,0,333,2,7,66,0,122,1,0,1,61,1,4,0,46,21,1
28,79,Madrid,17-022-U,770,0,0,770,411,0,411,5,1,103,1,126,1,1,1,72,3,6,2,48,35,6
28,79,Madrid,17-023-A,667,0,0,667,421,0,421,5,6,156,0,92,1,0,3,97,5,3,0,39,13,1
28,79,Madrid,17-023-B,693,0,0,693,454,0,454,5,5,147,2,112,1,0,2,105,6,2,0,28,38,1
28,79,Madrid,17-024-A,529,6,0,535,293,0,293,2,5,97,0,75,0,0,1,56,3,2,1,32,19,0
28,79,Madrid,17-024-B,579,0,0,579,307,0,307,2,5,94,0,89,1,1,1,74,2,1,0,24,13,0
28,79,Madrid,17-025-U,521,0,0,521,280,0,280,5,1,107,0,82,0,0,0,53,2,0,0,14,16,0
28,79,Madrid,17-026-U,833,0,0,833,450,0,450,0,4,153,1,138,0,1,0,97,8,2,1,26,19,0
28,79,Madrid,17-027-A,661,0,0,661,453,0,453,2,10,142,1,104,0,1,0,113,6,1,1,24,45,3
28,79,Madrid,17-027-B,734,0,0,734,489,0,489,1,12,162,2,116,0,0,0,120,3,5,0,37,31,0
28,79,Madrid,17-028-U,804,0,0,804,490,0,490,6,6,172,0,123,1,0,1,110,8,1,0,38,23,1
28,79,Madrid,17-029-A,604,0,0,604,396,0,396,4,6,132,1,98,0,0,1,94,8,4,1,27,19,1
28,79,Madrid,17-029-B,555,0,0,555,354,0,354,2,6,137,1,71,0,0,0,85,1,4,0,32,15,0
28,79,Madrid,17-031-U,635,0,0,635,304,0,304,2,1,73,0,103,1,2,0,73,3,2,0,26,18,0
28,79,Madrid,17-032-A,551,0,0,551,238,1,239,3,2,66,0,85,0,0,3,58,2,1,1,12,5,1
28,79,Madrid,17-032-B,524,0,0,524,226,0,226,2,1,73,0,77,0,0,2,40,2,2,0,15,11,1
28,79,Madrid,17-033-U,718,0,0,718,319,0,319,3,0,79,1,114,0,0,0,52,1,7,0,36,24,2
28,79,Madrid,17-035-U,653,0,0,653,262,0,262,5,4,54,3,94,0,0,0,62,4,1,0,21,14,0
28,79,Madrid,17-036-U,533,0,0,533,245,0,245,4,6,67,0,72,0,0,1,51,2,1,1,13,27,0
28,79,Madrid,17-037-U,580,0,0,580,234,0,234,3,4,57,1,77,0,1,0,55,0,0,0,17,17,2
28,79,Madrid,17-038-U,830,0,0,830,384,0,384,1,4,120,1,105,0,0,1,85,4,0,0,31,31,1
28,79,Madrid,17-039-A,537,0,0,537,235,0,235,1,2,86,0,60,0,0,1,47,4,2,1,14,17,0
28,79,Madrid,17-039-B,518,0,0,518,226,0,226,0,2,66,0,73,1,1,1,51,2,3,0,10,15,1
28,79,Madrid,17-041-U,608,0,0,608,222,0,222,2,2,78,5,72,0,0,0,34,2,4,0,15,6,2
28,79,Madrid,17-042-U,755,0,0,755,310,0,310,2,0,105,0,124,0,0,0,46,2,5,0,15,11,0
28,79,Madrid,17-043-A,505,0,0,505,251,0,251,2,2,49,0,92,0,0,1,57,1,4,1,22,19,1
28,79,Madrid,17-043-B,532,0,0,532,247,0,247,0,2,67,3,90,0,0,0,40,4,6,0,23,12,0
28,79,Madrid,17-045-A,677,0,0,677,481,0,481,4,9,183,0,83,1,0,0,137,4,1,0,47,12,0
28,79,Madrid,17-045-B,701,0,0,701,511,0,511,1,2,170,0,97,0,0,0,144,7,3,1,54,30,2
28,79,Madrid,17-046-A,523,0,0,523,294,0,294,2,5,92,0,82,0,0,0,61,4,1,0,28,19,0
28,79,Madrid,17-046-B,577,0,0,577,318,0,318,1,2,100,1,101,0,0,2,56,3,2,0,27,22,1
28,79,Madrid,17-047-A,476,0,0,476,236,0,236,1,2,80,0,79,0,0,2,50,1,3,0,10,6,2
28,79,Madrid,17-047-B,499,0,0,499,257,0,257,4,3,66,1,85,0,0,0,58,1,2,1,19,16,1
28,79,Madrid,17-048-A,676,0,0,676,450,0,450,2,1,143,1,112,0,0,0,138,3,3,0,21,26,0
28,79,Madrid,17-048-B,760,0,0,760,515,0,515,6,7,153,2,128,0,0,1,143,5,3,0,36,30,1
28,79,Madrid,17-049-U,666,0,0,666,317,0,317,3,11,88,1,96,1,0,0,66,3,4,0,20,22,2
28,79,Madrid,17-050-U,891,0,0,891,494,0,494,2,9,154,1,158,0,0,1,118,3,2,0,19,26,1
28,79,Madrid,17-051-U,664,0,0,664,317,0,317,0,2,103,0,100,0,0,0,58,3,2,2,21,23,3
28,79,Madrid,17-052-U,726,0,0,726,452,0,452,2,6,173,0,133,0,0,0,81,2,2,1,31,21,0
28,79,Madrid,17-053-U,669,0,0,669,437,0,437,6,4,181,1,105,1,0,1,80,9,3,0,29,17,0
28,79,Madrid,17-054-U,712,0,0,712,394,0,394,2,1,146,0,116,0,0,1,74,6,4,0,28,16,0
28,79,Madrid,17-055-A,585,0,0,585,372,0,372,5,7,108,2,108,0,0,0,83,0,3,0,34,20,2
28,79,Madrid,17-055-B,586,0,0,586,390,0,390,6,4,146,2,110,0,1,1,72,1,3,0,27,17,0
28,79,Madrid,17-057-U,927,0,0,927,490,0,490,4,6,170,0,131,0,0,0,91,7,7,0,40,33,1
28,79,Madrid,17-058-U,839,0,0,839,500,0,500,3,3,164,3,117,0,0,2,115,6,6,1,39,40,1
28,79,Madrid,17-059-U,895,0,0,895,536,0,536,8,10,177,4,147,0,0,0,106,7,5,0,37,34,1
28,79,Madrid,17-060-U,626,0,0,626,374,0,374,4,10,118,1,101,0,1,1,86,3,5,0,20,23,1
28,79,Madrid,17-061-U,700,0,0,700,297,0,297,2,3,94,0,92,0,0,1,58,0,3,0,25,18,1
28,79,Madrid,17-062-U,903,0,0,903,449,0,449,6,8,134,0,142,0,0,0,94,4,10,0,27,23,1
28,79,Madrid,17-063-U,633,0,0,633,339,0,339,4,2,118,1,103,0,0,1,67,1,1,0,27,14,0
28,79,Madrid,17-064-U,881,0,0,881,459,0,459,4,6,155,0,138,1,0,0,102,1,1,0,27,24,0
28,79,Madrid,17-065-U,759,0,0,759,411,0,411,5,3,133,0,144,0,1,0,73,2,5,1,28,14,2
28,79,Madrid,17-066-U,682,0,0,682,317,0,317,1,8,102,0,79,0,0,0,75,5,3,1,14,27,2
28,79,Madrid,17-068-A,678,0,0,678,390,0,390,6,3,120,0,83,1,0,0,88,1,10,0,51,27,0
28,79,Madrid,17-068-B,745,0,0,745,412,0,412,3,4,120,1,99,0,0,0,106,4,3,1,39,31,1
28,79,Madrid,17-069-U,925,0,0,925,535,0,535,9,5,153,4,149,0,0,0,130,6,5,1,39,32,2
28,79,Madrid,17-070-A,536,0,0,536,391,0,391,5,1,152,1,88,0,0,0,95,4,5,1,20,19,0
28,79,Madrid,17-070-B,497,0,0,497,344,0,344,5,3,133,0,95,1,0,1,72,1,3,0,13,16,1
28,79,Madrid,17-071-A,615,0,0,615,428,0,428,3,1,162,1,122,0,0,0,81,7,4,0,24,23,0
28,79,Madrid,17-071-B,645,0,0,645,420,0,420,5,4,157,0,109,0,0,0,93,2,1,0,22,27,0
28,79,Madrid,17-072-U,627,0,0,627,315,0,315,3,4,99,2,79,1,0,0,64,1,2,1,49,10,0
28,79,Madrid,17-073-U,638,0,0,638,349,0,349,2,0,131,1,93,0,1,0,65,1,3,0,30,21,1
28,79,Madrid,17-074-U,660,0,0,660,436,0,436,2,0,157,0,111,0,0,0,104,4,1,0,34,23,0
28,79,Madrid,17-075-A,560,0,0,560,374,0,374,5,4,148,0,87,0,0,0,72,7,2,1,19,28,1
28,79,Madrid,17-075-B,525,0,0,525,348,0,348,0,4,140,1,80,0,1,0,85,3,3,0,20,11,0
28,79,Madrid,17-076-U,872,0,0,872,608,0,608,13,2,263,1,123,0,0,1,106,6,6,0,43,42,2
28,79,Madrid,17-078-A,471,0,0,471,329,0,329,1,3,127,1,88,0,1,0,68,5,1,0,23,11,0
28,79,Madrid,17-078-B,501,0,0,501,371,0,371,2,2,173,1,88,0,0,1,61,3,1,0,21,18,0
28,79,Madrid,17-079-U,601,0,0,601,372,0,372,1,4,127,2,105,0,0,0,87,4,3,0,17,22,0
28,79,Madrid,17-080-A,795,0,0,795,555,0,555,3,9,210,2,78,0,0,0,185,6,5,0,26,30,1
28,79,Madrid,17-080-B,840,0,0,840,588,0,588,6,6,203,2,88,1,0,1,195,5,9,0,32,40,0
28,79,Madrid,17-082-A,535,0,0,535,340,0,340,4,6,125,1,69,0,0,0,84,6,2,0,24,19,0
28,79,Madrid,17-082-B,519,0,0,519,320,0,320,2,6,113,0,71,0,0,0,77,8,1,0,26,16,0
28,79,Madrid,17-083-U,909,0,0,909,543,0,543,4,2,161,0,147,0,0,0,139,4,2,0,45,38,1
28,79,Madrid,17-084-U,643,0,0,643,368,0,368,0,3,113,2,99,0,0,4,85,7,6,1,27,21,0
28,79,Madrid,17-085-U,536,0,0,536,374,0,374,3,10,167,0,78,0,0,0,71,6,1,0,22,16,0
28,79,Madrid,17-086-U,579,0,0,579,387,0,387,5,1,169,0,93,0,0,0,63,9,7,0,22,18,0
28,79,Madrid,17-087-A,549,0,0,549,365,0,365,2,6,164,1,84,0,0,0,61,4,1,0,24,16,2
28,79,Madrid,17-087-B,596,0,0,596,387,0,387,2,3,153,1,91,1,0,0,82,0,0,0,36,17,1
28,79,Madrid,17-089-U,795,0,0,795,505,0,505,4,8,179,2,125,0,0,1,130,4,4,1,26,21,0
28,79,Madrid,17-090-U,760,0,0,760,461,0,461,2,2,195,0,80,0,0,0,124,4,4,0,29,21,0
28,79,Madrid,17-091-U,731,0,0,731,431,0,431,3,4,153,0,91,1,0,0,108,7,2,1,31,27,3
28,79,Madrid,17-092-U,635,0,0,635,482,0,482,6,3,191,1,89,2,0,0,92,15,3,0,35,45,0
28,79,Madrid,17-093-U,551,0,0,551,399,0,399,1,4,126,3,85,0,0,0,97,4,3,0,27,49,0
28,79,Madrid,17-094-U,549,0,0,549,348,0,348,2,10,125,0,87,0,0,0,78,4,1,0,26,15,0
28,79,Madrid,17-095-U,587,0,0,587,375,0,375,2,3,152,0,86,0,0,0,73,6,5,1,23,24,0
28,79,Madrid,17-096-A,489,0,0,489,341,0,341,4,3,125,1,73,0,0,1,82,6,1,0,30,15,0
28,79,Madrid,17-096-B,518,0,0,518,394,0,394,6,5,148,2,86,0,0,0,107,6,2,0,19,13,0
28,79,Madrid,17-097-A,632,0,0,632,480,0,480,5,10,182,1,95,0,1,2,127,6,7,0,22,20,2
28,79,Madrid,17-097-B,620,0,0,620,443,0,443,5,6,184,0,94,0,0,0,96,8,4,1,25,20,0
28,79,Madrid,17-098-U,834,0,0,834,338,0,338,3,1,69,0,113,0,2,0,61,1,3,0,53,31,1
28,79,Madrid,17-099-U,681,0,0,681,461,0,461,3,10,116,0,94,1,0,0,124,9,2,2,44,56,0
28,79,Madrid,17-100-U,653,0,0,653,341,0,341,0,2,113,0,98,2,0,1,72,2,5,0,30,16,0
28,79,Madrid,17-101-A,660,0,0,660,397,0,397,7,2,126,1,97,0,0,0,102,6,2,0,27,27,0
28,79,Madrid,17-101-B,669,0,0,669,408,0,408,9,6,111,0,109,1,0,1,102,3,4,2,23,36,1
28,79,Madrid,17-102-A,475,0,0,475,394,0,394,2,4,153,0,93,0,0,0,83,6,3,0,21,27,2
28,79,Madrid,17-102-B,496,0,0,496,390,0,390,5,2,159,0,89,0,0,1,87,5,1,0,22,19,0
28,79,Madrid,17-103-A,864,0,0,864,629,0,629,3,13,191,2,148,0,2,1,191,11,3,0,35,29,0
28,79,Madrid,17-103-B,768,0,0,768,562,0,562,6,4,208,3,118,0,0,0,149,8,6,0,29,28,3
28,79,Madrid,17-104-A,747,0,0,747,507,0,507,3,4,143,2,125,0,0,2,143,7,0,0,51,27,0
28,79,Madrid,17-104-B,764,0,0,764,508,0,508,1,5,187,2,118,0,1,1,118,7,6,1,32,27,2
28,79,Madrid,17-105-A,589,0,0,589,433,0,433,0,3,164,0,81,0,0,1,129,5,4,0,24,22,0
28,79,Madrid,17-105-B,641,0,0,641,454,0,454,1,8,154,1,86,0,1,0,119,8,4,1,32,37,2
28,79,Madrid,17-106-A,631,0,0,631,411,0,411,4,8,139,0,81,0,0,2,100,6,6,1,44,20,0
28,79,Madrid,17-106-B,682,0,0,682,467,0,467,4,7,122,1,90,0,0,0,124,14,4,1,69,31,0
28,79,Madrid,17-106-C,696,0,0,696,454,0,454,7,9,142,2,82,0,0,1,125,4,3,0,36,42,1
28,79,Madrid,17-107-A,878,0,0,878,650,0,650,4,5,224,1,113,0,1,0,203,12,3,0,44,40,0
28,79,Madrid,17-107-B,885,0,0,885,656,0,656,6,9,222,0,108,0,0,0,206,7,1,2,59,35,1
28,79,Madrid,17-108-A,595,0,0,595,445,0,445,4,3,173,0,90,0,0,0,122,11,0,0,19,23,0
28,79,Madrid,17-108-B,563,0,0,563,410,0,410,3,4,133,0,82,0,0,0,115,13,1,0,27,32,0
28,79,Madrid,17-109-U,849,0,0,849,502,0,502,1,4,119,1,167,0,1,0,124,1,3,1,41,39,0
28,79,Madrid,17-110-A,714,0,0,714,547,0,547,13,2,179,3,89,1,0,0,173,19,7,0,25,35,1
28,79,Madrid,17-110-B,708,0,0,708,534,0,534,8,7,201,1,90,2,0,0,154,5,2,0,35,29,0
28,79,Madrid,17-111-A,730,0,0,730,443,0,443,10,5,121,0,73,0,1,0,155,5,3,1,38,29,2
28,79,Madrid,17-111-B,765,0,0,765,469,0,469,3,10,127,0,84,0,0,0,156,1,3,0,57,28,0
28,79,Madrid,17-112-A,718,0,0,718,522,0,522,3,4,193,4,75,1,0,0,163,12,3,1,37,25,1
28,79,Madrid,17-112-B,725,0,0,725,536,0,536,6,12,221,1,90,1,1,0,140,12,4,0,29,19,0
28,79,Madrid,17-113-A,630,0,0,630,473,0,473,7,8,160,3,84,0,0,0,137,10,3,0,34,27,0
28,79,Madrid,17-113-B,746,0,0,746,583,0,583,4,3,203,3,109,0,1,0,173,11,2,0,39,34,1
28,79,Madrid,17-113-C,634,0,0,634,479,0,479,10,5,153,1,94,0,1,1,151,7,3,0,27,24,2
28,79,Madrid,17-114-A,533,0,0,533,388,0,388,3,5,107,0,79,0,1,1,128,11,4,0,32,17,0
28,79,Madrid,17-114-B,601,0,0,601,421,0,421,2,7,126,3,71,0,0,1,130,12,5,0,40,24,0
28,79,Madrid,17-115-A,667,0,0,667,500,0,500,5,11,163,2,77,1,0,1,159,12,2,0,42,25,0
28,79,Madrid,17-115-B,722,0,0,722,535,0,535,4,7,194,3,83,1,0,1,159,13,7,1,37,24,1
28,79,Madrid,17-116-A,508,0,0,508,373,0,373,2,5,111,1,75,0,0,1,117,5,4,0,23,29,0
28,79,Madrid,17-116-B,511,0,0,511,383,0,383,3,5,126,0,71,0,0,0,112,9,2,0,21,34,0
28,79,Madrid,17-117-A,779,0,0,779,490,0,490,2,5,140,2,116,0,0,0,150,11,4,1,32,27,0
28,79,Madrid,17-117-B,706,0,0,706,453,0,453,9,3,131,2,81,0,0,2,154,11,1,1,31,25,2
28,79,Madrid,17-118-A,791,0,0,791,559,0,559,4,3,224,2,101,0,0,0,142,10,2,1,30,37,3
28,79,Madrid,17-118-B,713,0,0,713,508,0,508,0,9,190,0,108,0,0,0,146,5,2,2,18,28,0
28,79,Madrid,18-002-A,514,0,0,514,329,0,329,4,3,95,0,93,0,0,1,85,0,0,1,30,17,0
28,79,Madrid,18-002-B,535,0,0,535,354,0,354,4,3,108,0,96,0,3,1,89,7,0,0,22,21,0
28,79,Madrid,18-003-U,588,0,0,588,385,0,385,2,5,111,0,104,1,1,1,102,5,3,2,24,22,2
28,79,Madrid,18-004-U,845,0,0,845,488,0,488,2,3,148,0,133,1,1,2,112,5,8,0,29,42,2
28,79,Madrid,18-005-U,766,0,0,766,416,0,416,6,4,110,5,118,0,1,0,118,3,3,2,23,22,1
28,79,Madrid,18-006-U,799,0,0,799,462,0,462,2,6,147,1,124,0,0,1,103,3,0,0,31,44,0
28,79,Madrid,18-007-U,658,0,0,658,406,0,406,2,4,139,1,90,0,0,0,111,3,2,0,28,25,1
28,79,Madrid,18-008-U,782,0,0,782,511,0,511,4,12,158,2,148,0,0,1,103,2,0,1,29,47,4
28,79,Madrid,18-009-A,540,0,0,540,331,0,331,0,6,94,1,90,1,2,1,89,1,2,0,27,17,0
28,79,Madrid,18-009-B,502,0,0,502,300,0,300,7,5,79,1,81,0,0,1,68,4,3,0,26,23,2
28,79,Madrid,18-010-U,690,0,0,690,340,0,340,6,3,109,2,108,0,1,0,60,5,3,1,20,21,1
28,79,Madrid,18-011-U,833,0,0,833,490,0,490,7,10,146,1,114,1,1,2,118,5,5,0,45,34,1
28,79,Madrid,18-012-A,588,0,0,588,358,0,358,4,1,108,0,85,0,0,0,104,3,3,1,30,18,1
28,79,Madrid,18-012-B,538,0,0,538,326,0,326,3,3,95,0,86,0,0,1,87,0,1,0,19,28,3
28,79,Madrid,18-013-U,748,0,0,748,448,0,448,2,10,130,2,130,0,1,2,103,5,2,2,26,32,1
28,79,Madrid,18-014-A,481,0,0,481,318,0,318,2,4,128,1,71,0,0,1,71,5,3,2,19,11,0
28,79,Madrid,18-014-B,523,0,0,523,331,0,331,4,5,104,0,89,0,0,1,78,5,1,0,23,19,2
28,79,Madrid,18-015-U,762,0,0,762,422,0,422,2,5,118,0,108,0,0,1,97,9,1,0,38,42,1
28,79,Madrid,18-016-U,818,0,0,818,444,0,444,0,9,126,1,115,0,1,0,111,3,5,2,36,34,1
28,79,Madrid,18-017-U,770,0,0,770,453,0,453,4,5,124,0,120,0,0,0,119,6,7,0,39,29,0
28,79,Madrid,18-018-A,655,0,0,655,420,0,420,3,5,147,1,93,0,0,0,107,2,4,0,35,20,3
28,79,Madrid,18-018-B,636,0,0,636,396,0,396,6,4,127,4,86,0,0,1,110,5,3,2,27,21,0
28,79,Madrid,18-019-A,608,0,0,608,392,0,392,5,4,97,1,99,0,0,1,115,4,3,0,36,27,0
28,79,Madrid,18-019-B,647,0,0,647,407,0,407,2,4,117,2,122,0,0,0,92,9,7,1,26,25,0
28,79,Madrid,18-020-A,573,0,0,573,429,0,429,8,0,142,1,79,0,0,0,159,1,0,1,16,22,0
28,79,Madrid,18-020-B,567,0,0,567,426,0,426,4,1,152,0,84,0,0,0,117,7,2,0,31,28,0
28,79,Madrid,18-021-U,811,0,0,811,623,0,623,3,5,203,0,176,0,1,4,142,2,4,0,26,56,1
28,79,Madrid,18-022-U,913,0,0,913,534,0,534,5,6,148,2,174,0,0,0,134,6,3,1,24,30,1
28,79,Madrid,18-023-U,883,0,0,883,595,0,595,7,2,152,2,162,0,1,2,161,8,6,0,39,53,0
28,79,Madrid,18-024-U,733,0,0,733,513,0,513,3,3,161,0,142,0,0,1,115,5,2,1,35,43,2
28,79,Madrid,18-025-A,721,0,0,721,554,0,554,8,0,154,1,101,1,0,0,184,18,5,0,32,49,1
28,79,Madrid,18-025-B,652,0,0,652,519,0,519,5,7,154,0,106,1,3,1,137,20,2,0,44,37,2
28,79,Madrid,18-026-A,571,0,0,571,330,0,330,2,5,75,0,104,0,0,86,0,1,3,1,41,12,0
28,79,Madrid,18-026-B,632,0,0,632,319,0,319,3,1,85,1,104,0,0,2,75,4,2,0,22,19,1
28,79,Madrid,18-027-A,724,0,0,724,486,0,486,9,1,168,0,108,0,0,1,122,8,2,1,40,25,1
28,79,Madrid,18-027-B,665,0,0,665,440,0,440,9,2,132,0,105,0,0,1,116,9,4,0,31,30,1
28,79,Madrid,18-028-A,717,0,0,717,535,0,535,8,7,226,1,107,0,0,0,102,7,1,0,36,39,1
28,79,Madrid,18-028-B,772,0,0,772,586,0,586,5,2,240,0,105,1,0,0,145,17,0,0,32,38,1
28,79,Madrid,18-029-U,873,0,0,873,663,0,663,4,4,244,1,160,0,0,1,170,16,3,0,25,35,0
28,79,Madrid,18-030-U,591,0,0,591,457,0,457,6,7,190,1,91,0,0,2,106,2,0,0,33,19,0
28,79,Madrid,18-031-U,818,0,0,818,605,0,605,7,10,244,1,113,0,0,0,146,9,2,1,37,33,2
28,79,Madrid,18-032-A,491,0,0,491,353,0,353,2,3,172,0,58,0,0,0,63,11,1,0,20,23,0
28,79,Madrid,18-032-B,541,0,0,541,395,0,395,2,1,177,1,81,0,0,0,90,5,1,0,17,19,1
28,79,Madrid,18-033-A,488,0,0,488,384,0,384,4,5,187,0,70,0,0,0,63,6,6,0,26,17,0
28,79,Madrid,18-033-B,493,0,0,493,364,0,364,5,3,158,1,79,0,0,0,60,11,2,0,20,25,0
28,79,Madrid,18-034-U,976,0,0,976,722,0,722,8,7,264,0,155,0,2,3,161,7,5,0,57,52,1
28,79,Madrid,18-035-U,679,0,0,679,490,0,490,7,2,245,0,89,0,0,0,78,9,1,1,32,26,0
28,79,Madrid,18-036-A,516,0,0,516,369,0,369,8,1,153,2,57,0,0,0,96,8,4,0,14,25,1
28,79,Madrid,18-036-B,525,0,0,525,395,0,395,6,3,170,1,78,0,0,0,74,4,5,4,25,23,2
28,79,Madrid,18-037-U,742,0,0,742,485,0,485,9,6,165,1,122,1,0,0,114,4,1,0,31,30,1
28,79,Madrid,18-038-U,727,0,0,727,399,0,399,6,5,101,5,124,0,1,0,91,1,7,0,44,14,0
28,79,Madrid,18-039-A,582,0,0,582,470,0,470,5,2,188,1,104,0,0,0,115,6,1,0,27,21,0
28,79,Madrid,18-039-B,534,0,0,534,422,0,422,2,5,169,2,96,0,1,0,101,6,0,0,17,23,0
28,79,Madrid,18-040-A,905,0,0,905,725,0,725,12,4,338,4,128,0,0,0,145,9,13,0,45,25,2
28,79,Madrid,18-040-B,918,0,0,918,682,0,682,7,11,342,2,93,0,0,2,138,10,5,2,36,34,0
28,79,Madrid,18-041-U,917,0,0,917,664,0,664,5,7,324,1,111,1,0,0,127,12,3,1,43,25,4
28,79,Madrid,18-042-A,689,0,0,689,419,0,419,6,2,95,0,93,0,0,0,133,4,6,1,46,32,1
28,79,Madrid,18-042-B,681,0,0,681,380,0,380,4,5,87,0,73,0,1,0,126,6,7,0,39,32,0
28,79,Madrid,18-043-A,760,0,0,760,520,0,520,4,2,157,3,105,0,0,5,171,1,5,0,36,29,2
28,79,Madrid,18-043-B,745,0,0,745,489,0,489,5,10,128,0,97,0,1,4,152,5,10,0,39,37,1
28,79,Madrid,18-044-A,537,0,0,537,440,0,440,9,8,196,0,81,0,1,0,93,4,2,1,17,27,1
28,79,Madrid,18-044-B,557,0,0,557,434,0,434,0,8,171,0,80,0,0,0,112,7,3,1,24,28,0
28,79,Madrid,18-045-A,692,0,0,692,59,0,59,2,0,8,1,26,0,0,0,13,0,0,0,4,5,0
28,79,Madrid,18-045-B,616,0,0,616,40,0,40,0,0,13,0,9,0,0,0,12,0,0,0,2,4,0
28,79,Madrid,18-046-A,519,0,0,519,290,0,290,2,3,88,0,51,0,0,1,89,3,2,0,24,27,0
28,79,Madrid,18-046-B,497,0,0,497,309,0,309,4,4,82,1,76,0,0,1,94,3,3,0,18,23,0
28,79,Madrid,18-047-U,902,0,0,902,583,0,583,3,6,148,0,136,0,1,1,179,11,7,1,43,47,0
28,79,Madrid,18-048-A,521,0,0,521,401,0,401,1,3,172,0,64,0,1,0,99,10,0,0,30,20,1
28,79,Madrid,18-048-B,568,0,0,568,425,0,425,1,6,173,0,100,0,0,0,94,11,4,0,13,23,0
28,79,Madrid,18-049-A,548,0,0,548,435,0,435,7,6,161,2,74,0,2,2,116,10,5,2,28,19,1
28,79,Madrid,18-049-B,488,0,0,488,374,0,374,5,2,157,0,66,0,0,0,89,8,2,0,24,20,1
28,79,Madrid,18-050-A,776,0,0,776,540,0,540,14,11,170,2,67,0,0,1,193,10,3,1,20,48,0
28,79,Madrid,18-050-B,813,0,0,813,559,0,559,11,4,174,1,80,1,0,0,195,14,4,0,35,39,1
28,79,Madrid,18-051-A,595,0,0,595,430,0,430,3,1,169,1,59,0,0,0,126,9,2,0,30,29,1
28,79,Madrid,18-051-B,537,0,0,537,396,0,396,5,3,171,1,52,0,0,0,114,5,7,0,19,16,3
28,79,Madrid,18-052-A,652,0,0,652,377,0,377,2,5,109,0,87,0,1,0,106,9,2,0,30,24,2
28,79,Madrid,18-052-B,625,0,0,625,332,0,332,3,7,109,2,74,0,0,0,90,1,6,0,21,19,0
28,79,Madrid,18-053-A,765,0,0,765,546,0,546,12,2,180,2,82,0,0,0,177,13,4,0,38,36,0
28,79,Madrid,18-053-B,698,0,0,698,501,0,501,8,4,156,3,78,0,1,1,159,23,3,0,34,30,1
28,79,Madrid,18-054-A,993,0,0,993,754,0,754,5,8,290,1,119,0,0,0,214,13,6,1,54,41,2
28,79,Madrid,18-054-B,921,0,0,921,703,0,703,11,13,231,1,106,0,0,1,227,22,11,0,43,37,0
28,79,Madrid,18-055-A,575,0,0,575,435,0,435,8,6,178,1,68,0,0,1,112,4,1,0,26,28,2
28,79,Madrid,18-055-B,639,0,0,639,435,0,435,10,5,173,3,56,1,0,1,106,7,3,0,37,33,0
28,79,Madrid,18-056-A,553,0,0,553,389,0,389,5,1,139,1,71,0,1,0,109,4,4,1,27,26,0
28,79,Madrid,18-056-B,592,0,0,592,433,0,433,8,0,153,5,50,0,0,0,134,9,1,0,37,36,0
28,79,Madrid,18-057-A,874,0,0,874,587,0,587,4,7,248,1,91,0,0,0,153,6,4,0,42,30,1
28,79,Madrid,18-057-B,906,0,0,906,598,0,598,7,7,220,1,71,0,0,1,186,17,8,0,47,30,3
28,79,Madrid,18-058-A,972,0,0,972,653,0,653,7,12,252,3,100,0,0,0,162,16,8,0,47,45,1
28,79,Madrid,18-058-B,999,0,0,999,673,0,673,7,8,255,0,117,0,0,2,184,13,5,0,42,38,2
28,79,Madrid,18-059-A,772,0,0,772,526,0,526,9,13,152,2,100,0,0,2,169,6,7,0,36,30,0
28,79,Madrid,18-059-B,822,0,0,822,532,0,532,7,6,143,2,88,0,1,0,194,11,3,0,41,34,2
28,79,Madrid,18-060-A,561,0,0,561,428,0,428,6,2,168,1,45,0,0,1,134,10,3,1,30,25,2
28,79,Madrid,18-060-B,556,0,0,556,418,0,418,3,7,152,2,52,0,0,0,134,7,2,0,26,33,0
28,79,Madrid,18-061-A,545,0,0,545,401,0,401,6,1,171,0,56,0,0,0,106,8,2,1,31,19,0
28,79,Madrid,18-061-B,564,0,0,564,426,0,426,7,2,204,1,64,0,1,0,102,11,5,0,21,8,0
28,79,Madrid,18-062-A,636,0,0,636,438,0,438,4,3,169,1,62,0,0,1,133,9,2,0,26,27,1
28,79,Madrid,18-062-B,618,0,0,618,410,0,410,4,5,139,0,65,0,0,1,134,4,9,0,25,24,0
28,79,Madrid,18-063-A,489,0,0,489,371,0,371,1,2,120,0,55,0,1,1,121,10,3,1,30,26,0
28,79,Madrid,18-063-B,512,0,0,512,372,0,372,7,3,116,1,51,0,1,1,131,6,2,2,22,28,1
28,79,Madrid,18-064-A,739,0,0,739,464,0,464,9,4,128,1,101,2,0,1,141,11,8,0,29,29,0
28,79,Madrid,18-064-B,819,0,0,819,539,0,539,7,4,180,2,85,0,1,1,173,10,4,0,36,35,1
28,79,Madrid,18-065-A,848,0,0,848,428,0,428,2,6,120,2,88,0,0,0,124,7,3,1,37,34,4
28,79,Madrid,18-065-B,939,0,0,939,471,0,471,7,5,135,2,95,0,1,1,146,6,7,0,46,19,1
28,79,Madrid,18-066-A,721,0,0,721,503,0,503,10,5,211,0,74,1,0,0,135,6,5,1,30,25,0
28,79,Madrid,18-066-B,732,1,0,733,565,0,565,3,4,230,0,87,0,0,1,150,13,5,1,35,36,0
28,79,Madrid,18-067-A,535,0,0,535,381,0,381,3,4,145,2,46,0,0,2,128,15,1,0,17,18,0
28,79,Madrid,18-067-B,538,0,0,538,402,0,402,5,4,149,1,48,0,0,1,121,10,4,0,34,24,1
28,79,Madrid,18-068-U,891,0,0,891,655,0,655,6,8,292,0,88,0,0,1,182,7,3,0,44,24,0
28,79,Madrid,18-069-A,528,0,0,528,408,0,408,4,4,205,0,42,0,0,0,96,8,4,1,26,18,0
28,79,Madrid,18-069-B,550,0,0,550,406,0,406,6,5,194,2,50,0,0,1,116,10,1,0,14,7,0
28,79,Madrid,18-070-A,529,0,0,529,433,0,433,4,1,139,0,72,0,0,0,149,17,2,1,24,24,0
28,79,Madrid,18-070-B,475,0,0,475,375,0,375,2,8,119,1,57,0,1,0,122,7,1,0,32,24,1
28,79,Madrid,18-071-A,676,0,0,676,479,0,479,5,7,197,1,69,0,0,1,131,8,2,0,36,19,3
28,79,Madrid,18-071-B,612,0,0,612,452,0,452,2,6,185,2,62,0,0,0,118,16,3,0,32,26,0
28,79,Madrid,18-072-U,966,0,0,966,685,0,685,11,7,269,3,79,0,0,4,214,18,5,0,39,36,0
28,79,Madrid,18-073-U,972,0,0,972,654,0,654,8,0,213,0,110,0,0,1,205,5,3,0,48,59,2
28,79,Madrid,19-001-A,614,0,0,614,176,0,176,3,3,48,1,44,0,0,1,43,2,1,0,22,8,0
28,79,Madrid,19-001-B,630,0,0,630,201,0,201,2,2,69,0,35,0,0,0,45,2,0,0,35,11,0
28,79,Madrid,19-002-A,568,0,0,568,419,0,419,4,3,160,2,98,1,2,0,86,10,5,0,27,21,0
28,79,Madrid,19-002-B,721,0,0,721,531,0,531,1,4,222,1,105,0,0,0,114,11,1,0,33,38,1
28,79,Madrid,19-002-C,665,0,0,665,466,0,466,6,8,194,2,86,0,0,0,103,9,4,0,29,25,0
28,79,Madrid,19-003-U,594,0,0,594,414,0,414,5,2,163,1,107,0,0,1,70,2,4,1,28,30,0
28,79,Madrid,19-004-U,583,1,0,584,335,0,335,5,3,127,0,84,0,0,2,67,4,4,0,28,11,0
28,79,Madrid,19-005-A,593,0,0,593,373,0,373,3,6,123,0,90,1,0,1,94,5,4,0,35,11,0
28,79,Madrid,19-005-B,573,0,0,573,357,0,357,3,2,112,0,85,1,1,1,95,4,4,0,26,23,0
28,79,Madrid,19-006-U,840,0,0,840,556,0,556,4,7,192,4,125,0,0,0,136,13,6,0,40,29,0
28,79,Madrid,19-007-U,851,0,0,851,540,0,540,6,8,204,1,144,0,1,2,108,3,5,0,35,22,1
28,79,Madrid,19-008-U,839,0,0,839,514,0,514,4,6,187,1,114,0,2,0,116,6,4,0,40,34,0
28,79,Madrid,19-009-U,927,0,0,927,568,0,568,3,5,211,1,145,0,1,1,134,7,2,1,31,23,3
28,79,Madrid,19-011-U,922,0,0,922,573,0,573,8,4,216,1,156,0,0,0,120,5,0,1,43,19,0
28,79,Madrid,19-012-U,695,0,0,695,474,0,474,0,8,193,1,136,0,0,0,69,5,7,0,32,20,3
28,79,Madrid,19-014-A,576,0,0,576,316,0,316,6,2,103,1,77,0,0,0,65,4,5,0,36,16,1
28,79,Madrid,19-014-B,543,0,0,543,300,0,300,0,3,85,2,106,0,0,0,45,6,1,0,30,22,0
28,79,Madrid,19-015-U,702,0,0,702,445,0,445,6,9,168,0,115,1,0,0,74,5,1,2,45,19,0
28,79,Madrid,19-016-U,613,0,0,613,377,0,377,4,4,121,1,98,0,0,0,80,10,2,1,33,21,2
28,79,Madrid,19-018-U,803,0,0,803,488,0,488,4,9,187,0,143,0,0,3,86,5,0,1,31,19,0
28,79,Madrid,19-019-U,691,0,0,691,431,0,431,1,2,181,1,123,0,1,1,62,5,7,0,26,21,0
28,79,Madrid,19-020-U,757,0,0,757,517,0,517,2,3,179,1,166,0,0,0,93,2,5,0,36,30,0
28,79,Madrid,19-021-U,924,0,0,924,598,0,598,7,9,232,2,173,2,2,0,100,8,4,1,30,27,1
28,79,Madrid,19-022-U,719,0,0,719,406,0,406,5,6,125,0,116,0,0,1,83,9,9,1,30,18,3
28,79,Madrid,19-023-U,776,0,0,776,457,0,457,6,4,170,0,126,1,0,0,81,6,6,2,32,22,1
28,79,Madrid,19-024-U,537,0,0,537,302,0,302,3,2,103,1,100,0,0,2,62,1,1,0,19,8,0
28,79,Madrid,19-025-U,709,0,0,709,429,0,429,3,3,148,1,112,0,1,0,104,1,4,0,29,22,1
28,79,Madrid,19-026-U,619,0,0,619,364,0,364,4,2,126,2,93,0,0,3,75,5,5,1,31,17,0
28,79,Madrid,19-027-U,664,0,0,664,339,0,339,3,7,117,1,93,0,0,0,74,2,4,0,23,13,2
28,79,Madrid,19-028-U,894,0,0,894,452,0,452,2,4,181,1,117,0,0,1,74,2,4,1,46,19,0
28,79,Madrid,19-029-U,619,0,0,619,382,0,382,4,3,121,1,117,0,1,0,76,2,4,1,26,23,3
28,79,Madrid,19-032-A,707,0,0,707,454,0,454,3,5,145,5,104,0,0,0,115,5,2,0,50,20,0
28,79,Madrid,19-032-B,750,0,0,750,501,0,501,7,3,187,2,111,0,1,0,115,6,4,1,42,20,2
28,79,Madrid,19-033-A,843,0,0,843,653,0,653,6,6,246,0,113,1,0,0,196,10,3,0,30,42,0
28,79,Madrid,19-033-B,891,0,0,891,693,0,693,12,8,261,1,118,0,1,2,200,9,4,0,26,51,0
28,79,Madrid,19-034-A,668,0,0,668,527,0,527,6,11,147,0,94,0,0,1,181,10,1,0,35,41,0
28,79,Madrid,19-034-B,723,0,0,723,576,0,576,4,10,143,1,121,0,2,1,192,11,3,0,35,51,2
28,79,Madrid,19-035-A,637,0,0,637,484,0,484,7,2,153,3,106,0,0,0,139,8,1,1,18,44,2
28,79,Madrid,19-035-B,687,0,0,687,537,0,537,6,4,159,1,118,0,1,1,167,10,2,1,27,39,1
28,79,Madrid,19-036-A,854,0,0,854,649,0,649,7,7,195,3,130,0,1,2,172,8,8,1,38,74,3
28,79,Madrid,19-036-B,862,0,0,862,655,0,655,7,7,204,0,140,0,0,0,189,6,2,0,39,60,1
28,79,Madrid,19-037-A,853,0,0,853,633,0,633,9,8,205,4,136,0,2,1,180,8,5,0,38,36,1
28,79,Madrid,19-037-B,935,0,0,935,704,0,704,5,9,229,2,140,0,1,0,209,13,4,0,37,54,1
28,79,Madrid,19-038-A,658,0,0,658,391,0,391,4,3,124,0,104,0,0,0,97,9,4,0,26,20,0
28,79,Madrid,19-038-B,764,0,0,764,460,0,460,3,6,134,2,106,0,2,0,128,7,2,0,35,34,1
28,79,Madrid,19-039-A,568,0,0,568,376,0,376,6,3,143,0,75,0,0,2,81,4,4,0,23,35,0
28,79,Madrid,19-039-B,567,0,0,567,368,0,368,2,5,135,2,75,2,1,0,100,0,2,0,23,21,0
28,79,Madrid,19-040-A,793,0,0,793,636,0,636,9,3,290,0,102,0,0,0,153,16,4,0,29,30,0
28,79,Madrid,19-040-B,873,0,0,873,695,0,695,13,4,265,0,109,0,0,3,193,22,10,0,46,30,0
28,79,Madrid,19-041-A,513,0,0,513,409,0,409,4,7,173,5,57,0,0,0,110,11,2,0,20,19,1
28,79,Madrid,19-041-B,545,0,0,545,431,0,431,8,3,175,1,70,0,1,2,115,14,2,0,20,20,0
28,79,Madrid,19-042-A,921,0,0,921,739,0,739,10,6,283,0,119,0,1,0,209,18,4,0,54,34,1
28,79,Madrid,19-042-B,836,0,0,836,670,0,670,9,7,269,4,125,0,1,2,170,23,1,0,35,23,1
28,79,Madrid,19-043-A,515,0,0,515,414,0,414,4,6,147,2,81,0,0,3,96,11,2,0,20,41,1
28,79,Madrid,19-043-B,559,0,0,559,458,0,458,13,7,174,2,68,0,0,1,137,9,1,0,18,28,0
28,79,Madrid,19-044-A,652,0,0,652,449,0,449,19,2,126,2,104,0,0,1,115,13,2,0,32,32,1
28,79,Madrid,19-044-B,678,0,0,678,443,0,443,3,5,130,1,100,0,0,1,135,7,3,0,18,39,1
28,79,Madrid,19-045-A,597,0,0,597,492,0,492,6,6,194,0,69,0,1,1,136,15,2,0,28,34,0
28,79,Madrid,19-045-B,604,0,0,604,498,0,498,11,4,187,0,79,0,0,2,143,12,7,0,28,25,0
28,79,Madrid,19-046-A,663,0,0,663,509,0,509,10,1,209,0,71,0,0,0,148,13,4,0,35,16,2
28,79,Madrid,19-046-B,645,0,0,645,527,0,527,8,4,193,2,93,0,0,2,137,10,1,1,48,27,1
28,79,Madrid,19-047-A,813,0,0,813,620,0,620,14,2,242,4,100,0,0,1,156,15,4,1,47,34,0
28,79,Madrid,19-047-B,910,0,0,910,720,0,720,5,6,282,6,115,0,0,0,199,12,4,0,48,40,3
28,79,Madrid,19-048-A,545,0,0,545,448,0,448,10,4,194,0,55,0,0,0,123,12,3,0,23,24,0
28,79,Madrid,19-048-B,548,0,0,548,463,0,463,9,9,184,2,60,0,0,1,133,7,6,0,25,27,0
28,79,Madrid,19-049-A,676,0,0,676,557,0,557,3,1,241,2,101,1,1,0,136,5,2,0,33,31,0
28,79,Madrid,19-049-B,739,0,0,739,589,0,589,2,9,263,2,95,0,1,1,141,12,1,0,38,24,0
28,79,Madrid,19-050-U,929,0,0,929,769,0,769,15,6,349,0,133,0,1,1,191,11,1,0,40,21,0
28,79,Madrid,19-051-A,636,0,0,636,510,0,510,6,7,212,2,69,0,1,0,151,11,6,0,23,22,0
28,79,Madrid,19-051-B,682,0,0,682,527,0,527,7,5,225,1,73,0,0,0,144,18,3,0,27,23,1
28,79,Madrid,19-052-A,635,1,0,636,467,0,467,13,14,195,2,38,0,0,0,130,20,0,1,38,16,0
28,79,Madrid,19-052-B,780,0,0,780,616,0,616,5,7,257,1,76,0,2,0,173,17,7,0,41,30,0
28,79,Madrid,19-052-C,697,0,0,697,527,0,527,7,1,225,0,65,0,1,0,152,13,5,0,39,19,0
28,79,Madrid,19-053-A,850,0,0,850,584,0,584,13,8,284,1,54,0,0,0,140,17,8,0,40,19,0
28,79,Madrid,19-053-B,773,0,0,773,530,0,530,6,4,231,1,59,0,0,0,129,18,3,1,58,19,1
28,79,Madrid,19-054-A,884,0,0,884,706,0,706,8,5,373,1,75,0,0,0,158,27,6,0,36,16,1
28,79,Madrid,19-054-B,937,0,0,937,743,0,743,12,9,338,3,77,0,2,1,198,30,4,1,47,21,0
28,79,Madrid,19-055-A,773,0,0,773,603,0,603,8,8,265,2,63,0,0,1,162,23,5,0,47,18,1
28,79,Madrid,19-055-B,707,0,0,707,550,0,550,6,9,228,2,51,1,0,0,164,26,3,0,36,19,5
28,79,Madrid,19-056-A,912,0,0,912,703,0,703,14,6,286,0,67,0,2,0,212,28,5,2,62,19,0
28,79,Madrid,19-056-B,818,0,0,818,648,0,648,8,8,292,0,54,0,0,1,181,20,10,0,58,16,0
28,79,Madrid,20-001-A,693,0,0,693,427,0,427,3,3,151,2,107,0,0,0,100,7,3,1,22,28,0
28,79,Madrid,20-001-B,684,0,0,684,424,0,424,5,2,159,0,88,1,0,2,105,4,2,0,33,21,2
28,79,Madrid,20-002-A,645,0,0,645,504,0,504,4,4,261,1,78,2,1,0,105,11,1,0,26,10,0
28,79,Madrid,20-002-B,621,0,0,621,473,0,473,5,3,252,2,69,0,0,1,79,17,4,0,26,14,1
28,79,Madrid,20-003-U,774,0,0,774,429,0,429,1,5,160,3,111,0,1,0,95,7,1,0,24,21,0
28,79,Madrid,20-006-U,677,0,0,677,393,0,393,6,8,137,0,85,0,0,0,80,5,2,0,46,24,0
28,79,Madrid,20-007-A,574,0,0,574,348,0,348,2,5,147,1,76,0,0,0,72,6,1,0,19,19,0
28,79,Madrid,20-007-B,549,0,0,549,323,0,323,2,3,116,1,89,0,1,0,52,2,3,0,34,19,1
28,79,Madrid,20-008-U,868,0,0,868,511,0,511,7,8,144,2,129,0,0,0,124,8,8,0,23,57,1
28,79,Madrid,20-009-U,631,0,0,631,416,0,416,0,3,147,3,97,1,0,1,102,5,0,0,28,23,6
28,79,Madrid,20-010-U,537,0,0,537,344,0,344,2,1,131,1,74,0,1,1,73,5,2,0,22,30,1
28,79,Madrid,20-011-U,539,4,0,543,341,0,341,5,1,106,1,80,0,0,0,88,5,2,1,26,26,0
28,79,Madrid,20-012-U,844,0,0,844,420,0,420,3,2,125,0,106,0,2,0,87,5,8,1,50,26,5
28,79,Madrid,20-013-U,576,0,0,576,289,0,289,3,3,95,0,90,0,0,0,58,2,3,0,17,17,1
28,79,Madrid,20-015-A,518,0,0,518,289,0,289,0,3,110,0,72,0,0,0,48,3,4,0,28,21,0
28,79,Madrid,20-015-B,565,0,0,565,289,0,289,3,3,96,1,81,0,0,0,50,3,3,0,24,23,2
28,79,Madrid,20-016-U,507,0,0,507,274,0,274,2,5,102,0,84,0,0,0,44,4,1,0,20,12,0
28,79,Madrid,20-017-U,714,0,0,714,419,0,419,0,3,134,2,112,0,1,1,83,3,6,1,46,26,1
28,79,Madrid,20-018-U,613,0,0,613,360,0,360,3,5,90,0,105,1,0,0,78,7,6,0,47,18,0
28,79,Madrid,20-020-A,503,0,0,503,296,0,296,4,1,92,1,86,0,0,2,57,2,1,1,34,14,1
28,79,Madrid,20-020-B,540,0,0,540,317,0,317,0,6,101,2,95,0,2,1,63,8,3,0,23,13,0
28,79,Madrid,20-021-U,614,0,0,614,328,0,328,0,9,101,0,84,0,0,0,68,4,3,0,45,14,0
28,79,Madrid,20-022-U,764,0,0,764,432,0,432,2,8,125,5,125,0,0,0,95,8,4,0,22,35,3
28,79,Madrid,20-023-A,546,0,0,546,315,0,315,3,5,114,0,66,0,0,0,72,0,0,1,23,29,2
28,79,Madrid,20-023-B,550,0,0,550,281,0,281,3,2,80,1,76,0,0,0,81,1,2,0,16,17,2
28,79,Madrid,20-025-U,720,0,0,720,390,0,390,3,8,122,1,124,0,2,1,87,2,5,0,25,9,1
28,79,Madrid,20-026-A,463,0,0,463,313,0,313,3,3,104,1,67,0,1,2,82,5,5,1,18,21,0
28,79,Madrid,20-026-B,523,0,0,523,337,0,337,4,7,109,2,80,0,0,0,80,6,2,0,18,29,0
28,79,Madrid,20-027-U,858,0,0,858,546,0,546,4,4,180,2,136,0,1,2,114,6,2,0,51,44,0
28,79,Madrid,20-028-U,554,0,0,554,369,0,369,3,3,118,1,98,0,1,1,81,3,3,0,25,31,1
28,79,Madrid,20-029-A,491,0,0,491,297,0,297,4,3,91,0,65,0,0,0,81,1,0,0,22,30,0
28,79,Madrid,20-029-B,542,0,0,542,298,0,298,4,5,110,0,63,0,0,1,77,5,4,1,13,15,0
28,79,Madrid,20-031-U,812,0,0,812,395,0,395,3,4,118,2,115,0,0,2,83,3,6,0,27,32,0
28,79,Madrid,20-032-U,622,0,0,622,310,0,310,2,2,86,1,92,0,1,0,65,2,3,0,33,22,1
28,79,Madrid,20-033-U,676,0,0,676,342,0,342,1,4,88,0,114,0,0,2,76,2,5,1,17,27,5
28,79,Madrid,20-034-U,737,0,0,737,318,0,318,0,2,93,3,97,0,1,0,75,2,2,2,20,21,0
28,79,Madrid,20-035-U,706,0,0,706,331,0,331,0,0,118,6,84,1,0,2,58,5,8,0,30,19,0
28,79,Madrid,20-036-U,690,0,0,690,305,0,305,0,0,89,1,102,0,0,0,68,4,2,1,24,14,0
28,79,Madrid,20-037-U,606,0,0,606,414,0,414,2,2,141,1,105,0,0,3,79,9,3,1,40,28,0
28,79,Madrid,20-038-U,509,0,0,509,324,0,324,2,5,124,1,90,0,0,0,64,2,3,0,20,12,1
28,79,Madrid,20-039-U,566,0,0,566,370,0,370,3,2,162,0,84,0,0,0,68,5,2,0,28,15,1
28,79,Madrid,20-040-U,745,0,0,745,519,0,519,9,6,207,0,134,0,0,0,95,10,4,0,29,25,0
28,79,Madrid,20-041-U,693,0,0,693,448,0,448,3,8,152,1,121,0,1,0,101,1,3,0,28,24,5
28,79,Madrid,20-042-U,525,0,0,525,330,0,330,2,4,123,0,101,0,0,0,55,3,0,1,21,20,0
28,79,Madrid,20-043-U,644,0,0,644,431,0,431,3,3,130,1,124,0,0,0,91,4,3,0,35,37,0
28,79,Madrid,20-044-U,782,0,0,782,482,0,482,1,9,136,1,154,0,0,0,102,4,4,0,37,33,1
28,79,Madrid,20-046-U,609,0,0,609,329,0,329,11,3,95,0,89,0,1,0,82,10,3,0,22,12,1
28,79,Madrid,20-047-A,470,0,0,470,274,0,274,3,3,68,2,96,0,0,0,69,1,0,0,16,16,0
28,79,Madrid,20-047-B,525,0,0,525,262,0,262,1,5,59,3,83,0,0,0,57,2,0,0,32,20,0
28,79,Madrid,20-048-U,630,0,0,630,326,0,326,4,2,96,1,97,0,0,0,64,2,5,2,41,12,0
28,79,Madrid,20-049-U,718,0,0,718,404,0,404,3,2,125,3,121,0,0,0,83,2,3,0,36,25,1
28,79,Madrid,20-050-U,650,0,0,650,362,0,362,4,2,111,0,77,0,1,1,95,3,5,0,30,33,0
28,79,Madrid,20-051-U,691,0,0,691,339,0,339,4,7,134,1,65,0,1,0,60,6,8,1,32,17,3
28,79,Madrid,20-053-A,725,0,0,725,393,0,393,3,0,123,1,101,0,0,1,81,9,5,1,28,39,1
28,79,Madrid,20-053-B,647,0,0,647,327,0,327,2,3,92,1,100,0,0,0,77,2,3,0,18,26,3
28,79,Madrid,20-055-A,795,0,0,795,567,0,567,4,11,270,2,83,1,0,0,117,13,1,0,35,30,0
28,79,Madrid,20-055-B,832,0,0,832,572,0,572,7,7,268,1,85,0,0,0,131,9,2,0,33,29,0
28,79,Madrid,20-056-A,461,0,0,461,303,0,303,5,5,111,1,78,0,0,0,60,1,6,0,18,18,0
28,79,Madrid,20-056-B,511,0,0,511,355,0,355,3,7,106,0,81,0,1,0,102,2,0,1,28,24,0
28,79,Madrid,20-058-U,776,0,0,776,491,0,491,2,3,179,0,137,0,0,2,81,6,5,0,48,28,0
28,79,Madrid,20-059-U,565,0,0,565,340,0,340,2,3,128,0,68,0,0,0,83,2,5,0,24,25,0
28,79,Madrid,20-062-A,559,0,0,559,429,0,429,7,7,181,1,94,1,0,0,83,8,3,0,24,20,0
28,79,Madrid,20-062-B,571,0,0,571,420,0,420,4,1,169,3,91,0,1,1,90,4,3,0,20,32,1
28,79,Madrid,20-063-U,955,0,0,955,744,0,744,11,6,286,2,177,0,0,1,152,7,1,0,37,64,0
28,79,Madrid,20-064-U,779,0,0,779,563,0,563,3,8,275,2,103,0,0,1,103,7,5,1,30,25,0
28,79,Madrid,20-065-A,664,0,0,664,460,0,460,4,3,188,0,93,0,1,0,108,5,4,0,24,30,0
28,79,Madrid,20-065-B,742,0,0,742,519,0,519,6,7,215,2,102,0,0,2,115,9,3,0,29,29,0
28,79,Madrid,20-066-A,680,0,0,680,491,0,491,6,1,211,0,111,1,0,1,105,6,1,0,16,32,0
28,79,Madrid,20-066-B,772,0,0,772,538,0,538,6,2,220,0,122,0,1,0,107,5,2,1,34,38,0
28,79,Madrid,20-067-A,868,0,0,868,719,0,719,11,9,297,1,128,0,0,1,160,20,2,2,48,40,0
28,79,Madrid,20-067-B,926,0,0,926,736,0,736,6,3,308,4,133,0,0,0,174,21,2,0,44,38,3
28,79,Madrid,20-068-A,776,0,0,776,551,0,551,6,4,346,1,52,0,0,0,69,9,2,0,43,19,0
28,79,Madrid,20-068-B,884,0,0,884,605,0,605,5,4,367,0,48,0,0,1,95,18,3,1,45,17,1
28,79,Madrid,20-069-U,782,0,0,782,524,0,524,0,6,156,3,130,0,1,0,148,5,5,0,28,41,1
28,79,Madrid,20-070-U,684,0,0,684,434,0,434,1,8,158,1,94,0,0,0,106,2,0,0,21,41,2
28,79,Madrid,20-071-A,608,0,0,608,435,0,435,3,4,191,0,78,1,0,0,98,5,2,0,27,26,0
28,79,Madrid,20-071-B,615,0,0,615,409,0,409,1,0,211,1,69,0,0,0,86,6,0,0,12,22,1
28,79,Madrid,20-072-A,669,0,0,669,489,0,489,11,10,205,0,84,0,0,0,113,10,3,0,29,22,2
28,79,Madrid,20-072-B,597,0,0,597,410,0,410,1,2,204,0,75,0,0,0,70,4,1,0,26,25,2
28,79,Madrid,20-073-U,641,0,0,641,361,0,361,2,9,116,1,90,0,1,1,89,3,5,0,21,23,0
28,79,Madrid,20-074-U,630,0,0,630,385,0,385,3,3,139,0,81,0,2,1,92,6,4,1,27,25,1
28,79,Madrid,20-075-U,651,0,0,651,374,0,374,2,8,142,3,81,0,0,0,97,6,3,0,19,13,0
28,79,Madrid,20-076-U,912,0,0,912,621,0,621,4,12,224,2,153,0,1,1,131,2,6,2,42,40,1
28,79,Madrid,20-077-A,812,0,0,812,539,0,539,6,4,270,0,93,0,2,0,78,10,2,1,57,14,2
28,79,Madrid,20-077-B,874,0,0,874,565,0,565,9,7,264,4,81,0,0,1,103,12,4,2,59,19,0
28,79,Madrid,20-078-A,544,0,0,544,343,0,343,4,0,121,2,87,0,0,0,71,3,6,0,26,23,0
28,79,Madrid,20-078-B,463,0,0,463,299,0,299,5,3,111,0,52,0,0,1,65,4,5,0,33,19,1
28,79,Madrid,20-079-U,852,0,0,852,477,0,477,4,4,137,5,146,0,0,1,103,11,2,0,48,16,0
28,79,Madrid,20-080-U,964,1,0,965,562,0,562,3,4,185,0,170,0,0,0,106,6,0,0,46,41,1
28,79,Madrid,20-082-A,690,0,0,690,441,0,441,5,2,181,0,96,1,0,0,74,6,12,0,31,33,0
28,79,Madrid,20-082-B,650,0,0,650,431,0,431,10,1,178,1,79,0,0,1,90,3,8,0,35,23,2
28,79,Madrid,20-083-U,635,0,0,635,412,0,412,3,4,196,0,92,0,0,0,71,4,3,0,21,16,2
28,79,Madrid,20-085-A,675,0,0,675,471,0,471,5,3,195,2,97,1,0,0,85,1,5,1,51,24,1
28,79,Madrid,20-085-B,637,0,0,637,413,0,413,5,2,196,1,89,0,1,0,67,4,2,0,29,17,0
28,79,Madrid,20-086-A,556,0,0,556,373,0,373,4,2,173,1,76,1,0,1,64,3,2,0,30,16,0
28,79,Madrid,20-086-B,585,0,0,585,385,0,385,4,2,180,0,79,0,0,0,61,5,5,0,27,21,1
28,79,Madrid,20-087-U,761,0,0,761,484,0,484,3,4,220,0,115,0,0,2,86,4,3,0,28,19,0
28,79,Madrid,20-088-A,710,0,0,710,458,0,458,6,4,198,0,93,1,0,0,85,10,5,0,38,17,1
28,79,Madrid,20-088-B,729,0,0,729,468,0,468,3,2,224,0,97,0,0,1,83,9,1,0,29,19,0
28,79,Madrid,20-090-A,476,0,0,476,339,0,339,2,2,170,0,60,0,0,0,63,4,1,0,19,17,1
28,79,Madrid,20-090-B,509,0,0,509,382,0,382,0,9,197,0,65,0,0,0,54,9,5,2,28,13,0
28,79,Madrid,20-091-U,916,0,0,916,517,0,517,3,8,201,2,108,0,1,0,111,2,3,0,39,39,0
28,79,Madrid,20-092-A,582,0,0,582,385,0,385,1,7,159,3,85,0,0,0,76,5,4,1,21,23,0
28,79,Madrid,20-092-B,591,0,0,591,393,0,393,1,2,183,1,65,0,0,1,82,6,1,1,24,25,1
28,79,Madrid,20-093-U,932,0,0,932,678,0,678,7,3,392,4,70,0,2,1,99,11,3,0,50,35,1
28,79,Madrid,20-095-A,503,0,0,503,360,0,360,4,1,172,1,52,0,0,0,74,12,1,0,18,25,0
28,79,Madrid,20-095-B,534,0,0,534,420,0,420,4,2,181,0,68,0,0,0,88,9,1,0,41,26,0
28,79,Madrid,20-096-U,904,0,0,904,718,0,718,10,6,289,7,140,0,0,0,164,15,5,0,44,37,1
28,79,Madrid,20-097-U,807,0,0,807,571,0,571,2,4,303,1,89,0,0,1,111,5,2,0,33,20,0
28,79,Madrid,20-098-U,801,0,0,801,589,0,589,5,10,324,1,67,0,0,3,104,9,6,1,36,21,2
28,79,Madrid,20-099-A,658,0,0,658,533,0,533,5,1,317,4,84,0,0,0,73,12,0,0,27,10,0
28,79,Madrid,20-099-B,724,0,0,724,582,0,582,9,1,340,0,82,0,0,0,81,11,3,0,31,24,0
28,79,Madrid,20-100-A,546,0,0,546,348,0,348,0,1,143,4,64,0,2,0,77,6,0,0,32,19,0
28,79,Madrid,20-100-B,520,0,0,520,298,0,298,2,1,145,0,42,0,1,1,61,9,2,0,24,10,0
28,79,Madrid,20-101-A,532,0,0,532,388,0,388,4,6,231,2,52,0,0,0,49,5,1,0,27,10,1
28,79,Madrid,20-101-B,549,0,0,549,408,0,408,4,5,223,0,61,0,1,0,59,7,4,0,33,10,1
28,79,Madrid,20-102-A,740,1,0,741,550,0,550,5,5,240,0,92,0,0,0,147,4,4,1,28,24,0
28,79,Madrid,20-102-B,801,0,0,801,602,0,602,6,9,247,3,101,0,1,0,138,6,4,0,41,45,1
28,79,Madrid,20-103-A,539,0,0,539,431,0,431,8,5,178,3,62,0,1,0,124,9,1,0,13,27,0
28,79,Madrid,20-103-B,731,0,0,731,553,0,553,9,16,216,2,96,0,0,0,160,8,3,0,25,16,2
28,79,Madrid,20-103-C,674,0,0,674,510,0,510,3,8,193,2,82,0,0,1,161,10,1,0,27,22,0
28,79,Madrid,20-104-A,987,0,0,987,798,0,798,15,11,372,0,133,0,0,1,161,25,5,0,40,35,0
28,79,Madrid,20-104-B,935,0,0,935,784,0,784,11,11,347,0,131,0,0,1,193,17,1,0,41,31,0
28,79,Madrid,20-105-A,801,0,0,801,613,0,613,7,7,296,1,100,0,0,1,122,18,3,1,29,28,0
28,79,Madrid,20-105-B,810,0,0,810,647,0,647,5,6,295,3,134,0,2,0,123,15,3,0,37,24,0
28,79,Madrid,20-106-A,559,0,0,559,427,0,427,3,8,184,1,74,0,0,1,105,7,4,0,20,19,1
28,79,Madrid,20-106-B,523,0,0,523,377,0,377,3,3,159,1,58,0,0,0,86,7,6,0,33,21,0
28,79,Madrid,20-107-A,807,0,0,807,659,0,659,17,7,262,0,104,0,0,0,182,17,9,0,30,31,0
28,79,Madrid,20-107-B,906,0,0,906,720,0,720,14,5,308,1,132,1,2,2,173,14,0,1,32,34,1
28,79,Madrid,20-108-A,640,0,0,640,484,0,484,7,2,271,2,74,1,0,0,75,7,2,0,32,11,0
28,79,Madrid,20-108-B,681,0,0,681,507,0,507,3,0,298,1,58,0,2,0,76,18,0,0,39,11,1
28,79,Madrid,20-109-A,717,0,0,717,454,0,454,1,7,171,1,95,1,1,1,104,4,5,0,31,31,1
28,79,Madrid,20-109-B,778,0,0,778,511,0,511,4,8,180,1,95,0,2,1,124,3,7,0,39,45,2
28,79,Madrid,20-110-A,799,0,0,799,637,0,637,10,5,299,2,96,0,0,0,148,21,3,0,36,16,1
28,79,Madrid,20-110-B,844,0,0,844,669,0,669,10,6,288,5,93,0,1,2,165,24,2,0,35,38,0
28,79,Madrid,20-111-A,722,0,0,722,542,0,542,10,6,190,3,83,1,1,3,171,10,9,0,28,26,1
28,79,Madrid,20-111-B,737,0,0,737,555,0,555,8,4,218,0,90,1,1,1,151,11,6,0,28,35,1
28,79,Madrid,20-112-A,619,0,0,619,472,0,472,7,4,266,2,58,0,0,0,83,12,1,0,27,12,0
28,79,Madrid,20-112-B,641,0,0,641,474,0,474,6,6,223,0,80,0,0,0,99,6,1,0,30,22,1
28,79,Madrid,20-113-A,896,0,0,896,704,0,704,12,5,331,2,99,0,0,1,174,14,3,0,41,21,1
28,79,Madrid,20-113-B,826,0,0,826,672,0,672,2,7,285,1,127,0,0,0,153,24,0,1,42,29,1
28,79,Madrid,20-114-A,730,0,0,730,562,0,562,9,6,253,1,94,0,0,0,133,16,2,0,34,13,1
28,79,Madrid,20-114-B,754,0,0,754,596,0,596,11,2,262,1,93,0,1,0,137,17,2,0,44,25,1
28,79,Madrid,20-115-A,851,0,0,851,639,0,639,2,10,283,0,111,0,1,1,159,14,2,0,30,26,0
28,79,Madrid,20-115-B,849,0,0,849,642,0,642,9,2,281,1,106,0,0,0,163,9,3,0,35,32,1
28,79,Madrid,20-116-A,602,0,0,602,421,0,421,2,6,210,2,54,1,0,0,81,13,2,0,19,30,1
28,79,Madrid,20-116-B,656,0,0,656,467,0,467,6,2,225,0,79,0,0,0,87,13,3,1,31,20,0
28,79,Madrid,20-117-A,614,0,0,614,495,0,495,6,4,239,2,74,0,2,2,109,12,2,0,22,19,2
28,79,Madrid,20-117-B,608,0,0,608,494,0,494,7,5,223,3,76,0,1,0,105,16,2,0,27,28,1
28,79,Madrid,20-118-A,665,0,0,665,521,0,521,5,7,273,0,72,0,0,0,105,15,3,1,25,15,0
28,79,Madrid,20-118-B,667,0,0,667,536,0,536,8,2,293,1,63,0,1,0,109,11,0,0,30,18,0
28,79,Madrid,20-119-A,572,0,0,572,423,0,423,6,5,208,0,44,0,0,0,99,10,2,0,32,16,1
28,79,Madrid,20-119-B,626,1,0,627,450,0,450,4,3,235,1,55,0,0,0,94,21,1,0,11,25,0
28,79,Madrid,20-120-A,888,0,0,888,599,0,599,4,4,354,1,72,0,0,0,73,9,4,0,55,20,3
28,79,Madrid,20-120-B,808,0,0,808,548,0,548,4,3,320,1,68,0,0,0,68,10,3,1,50,20,0
28,79,Madrid,20-121-A,585,0,0,585,355,0,355,4,3,210,0,44,0,0,0,45,11,2,0,21,15,0
28,79,Madrid,20-121-B,661,0,0,661,426,0,426,4,5,236,0,49,0,2,0,68,12,4,0,29,17,0
28,79,Madrid,20-121-C,679,0,0,679,432,0,432,6,0,254,5,40,0,0,1,73,12,0,0,29,12,0
28,79,Madrid,20-122-A,612,0,0,612,501,0,501,5,3,329,0,57,1,0,0,57,10,2,1,23,12,1
28,79,Madrid,20-122-B,643,0,0,643,524,0,524,14,5,310,0,55,0,1,0,84,11,1,1,33,9,0
28,79,Madrid,20-123-U,830,0,0,830,595,0,595,2,8,326,2,98,0,0,1,85,12,1,0,35,25,0
28,79,Madrid,20-124-A,524,0,0,524,414,0,414,9,4,252,2,42,1,1,0,54,9,0,0,26,14,0
28,79,Madrid,20-124-B,541,0,0,541,429,0,429,4,3,255,2,44,0,0,0,57,6,2,1,38,16,1
28,79,Madrid,20-125-A,533,0,0,533,313,0,313,2,1,142,0,47,0,0,0,71,3,3,0,21,22,1
28,79,Madrid,20-125-B,570,0,0,570,370,0,370,8,0,166,0,48,0,0,0,88,9,2,0,25,24,0
28,79,Madrid,20-126-U,979,0,0,979,684,0,684,11,1,376,1,93,0,1,0,92,15,7,1,60,24,2
28,79,Madrid,20-127-A,661,0,0,661,566,0,566,3,2,314,1,64,0,0,0,106,19,6,1,30,19,1
28,79,Madrid,20-127-B,587,0,0,587,488,0,488,5,3,249,2,66,0,0,0,95,18,2,1,33,14,0
28,79,Madrid,20-128-A,492,0,0,492,338,0,338,5,2,145,0,65,0,0,0,85,3,2,0,13,18,0
28,79,Madrid,20-128-B,532,0,0,532,373,0,373,2,7,171,1,58,0,0,1,83,6,0,1,28,15,0
28,79,Madrid,21-001-A,596,0,0,596,428,1,429,7,1,255,1,44,1,0,0,51,15,0,2,40,11,1
28,79,Madrid,21-001-B,581,0,0,581,451,0,451,3,3,266,1,58,0,0,1,59,8,3,0,34,13,2
28,79,Madrid,21-002-A,622,0,0,622,515,1,516,3,1,288,3,80,0,1,0,68,11,1,1,37,22,0
28,79,Madrid,21-002-B,589,0,0,589,480,1,481,6,5,248,0,72,0,1,1,74,14,4,2,30,24,0
28,79,Madrid,21-003-U,962,0,0,962,759,0,759,7,9,403,2,120,0,0,1,121,18,3,0,44,30,1
28,79,Madrid,21-004-U,909,0,0,909,696,0,696,8,2,380,2,120,0,0,0,103,10,2,0,36,32,1
28,79,Madrid,21-005-A,800,0,0,800,659,0,659,9,0,401,0,82,1,0,0,98,20,5,1,25,17,0
28,79,Madrid,21-005-B,852,0,0,852,680,0,680,10,1,450,3,65,0,0,0,78,18,4,0,27,24,0
28,79,Madrid,21-006-A,501,0,0,501,391,0,391,1,1,213,0,55,0,0,1,63,9,0,0,34,14,0
28,79,Madrid,21-006-B,490,0,0,490,391,0,391,5,2,207,0,53,1,0,0,73,15,0,0,25,10,0
28,79,Madrid,21-007-A,761,0,0,761,598,0,598,7,5,333,0,89,0,1,0,99,11,1,0,38,14,0
28,79,Madrid,21-007-B,697,0,0,697,537,0,537,5,3,311,0,90,0,0,0,76,10,2,0,26,14,0
28,79,Madrid,21-008-U,524,0,0,524,420,1,421,0,2,214,0,67,0,0,0,80,7,0,0,28,23,0
28,79,Madrid,21-009-U,507,0,0,507,400,1,401,4,2,209,1,56,0,0,1,68,5,2,0,32,20,1
28,79,Madrid,21-010-A,497,0,0,497,393,1,394,0,3,208,0,58,0,0,0,70,15,2,1,25,12,0
28,79,Madrid,21-010-B,503,0,0,503,402,0,402,2,6,225,2,47,0,0,0,67,12,1,1,23,16,0
28,79,Madrid,21-011-A,638,0,0,638,506,0,506,3,4,302,2,50,1,0,0,77,18,4,0,27,17,1
28,79,Madrid,21-011-B,633,0,0,633,511,1,512,4,5,277,1,72,0,1,0,85,10,1,0,29,25,2
28,79,Madrid,21-012-U,710,0,0,710,542,1,543,8,6,252,1,77,0,1,0,118,19,2,0,29,29,1
28,79,Madrid,21-013-A,491,0,0,491,396,1,397,3,2,202,0,61,0,0,1,72,10,0,0,23,23,0
28,79,Madrid,21-013-B,491,0,0,491,405,1,406,4,3,184,0,67,0,1,0,92,7,2,0,18,28,0
28,79,Madrid,21-014-A,859,0,0,859,664,1,665,3,4,352,1,90,0,0,1,131,20,3,0,35,25,0
28,79,Madrid,21-014-B,922,0,0,922,726,1,727,9,2,369,2,122,0,0,1,124,19,4,0,39,36,0
28,79,Madrid,21-015-A,601,0,0,601,357,0,357,5,6,153,0,76,1,0,0,66,4,2,0,30,13,1
28,79,Madrid,21-015-B,603,0,0,603,315,0,315,3,1,120,0,74,0,0,0,54,6,0,3,29,25,0
28,79,Madrid,21-017-A,489,0,0,489,318,0,318,1,2,135,1,77,0,0,1,48,2,1,0,31,15,4
28,79,Madrid,21-017-B,534,0,0,534,343,0,343,2,8,144,0,75,1,0,0,51,6,4,1,29,21,1
28,79,Madrid,21-018-A,534,0,0,534,343,0,343,7,1,152,3,82,0,0,1,49,2,5,0,28,13,0
28,79,Madrid,21-018-B,488,0,0,488,308,0,308,3,7,143,1,55,0,0,0,46,3,7,0,29,13,1
28,79,Madrid,21-019-A,531,0,0,531,355,0,355,0,5,158,2,56,0,0,0,71,10,7,2,29,15,0
28,79,Madrid,21-019-B,494,0,0,494,319,1,320,1,0,140,3,61,0,0,0,60,10,3,0,30,12,0
28,79,Madrid,21-020-A,627,0,0,627,415,0,415,4,4,188,0,89,0,0,0,77,5,6,2,21,17,2
28,79,Madrid,21-020-B,668,0,0,668,442,0,442,8,3,204,0,92,0,0,1,56,4,3,0,47,22,2
28,79,Madrid,21-021-U,864,0,0,864,548,1,549,5,8,276,1,85,0,0,0,96,6,2,0,43,23,4
28,79,Madrid,21-022-A,615,0,0,615,420,0,420,9,2,160,0,85,0,0,3,88,7,4,1,31,30,0
28,79,Madrid,21-022-B,669,0,0,669,458,1,459,6,10,196,1,83,0,0,1,97,4,4,0,31,23,3
28,79,Madrid,21-023-U,759,0,0,759,483,0,483,4,9,186,4,103,0,5,90,4,5,3,33,35,2,0
28,79,Madrid,21-025-A,543,0,0,543,404,0,404,4,2,263,0,52,0,0,0,40,12,1,0,17,13,0
28,79,Madrid,21-025-B,575,0,0,575,431,0,431,6,6,269,0,57,0,1,0,41,13,2,0,30,6,0
28,79,Madrid,21-026-A,661,0,0,661,478,0,478,4,8,228,0,69,0,0,1,95,3,3,3,35,28,1
28,79,Madrid,21-026-B,595,0,0,595,422,0,422,3,2,209,0,70,0,0,0,71,7,3,1,35,21,0
28,79,Madrid,21-027-A,956,0,0,956,772,0,772,13,3,518,0,66,0,0,0,89,16,5,0,46,16,0
28,79,Madrid,21-027-B,924,0,0,924,738,0,738,9,1,476,0,65,0,1,1,91,21,4,0,52,15,2
28,79,Madrid,21-028-A,656,0,0,656,507,0,507,4,6,287,1,58,0,0,0,77,8,3,2,41,19,1
28,79,Madrid,21-028-B,635,0,0,635,468,0,468,7,9,235,2,70,0,0,2,83,4,2,0,38,15,1
28,79,Madrid,21-029-A,594,0,0,594,481,0,481,1,3,338,2,32,0,0,0,52,14,2,1,25,11,0
28,79,Madrid,21-029-B,595,0,0,595,494,0,494,6,0,343,0,37,0,0,0,55,12,1,0,32,8,0
28,79,Madrid,21-030-A,538,0,0,538,410,1,411,9,4,195,2,67,0,0,1,64,7,4,0,40,18,0
28,79,Madrid,21-030-B,585,0,0,585,426,1,427,5,4,211,1,61,0,0,0,78,11,0,0,42,13,1
28,79,Madrid,21-031-A,498,0,0,498,367,0,367,4,4,185,0,44,0,0,0,81,15,2,0,25,7,0
28,79,Madrid,21-031-B,530,0,0,530,400,0,400,2,7,206,1,57,1,0,0,85,15,2,1,16,7,0
28,79,Madrid,21-032-A,598,0,0,598,444,0,444,3,5,279,2,37,0,0,0,76,11,1,0,19,11,0
28,79,Madrid,21-032-B,659,0,0,659,502,0,502,9,4,318,1,47,0,0,1,62,12,4,0,37,7,0
28,79,Madrid,21-033-U,839,0,0,839,504,1,505,7,4,197,2,102,0,0,0,117,12,3,1,32,25,3
28,79,Madrid,21-034-U,963,0,0,963,697,0,697,10,10,312,2,112,0,1,1,165,22,6,0,32,21,3
28,80,Majadahonda,1-001-U,922,0,0,922,627,0,627,5,6,318,2,110,0,0,1,87,13,8,1,37,37,2
28,80,Majadahonda,1-002-U,646,0,0,646,551,0,551,3,4,380,0,38,1,1,1,34,4,3,0,64,17,1
28,80,Majadahonda,1-003-A,648,0,0,648,377,0,377,1,4,195,0,92,0,0,1,41,3,1,0,29,10,0
28,80,Majadahonda,1-003-B,595,0,0,595,330,0,330,3,5,161,2,77,0,0,0,27,8,4,0,33,10,0
28,80,Majadahonda,1-004-A,572,0,0,572,342,0,342,2,1,166,1,84,0,1,0,36,5,3,1,32,10,0
28,80,Majadahonda,1-004-B,517,0,0,517,285,0,285,1,2,144,2,54,0,0,0,31,7,3,0,34,5,2
28,80,Majadahonda,1-005-A,481,0,0,481,303,0,303,2,6,124,2,73,0,0,0,51,7,4,0,27,7,0
28,80,Majadahonda,1-005-B,487,0,0,487,312,0,312,2,1,167,1,70,0,0,0,33,4,1,0,26,7,0
28,80,Majadahonda,1-006-U,773,0,0,773,490,0,490,7,2,264,2,103,0,2,0,50,5,2,0,34,14,5
28,80,Majadahonda,1-007-A,623,0,0,623,480,0,480,8,3,329,1,48,0,0,0,35,6,2,1,39,8,0
28,80,Majadahonda,1-007-B,633,0,0,633,503,0,503,6,2,373,3,37,0,0,0,41,10,0,0,23,8,0
28,80,Majadahonda,1-008-A,529,0,0,529,356,0,356,4,3,171,1,65,0,0,1,66,4,2,0,27,12,0
28,80,Majadahonda,1-008-B,583,0,0,583,422,0,422,3,6,200,1,86,0,0,0,74,3,3,0,39,7,0
28,80,Majadahonda,1-009-A,719,0,0,719,547,0,547,6,2,326,1,74,0,0,0,72,6,2,1,37,20,0
28,80,Majadahonda,1-009-B,785,0,0,785,606,0,606,5,4,384,3,66,0,0,1,70,7,3,1,34,28,0
28,80,Majadahonda,1-009-C,753,0,0,753,537,0,537,1,1,321,1,59,0,0,0,69,10,4,0,39,32,0
28,80,Majadahonda,1-010-A,496,0,0,496,330,0,330,9,1,173,0,63,0,1,1,48,5,1,0,18,10,0
28,80,Majadahonda,1-010-B,543,0,0,543,374,0,374,3,7,159,0,83,0,0,0,64,8,3,0,32,12,3
28,80,Majadahonda,1-011-A,642,0,0,642,474,0,474,8,6,282,1,71,0,0,0,50,10,1,0,36,8,1
28,80,Majadahonda,1-011-B,643,0,0,643,480,0,480,4,5,266,2,51,0,0,3,67,16,7,0,43,14,2
28,80,Majadahonda,1-012-A,584,0,0,584,457,0,457,8,5,255,0,58,0,0,1,76,12,5,0,27,9,1
28,80,Majadahonda,1-012-B,598,0,0,598,461,0,461,6,6,242,3,73,0,0,0,79,9,4,0,20,16,3
28,80,Majadahonda,1-013-U,950,0,0,950,753,0,753,10,3,468,2,86,0,1,0,84,19,1,0,60,19,0
28,80,Majadahonda,1-014-A,605,0,0,605,480,0,480,8,4,293,3,59,0,0,0,61,13,0,0,33,6,0
28,80,Majadahonda,1-014-B,665,0,0,665,530,0,530,11,1,327,5,69,1,1,0,55,12,1,0,40,7,0
28,80,Majadahonda,1-015-U,680,0,0,680,558,0,558,7,2,362,0,38,1,2,0,46,14,4,5,65,12,0
28,80,Majadahonda,1-016-A,831,0,0,831,644,0,644,10,0,478,1,44,0,1,0,45,13,1,0,42,9,0
28,80,Majadahonda,1-016-B,812,0,0,812,647,0,647,12,8,468,1,34,0,1,0,42,13,0,1,60,7,0
28,80,Majadahonda,1-017-U,766,0,0,766,589,0,589,10,4,361,1,71,0,0,0,71,18,2,0,38,12,1
28,80,Majadahonda,1-018-A,550,0,0,550,441,0,441,5,1,350,0,11,0,1,0,19,8,3,0,41,2,0
28,80,Majadahonda,1-018-B,576,0,0,576,457,0,457,6,0,366,0,21,0,0,0,23,5,2,0,31,3,0
28,80,Majadahonda,2-001-A,619,0,0,619,457,0,457,3,0,273,1,51,0,0,0,61,9,5,0,29,23,2
28,80,Majadahonda,2-001-B,648,0,0,648,481,0,481,8,5,282,2,65,0,1,0,49,8,1,1,39,18,2
28,80,Majadahonda,2-002-A,570,0,0,570,441,0,441,6,5,280,1,49,0,1,0,42,11,0,0,40,6,0
28,80,Majadahonda,2-002-B,588,0,0,588,469,0,469,7,6,295,1,51,0,0,0,58,7,0,0,39,4,1
28,80,Majadahonda,2-003-A,532,0,0,532,318,0,318,3,1,158,1,67,0,0,1,36,6,3,1,31,9,1
28,80,Majadahonda,2-003-B,541,0,0,541,294,0,294,3,0,158,2,65,0,0,1,30,8,2,0,18,7,0
28,80,Majadahonda,2-004-A,535,0,0,535,436,0,436,0,4,312,1,37,0,0,0,27,10,1,1,40,3,0
28,80,Majadahonda,2-004-B,570,0,0,570,456,0,456,4,4,296,0,39,1,0,0,36,17,1,1,42,15,0
28,80,Majadahonda,2-005-A,662,0,0,662,518,0,518,11,0,343,2,44,0,0,0,40,18,2,0,42,13,3
28,80,Majadahonda,2-005-B,648,0,0,648,521,0,521,4,5,352,2,45,0,0,0,38,18,0,1,45,10,1
28,80,Majadahonda,2-005-C,673,0,0,673,547,0,547,4,3,382,0,47,0,1,0,54,5,2,2,40,7,0
28,80,Majadahonda,2-006-U,762,0,0,762,483,0,483,3,0,244,5,102,0,0,1,60,2,8,0,34,24,0
28,80,Majadahonda,2-007-U,932,0,0,932,695,0,695,4,6,404,2,82,0,0,0,102,28,3,5,43,16,0
28,80,Majadahonda,2-008-A,498,0,0,498,404,0,404,6,1,300,2,36,0,0,0,16,12,1,0,27,2,1
28,80,Majadahonda,2-008-B,534,0,0,534,425,0,425,0,2,311,0,47,0,0,1,34,3,2,0,22,2,1
28,80,Majadahonda,2-009-A,528,0,0,528,420,0,420,4,2,263,1,52,0,1,1,40,10,1,2,34,9,0
28,80,Majadahonda,2-009-B,535,0,0,535,407,0,407,8,3,261,0,49,0,0,0,31,18,3,0,27,7,0
28,80,Majadahonda,2-010-A,556,0,0,556,445,0,445,2,5,280,2,58,0,0,0,43,14,4,0,30,7,0
28,80,Majadahonda,2-010-B,616,0,0,616,471,0,471,2,1,298,0,63,0,0,1,49,15,0,1,30,11,0
28,80,Majadahonda,2-011-U,805,0,0,805,604,0,604,5,2,365,1,100,0,0,1,74,9,2,2,27,16,0
28,80,Majadahonda,2-012-U,916,0,0,916,608,0,608,8,7,319,2,108,0,0,0,59,12,6,1,63,20,3
28,80,Majadahonda,2-013-A,534,0,0,534,406,0,406,2,5,248,1,45,1,0,0,48,6,2,0,34,14,0
28,80,Majadahonda,2-013-B,526,0,0,526,411,0,411,5,1,235,2,52,0,1,0,50,16,4,0,33,12,0
28,80,Majadahonda,2-014-A,496,0,0,496,390,0,390,2,1,260,1,39,0,0,0,42,9,3,0,27,6,0
28,80,Majadahonda,2-014-B,461,0,0,461,353,0,353,2,1,234,0,30,0,0,0,38,6,3,0,28,11,0
28,80,Majadahonda,2-015-U,878,0,0,878,676,0,676,8,8,448,4,43,0,0,1,52,25,3,2,71,11,0
28,80,Majadahonda,2-016-U,813,0,0,813,624,0,624,9,4,305,1,114,0,0,0,112,17,5,1,35,20,1
28,80,Majadahonda,2-017-U,822,0,0,822,626,0,626,11,1,365,4,79,1,0,1,75,18,1,0,52,17,1
28,80,Majadahonda,2-018-A,616,0,0,616,491,0,491,5,0,352,1,36,0,0,0,28,6,3,0,51,9,0
28,80,Majadahonda,2-018-B,574,0,0,574,481,0,481,4,0,359,3,35,0,0,0,22,11,0,0,44,3,0
28,80,Majadahonda,2-019-U,648,0,0,648,501,0,501,4,1,347,1,44,0,0,0,21,3,0,1,64,15,0
28,80,Majadahonda,2-020-A,606,0,0,606,479,0,479,7,2,330,2,50,0,0,0,30,7,2,1,41,6,1
28,80,Majadahonda,2-020-B,540,0,0,540,451,0,451,4,2,312,0,33,0,0,0,36,13,1,0,47,3,0
28,80,Majadahonda,2-021-A,486,0,0,486,382,0,382,5,1,264,0,27,0,0,1,30,7,3,0,40,4,0
28,80,Majadahonda,2-021-B,536,0,0,536,421,0,421,9,0,297,1,34,0,0,0,19,7,2,0,45,7,0
28,80,Majadahonda,2-022-A,951,0,0,951,758,0,758,5,1,591,0,45,0,0,1,26,7,1,2,74,5,0
28,80,Majadahonda,2-022-B,906,0,0,906,725,0,725,7,1,546,2,36,0,0,0,40,10,2,0,77,4,0
28,80,Majadahonda,2-023-U,922,0,0,922,658,0,658,7,4,452,2,54,1,0,0,49,19,3,0,62,5,0
28,80,Majadahonda,2-024-A,707,0,0,707,571,0,571,3,4,387,2,51,0,0,0,47,11,2,0,60,4,0
28,80,Majadahonda,2-024-B,746,0,0,746,576,0,576,5,1,408,1,43,0,1,0,38,14,1,0,54,10,0
28,80,Majadahonda,2-025-A,827,0,0,827,690,0,690,4,0,550,0,40,1,0,0,30,7,1,0,49,8,0
28,80,Majadahonda,2-025-B,771,0,0,771,620,0,620,8,2,492,1,29,0,0,0,33,9,1,0,42,3,0
28,80,Majadahonda,2-026-A,562,0,0,562,409,0,409,7,3,274,1,40,0,0,0,44,3,1,2,27,6,1
28,80,Majadahonda,2-026-B,649,0,0,649,493,0,493,12,1,326,1,42,0,0,0,47,4,0,2,44,14,0
28,80,Majadahonda,2-027-A,532,0,0,532,365,0,365,3,2,196,2,53,0,1,0,61,7,3,0,26,11,0
28,80,Majadahonda,2-027-B,575,0,0,575,383,0,383,9,3,191,0,47,0,0,0,68,9,6,1,38,11,0
28,80,Majadahonda,2-028-A,600,0,0,600,457,0,457,6,1,321,0,33,0,0,0,33,6,2,2,45,8,0
28,80,Majadahonda,2-028-B,666,0,0,666,515,0,515,6,1,374,0,31,0,0,0,46,9,2,1,37,8,0
28,82,Manzanares el Real,1-001-A,746,0,0,746,530,1,531,8,5,231,0,97,0,0,0,102,11,5,0,31,40,1
28,82,Manzanares el Real,1-001-B,793,0,0,793,558,2,560,4,8,221,1,116,0,0,0,100,13,7,0,47,42,1
28,82,Manzanares el Real,1-002-A,884,0,0,884,616,1,617,4,5,261,4,132,1,1,2,121,9,1,1,35,39,1
28,82,Manzanares el Real,1-002-B,924,0,0,924,658,1,659,10,3,299,1,134,0,0,0,120,12,4,0,41,30,5
28,82,Manzanares el Real,1-003-A,613,0,0,613,426,2,428,6,1,160,0,72,0,0,0,108,7,1,2,30,39,2
28,82,Manzanares el Real,1-003-B,751,0,0,751,536,1,537,7,4,221,1,99,0,1,1,120,8,4,0,28,42,1
28,82,Manzanares el Real,1-003-C,631,0,0,631,453,1,454,5,5,150,0,66,0,0,0,146,6,2,0,27,45,2
28,82,Manzanares el Real,1-004-A,632,0,0,632,468,2,470,5,3,212,1,89,0,0,1,89,3,5,0,31,30,1
28,82,Manzanares el Real,1-004-B,712,0,0,712,561,1,562,10,6,254,0,111,0,0,0,101,6,1,0,35,38,0
28,83,Meco,1-001-A,813,0,0,813,541,0,541,11,6,274,2,82,0,0,1,80,12,4,1,38,28,2
28,83,Meco,1-001-B,937,0,0,937,623,0,623,14,8,294,0,90,0,2,0,85,14,6,1,70,39,0
28,83,Meco,1-002-A,847,0,0,847,487,1,488,2,4,207,3,100,1,1,3,69,8,2,0,71,17,0
28,83,Meco,1-002-B,757,0,0,757,430,0,430,2,10,158,3,107,0,0,2,55,7,2,2,52,30,0
28,83,Meco,1-003-A,616,0,0,616,408,0,408,6,5,205,0,61,0,0,0,55,13,5,2,43,13,0
28,83,Meco,1-003-B,598,0,0,598,399,1,400,4,11,204,1,56,0,2,1,62,11,3,1,34,10,0
28,83,Meco,1-004-A,628,0,0,628,446,1,447,9,5,207,0,88,0,0,1,64,11,8,0,35,18,1
28,83,Meco,1-004-B,823,0,0,823,621,0,621,6,7,307,0,113,0,0,0,90,11,1,0,53,32,1
28,83,Meco,1-004-C,718,0,0,718,495,0,495,5,5,264,1,71,1,2,1,50,14,4,0,49,28,0
28,83,Meco,1-005-A,561,0,0,561,387,0,387,6,4,185,2,75,0,0,2,58,5,2,1,30,17,0
28,83,Meco,1-005-B,662,0,0,662,474,0,474,5,4,226,1,83,0,0,1,84,8,4,0,33,25,0
28,83,Meco,1-005-C,709,0,0,709,524,0,524,4,10,247,7,96,0,0,1,83,7,4,1,43,18,3
28,83,Meco,1-006-A,540,0,0,540,384,0,384,5,2,180,0,56,0,0,0,77,6,8,1,33,15,1
28,83,Meco,1-006-B,726,0,0,726,521,0,521,4,3,253,0,65,0,0,0,95,10,9,0,59,21,2
28,83,Meco,1-006-C,701,0,0,701,494,0,494,10,4,263,0,66,0,0,1,80,9,9,1,36,13,2
28,84,Mejorada del Campo,1-001-A,620,0,0,620,431,0,431,4,7,164,0,117,0,0,1,74,6,1,0,36,21,0
28,84,Mejorada del Campo,1-001-B,673,0,0,673,461,0,461,4,8,188,1,120,1,0,1,66,6,6,1,36,22,1
28,84,Mejorada del Campo,1-001-C,587,0,0,587,390,0,390,3,2,153,2,96,0,0,0,63,8,5,0,40,16,2
28,84,Mejorada del Campo,1-002-A,839,0,0,839,583,0,583,6,10,205,1,159,0,0,1,115,6,6,0,52,21,1
28,84,Mejorada del Campo,1-002-B,903,0,0,903,589,0,589,11,9,196,1,152,0,0,0,99,15,5,0,62,39,0
28,84,Mejorada del Campo,1-003-A,729,0,0,729,480,0,480,3,3,207,1,147,0,0,0,56,7,2,1,29,20,4
28,84,Mejorada del Campo,1-003-B,719,0,0,719,491,0,491,4,5,182,0,142,0,0,1,74,6,5,0,43,28,1
28,84,Mejorada del Campo,1-004-A,842,0,0,842,552,0,552,4,8,170,0,152,0,1,2,94,11,7,0,64,39,0
28,84,Mejorada del Campo,1-004-B,860,0,0,860,567,0,567,4,11,179,2,194,0,2,0,76,13,2,1,47,36,0
28,84,Mejorada del Campo,1-005-A,752,0,0,752,466,0,466,4,8,157,0,130,2,1,3,95,11,0,0,36,18,1
28,84,Mejorada del Campo,1-005-B,683,0,0,683,436,0,436,2,9,145,2,130,0,0,1,65,15,6,0,41,20,0
28,84,Mejorada del Campo,1-006-A,566,0,0,566,358,0,358,2,7,113,0,109,0,0,0,53,5,8,0,44,17,0
28,84,Mejorada del Campo,1-006-B,529,0,0,529,332,0,332,3,2,104,1,101,0,1,1,57,3,2,1,39,15,2
28,84,Mejorada del Campo,1-007-A,699,0,0,699,448,0,448,2,5,182,0,98,0,0,0,82,9,3,0,35,32,0
28,84,Mejorada del Campo,1-007-B,678,0,0,678,428,0,428,4,7,185,0,97,0,1,1,68,6,2,0,37,19,1
28,84,Mejorada del Campo,1-008-A,586,0,0,586,439,0,439,3,4,204,2,100,0,0,0,70,4,3,0,34,15,0
28,84,Mejorada del Campo,1-008-B,564,0,0,564,414,0,414,6,3,172,0,101,1,0,0,64,6,7,0,37,17,0
28,84,Mejorada del Campo,1-009-A,517,0,0,517,377,0,377,4,4,150,0,92,0,0,1,80,5,3,0,23,15,0
28,84,Mejorada del Campo,1-009-B,694,0,0,694,482,0,482,4,9,213,1,90,0,0,0,92,9,4,0,35,24,1
28,84,Mejorada del Campo,1-009-C,606,0,0,606,449,0,449,6,6,185,2,102,0,1,0,88,10,7,0,27,14,1
28,84,Mejorada del Campo,1-010-A,424,0,0,424,300,0,300,3,13,114,0,75,1,0,0,48,4,3,0,23,16,0
28,84,Mejorada del Campo,1-010-B,534,0,0,534,364,0,364,7,3,139,0,90,0,0,0,69,4,7,1,25,19,0
28,84,Mejorada del Campo,1-011-A,608,0,0,608,395,0,395,5,2,159,2,56,1,0,0,63,7,10,0,61,28,1
28,84,Mejorada del Campo,1-011-B,746,0,0,746,479,0,479,3,7,205,0,89,0,1,1,87,7,6,0,53,19,1
28,84,Mejorada del Campo,1-011-C,693,0,0,693,462,0,462,4,4,208,0,71,0,0,0,74,9,9,0,58,22,3
28,85,Miraflores de la Sierra,1-001-A,632,0,0,632,444,1,445,5,8,188,0,137,0,0,1,41,4,0,0,41,20,0
28,85,Miraflores de la Sierra,1-001-B,658,0,0,658,467,3,470,2,2,201,1,130,0,0,0,53,6,3,0,43,28,1
28,85,Miraflores de la Sierra,1-001-C,659,0,0,659,485,1,486,5,7,225,2,129,0,1,0,60,4,5,4,28,16,0
28,85,Miraflores de la Sierra,1-002-A,701,0,0,701,524,1,525,5,7,270,1,123,0,1,1,50,5,2,1,32,27,0
28,85,Miraflores de la Sierra,1-002-B,692,0,0,692,499,1,500,5,3,214,0,138,0,0,2,51,6,3,4,37,37,0
28,85,Miraflores de la Sierra,1-003-A,706,0,0,706,499,0,499,4,3,263,1,103,0,0,0,50,5,4,0,43,23,0
28,85,Miraflores de la Sierra,1-003-B,705,0,0,705,520,1,521,5,7,255,0,129,0,0,0,48,6,7,1,45,18,0
28,86,El Molar,1-001-A,768,0,0,768,530,1,531,10,8,264,1,102,0,0,1,62,9,4,1,57,12,0
28,86,El Molar,1-001-B,827,0,0,827,581,1,582,7,12,289,1,104,0,0,0,77,15,5,0,61,11,0
28,86,El Molar,1-002-U,952,0,0,952,652,0,652,8,4,350,2,118,0,0,0,75,9,5,0,66,12,3
28,86,El Molar,1-003-A,908,1,0,909,526,0,526,7,6,242,2,103,0,4,0,57,16,4,1,67,15,2
28,86,El Molar,1-003-B,955,0,0,955,573,1,574,11,6,292,2,106,0,3,0,67,18,7,0,51,10,1
28,86,El Molar,1-004-A,677,0,0,677,437,1,438,5,4,192,0,72,0,0,0,81,15,6,1,48,14,0
28,86,El Molar,1-004-B,771,0,0,771,520,2,522,6,8,256,0,71,0,0,2,68,27,3,0,67,14,0
28,87,Los Molinos,1-001-A,688,0,0,688,507,2,509,3,4,262,1,96,0,2,0,74,5,3,1,40,18,0
28,87,Los Molinos,1-001-B,667,0,0,667,496,0,496,7,3,292,4,68,0,0,0,71,5,1,0,27,18,0
28,87,Los Molinos,1-001-C,611,0,0,611,439,2,441,4,9,253,1,68,0,0,0,48,3,3,2,29,21,0
28,87,Los Molinos,1-002-A,780,0,0,780,565,1,566,4,7,322,5,101,0,0,0,47,7,3,1,42,26,1
28,87,Los Molinos,1-002-B,841,0,0,841,621,2,623,8,9,355,1,73,0,0,0,101,5,0,0,47,23,1
28,88,Montejo de la Sierra,1-001-U,314,0,0,314,241,0,241,3,4,87,1,59,0,0,4,62,2,2,0,6,11,0
28,89,Moraleja de Enmedio,1-001-A,543,0,0,543,404,1,405,1,10,174,0,98,0,0,1,54,5,2,1,43,16,0
28,89,Moraleja de Enmedio,1-001-B,521,0,0,521,394,1,395,0,3,190,0,101,0,0,1,46,1,3,0,36,14,0
28,89,Moraleja de Enmedio,1-002-A,806,0,0,806,551,2,553,7,16,284,1,102,0,0,0,61,3,2,1,67,9,0
28,89,Moraleja de Enmedio,1-002-B,703,0,0,703,494,2,496,10,7,268,0,88,0,0,2,52,3,4,0,52,10,0
28,89,Moraleja de Enmedio,1-003-A,825,0,0,825,606,0,606,6,5,294,0,119,0,1,1,69,15,4,0,69,22,1
28,89,Moraleja de Enmedio,1-003-B,744,0,0,744,548,0,548,6,9,295,2,94,0,0,0,74,7,6,0,41,13,1
28,90,Moralzarzal,1-001-A,866,0,0,866,630,1,631,8,11,298,1,115,1,0,0,120,10,3,1,33,30,0
28,90,Moralzarzal,1-001-B,934,0,0,934,702,2,704,9,8,338,1,101,0,0,1,142,6,10,1,56,29,2
28,90,Moralzarzal,1-002-A,582,0,0,582,436,0,436,3,4,208,1,84,0,0,1,86,3,7,0,24,15,0
28,90,Moralzarzal,1-002-B,735,0,0,735,543,2,545,4,6,280,3,76,0,1,1,96,14,4,0,37,21,2
28,90,Moralzarzal,1-002-C,618,0,0,618,472,2,474,10,4,224,1,59,0,0,1,89,7,8,0,42,29,0
28,90,Moralzarzal,1-003-A,561,0,0,561,426,2,428,6,1,215,3,48,0,0,1,107,6,1,0,22,18,0
28,90,Moralzarzal,1-003-B,611,0,0,611,469,1,470,7,6,227,2,68,0,2,0,100,8,2,0,20,25,3
28,90,Moralzarzal,1-004-A,621,0,0,621,454,0,454,11,2,217,1,77,0,0,1,84,11,10,0,27,12,1
28,90,Moralzarzal,1-004-B,782,0,0,782,593,2,595,9,6,302,3,88,0,0,2,103,10,5,0,49,17,1
28,90,Moralzarzal,1-004-C,656,0,0,656,488,1,489,7,2,243,5,70,0,1,2,94,7,5,0,37,15,1
28,90,Moralzarzal,1-005-A,599,0,0,599,475,1,476,7,7,236,0,61,0,0,0,102,10,1,0,28,24,0
28,90,Moralzarzal,1-005-B,757,0,0,757,604,2,606,10,2,314,2,82,0,0,0,113,19,3,1,33,27,0
28,90,Moralzarzal,1-005-C,591,0,0,591,463,1,464,7,2,239,1,66,1,0,0,94,8,2,0,25,19,0
28,90,Moralzarzal,1-006-A,589,0,0,589,447,3,450,4,4,219,2,56,0,0,1,96,13,2,0,37,15,1
28,90,Moralzarzal,1-006-B,607,0,0,607,453,4,457,7,2,210,0,71,0,0,0,88,15,10,0,33,20,1
28,91,Morata de Tajuña,1-001-A,672,0,0,672,451,3,454,0,7,224,0,98,0,0,0,64,1,2,2,33,23,0
28,91,Morata de Tajuña,1-001-B,657,0,0,657,454,3,457,2,10,223,1,116,0,0,0,61,3,2,0,14,25,0
28,91,Morata de Tajuña,1-002-A,615,0,0,615,362,3,365,4,10,176,0,90,0,0,0,43,0,1,0,29,11,1
28,91,Morata de Tajuña,1-002-B,652,0,0,652,400,3,403,1,8,201,0,92,0,0,0,43,3,1,0,28,25,1
28,91,Morata de Tajuña,2-001-A,820,0,0,820,587,3,590,3,11,282,0,152,1,0,0,75,4,2,0,43,17,0
28,91,Morata de Tajuña,2-001-B,815,0,0,815,609,2,611,8,15,280,1,153,0,0,0,82,5,5,0,35,27,0
28,91,Morata de Tajuña,2-002-A,671,0,0,671,476,3,479,9,4,243,0,99,0,0,1,59,2,4,0,36,22,0
28,91,Morata de Tajuña,2-002-B,785,0,0,785,571,0,571,7,7,295,1,110,0,0,0,81,6,5,0,29,30,0
28,92,Móstoles,1-001-A,579,0,0,579,364,0,364,5,4,149,0,87,0,1,0,54,2,1,1,36,23,1
28,92,Móstoles,1-001-B,582,0,0,582,376,0,376,2,3,160,0,90,0,1,1,59,6,6,2,26,20,0
28,92,Móstoles,1-002-A,477,0,0,477,266,0,266,2,7,108,1,66,0,0,0,36,5,3,1,22,13,2
28,92,Móstoles,1-002-B,513,0,0,513,291,0,291,7,3,123,0,54,0,0,0,53,2,6,1,26,16,0
28,92,Móstoles,1-003-U,861,0,0,861,528,0,528,3,7,233,1,116,0,0,1,75,12,5,1,54,19,1
28,92,Móstoles,1-004-U,572,0,0,572,370,0,370,5,3,158,0,103,2,0,1,49,5,0,1,30,12,1
28,92,Móstoles,1-005-U,828,0,0,828,479,0,479,6,5,197,0,130,0,3,0,70,8,4,2,33,21,0
28,92,Móstoles,1-006-U,742,0,0,742,460,0,460,3,8,185,0,125,0,1,3,62,7,8,0,35,23,0
28,92,Móstoles,1-007-U,761,0,0,761,460,0,460,5,10,165,0,135,1,0,0,73,3,5,0,38,24,1
28,92,Móstoles,1-008-A,668,0,0,668,414,0,414,4,3,178,0,116,0,0,1,67,2,5,0,21,17,0
28,92,Móstoles,1-008-B,644,0,0,644,403,1,404,4,13,167,2,105,0,1,1,55,2,3,1,33,17,0
28,92,Móstoles,1-009-A,698,0,0,698,473,0,473,6,9,195,0,121,0,1,1,75,5,3,0,26,30,1
28,92,Móstoles,1-009-B,714,0,0,714,479,0,479,4,5,182,1,114,1,0,0,98,8,3,0,35,27,1
28,92,Móstoles,1-010-A,569,0,0,569,376,0,376,6,9,130,0,110,0,0,0,68,9,1,0,25,18,0
28,92,Móstoles,1-010-B,520,0,0,520,354,0,354,2,8,152,1,84,0,0,0,62,7,3,0,19,15,1
28,92,Móstoles,1-011-A,882,0,0,882,573,0,573,5,13,230,2,109,0,1,0,125,4,9,0,46,29,0
28,92,Móstoles,1-011-B,819,0,0,819,545,0,545,8,13,208,0,109,0,3,2,120,4,6,0,45,27,0
28,92,Móstoles,1-012-A,844,0,0,844,537,0,537,5,21,192,2,115,0,0,1,106,6,3,0,48,37,1
28,92,Móstoles,1-012-B,854,0,0,854,529,0,529,3,8,201,4,125,0,1,1,88,8,8,0,42,40,0
28,92,Móstoles,1-013-A,815,0,0,815,535,0,535,9,4,207,0,109,0,0,0,115,5,6,0,53,25,2
28,92,Móstoles,1-013-B,786,0,0,786,536,0,536,8,13,194,0,108,0,0,1,127,3,9,0,40,32,1
28,92,Móstoles,1-014-A,770,0,0,770,524,0,524,10,11,185,0,102,0,0,0,116,6,5,1,53,32,3
28,92,Móstoles,1-014-B,696,0,0,696,487,0,487,2,15,181,0,100,0,1,0,103,13,10,0,35,27,0
28,92,Móstoles,1-015-A,650,0,0,650,452,0,452,5,8,164,2,83,1,1,2,101,6,3,0,50,24,2
28,92,Móstoles,1-015-B,702,0,0,702,493,0,493,7,10,176,1,103,1,1,0,105,9,4,1,52,23,0
28,92,Móstoles,1-016-U,869,0,0,869,575,0,575,6,10,240,1,153,0,3,1,99,6,6,1,25,23,1
28,92,Móstoles,1-017-A,864,0,0,864,600,0,600,5,10,286,2,80,0,1,1,120,6,4,2,51,28,4
28,92,Móstoles,1-017-B,944,0,0,944,657,0,657,2,8,326,0,76,0,0,0,123,8,5,0,68,40,1
28,92,Móstoles,1-018-A,681,0,0,681,456,0,456,1,9,251,0,66,0,0,0,56,6,5,0,45,17,0
28,92,Móstoles,1-018-B,754,0,0,754,509,0,509,9,3,262,0,77,0,0,1,81,7,4,0,46,17,2
28,92,Móstoles,1-019-A,893,0,0,893,527,0,527,7,9,229,0,88,0,2,0,90,5,2,0,55,40,0
28,92,Móstoles,1-019-B,934,0,0,934,554,0,554,2,6,239,1,97,0,0,0,103,10,4,0,59,32,1
28,92,Móstoles,1-020-A,636,0,0,636,496,0,496,9,5,279,4,60,0,0,0,82,4,3,0,44,6,0
28,92,Móstoles,1-020-B,585,0,0,585,419,0,419,7,5,218,1,57,0,0,1,67,5,4,0,40,13,1
28,92,Móstoles,1-021-A,502,0,0,502,354,0,354,4,6,147,1,58,0,0,0,86,3,3,0,25,19,2
28,92,Móstoles,1-021-B,543,0,0,543,403,0,403,1,3,168,0,68,0,0,0,113,4,3,0,24,19,0
28,92,Móstoles,1-022-A,847,0,0,847,614,0,614,9,2,331,1,75,0,2,0,102,22,4,0,46,18,2
28,92,Móstoles,1-022-B,793,0,0,793,550,0,550,7,5,306,3,62,0,0,0,85,10,2,1,49,18,2
28,92,Móstoles,1-023-U,886,0,0,886,623,0,623,8,8,359,0,72,0,1,3,88,10,1,1,49,23,0
28,92,Móstoles,1-024-U,610,0,0,610,446,0,446,6,3,217,0,83,1,0,0,71,6,1,0,43,15,0
28,92,Móstoles,2-001-A,689,0,0,689,395,1,396,1,5,172,2,103,0,2,0,68,7,1,0,21,13,1
28,92,Móstoles,2-001-B,692,0,0,692,418,0,418,3,4,180,1,109,0,0,0,66,1,1,0,33,19,1
28,92,Móstoles,2-002-U,812,0,0,812,506,0,506,3,4,209,0,127,0,2,0,96,5,3,0,30,26,1
28,92,Móstoles,2-003-U,904,0,0,904,572,0,572,5,8,217,4,151,0,0,3,100,6,12,0,46,19,1
28,92,Móstoles,2-004-U,829,0,0,829,477,0,477,0,8,183,1,147,0,0,0,66,5,3,1,30,32,1
28,92,Móstoles,2-006-A,534,0,0,534,324,0,324,5,3,152,0,71,0,0,0,39,2,0,1,29,22,0
28,92,Móstoles,2-006-B,519,0,0,519,331,0,331,2,3,155,0,72,0,0,2,47,3,3,0,24,18,2
28,92,Móstoles,2-007-A,611,0,0,611,437,0,437,8,6,192,1,63,0,0,2,93,3,7,0,41,21,0
28,92,Móstoles,2-007-B,574,0,0,574,417,0,417,6,2,200,0,61,1,0,0,79,9,4,0,25,30,0
28,92,Móstoles,2-008-A,595,0,0,595,389,0,389,1,8,150,0,93,1,0,0,74,5,1,1,37,17,1
28,92,Móstoles,2-008-B,586,0,0,586,401,0,401,3,15,152,1,102,0,0,1,67,8,1,0,32,19,0
28,92,Móstoles,2-009-U,800,0,0,800,508,0,508,3,8,204,0,120,1,0,0,81,12,3,0,36,38,2
28,92,Móstoles,2-010-U,594,0,0,594,324,0,324,4,4,118,0,83,2,0,0,66,4,1,3,25,13,1
28,92,Móstoles,2-011-U,758,0,0,758,480,0,480,4,3,162,0,156,0,1,0,83,12,6,1,28,24,0
28,92,Móstoles,2-012-U,622,0,0,622,375,0,375,0,6,115,0,121,0,0,1,76,1,3,0,28,23,1
28,92,Móstoles,2-013-U,909,0,0,909,565,0,565,7,7,263,3,137,0,1,0,73,4,4,0,38,28,0
28,92,Móstoles,2-014-A,524,0,0,524,342,0,342,1,3,142,0,91,0,0,0,39,6,2,0,38,19,1
28,92,Móstoles,2-014-B,499,0,0,499,300,0,300,2,1,114,0,90,1,0,0,55,3,1,0,23,10,0
28,92,Móstoles,2-015-U,864,0,0,864,625,0,625,3,4,276,1,160,0,1,0,108,14,4,0,34,20,0
28,92,Móstoles,2-016-A,570,0,0,570,405,0,405,11,3,185,1,92,0,0,1,51,6,3,0,37,15,0
28,92,Móstoles,2-016-B,506,0,0,506,364,0,364,5,1,163,1,75,0,0,0,64,8,3,0,30,14,0
28,92,Móstoles,2-017-A,832,0,0,832,603,0,603,5,8,269,0,129,0,0,1,111,7,3,0,37,33,0
28,92,Móstoles,2-017-B,852,0,0,852,636,0,636,5,3,244,1,139,0,2,0,135,6,7,2,54,37,1
28,92,Móstoles,2-018-U,849,0,0,849,577,0,577,5,13,199,0,157,1,0,3,121,5,4,0,40,29,0
28,92,Móstoles,2-019-U,868,0,0,868,638,0,638,5,11,276,0,127,1,0,0,128,6,4,1,46,31,2
28,92,Móstoles,2-020-A,554,0,0,554,407,0,407,1,5,164,0,96,0,1,1,89,8,2,1,23,16,0
28,92,Móstoles,2-020-B,552,0,0,552,397,0,397,8,1,174,0,84,0,0,2,86,4,2,1,17,18,0
28,92,Móstoles,2-021-A,665,0,0,665,478,0,478,5,4,213,1,108,0,0,0,73,6,0,0,35,33,0
28,92,Móstoles,2-021-B,643,0,0,643,500,0,500,3,6,202,1,130,0,0,1,80,2,11,0,28,36,0
28,92,Móstoles,2-022-U,839,0,0,839,600,0,600,3,6,293,0,119,0,1,1,93,3,8,1,40,32,0
28,92,Móstoles,2-023-A,522,0,0,522,356,0,356,3,5,148,1,66,0,0,1,74,5,1,0,21,30,1
28,92,Móstoles,2-023-B,507,0,0,507,339,0,339,3,4,130,0,84,0,0,1,69,6,3,0,17,21,1
28,92,Móstoles,2-024-A,502,0,0,502,358,0,358,2,4,167,0,86,0,0,0,52,1,1,0,28,16,1
28,92,Móstoles,2-024-B,538,0,0,538,395,0,395,4,0,191,1,87,0,0,0,59,5,1,0,20,27,0
28,92,Móstoles,2-025-A,523,0,0,523,366,0,366,0,5,183,0,52,0,0,0,87,5,0,1,24,8,1
28,92,Móstoles,2-025-B,512,0,0,512,368,0,368,1,2,187,1,60,0,1,0,63,8,0,0,35,10,0
28,92,Móstoles,2-026-A,547,0,0,547,404,0,404,6,3,177,0,74,0,0,3,83,5,2,0,33,17,1
28,92,Móstoles,2-026-B,512,0,0,512,374,0,374,6,4,153,0,68,0,1,0,80,2,0,0,33,26,1
28,92,Móstoles,2-028-A,737,0,0,737,529,0,529,2,5,249,0,123,0,0,0,77,5,4,0,34,30,0
28,92,Móstoles,2-028-B,666,0,0,666,471,0,471,3,9,213,2,96,0,0,0,88,1,0,0,34,24,1
28,92,Móstoles,2-029-A,730,0,0,730,541,0,541,4,7,273,1,87,1,1,0,80,5,5,0,50,27,0
28,92,Móstoles,2-029-B,730,0,0,730,510,0,510,3,7,269,1,82,1,0,2,82,7,3,0,34,19,0
28,92,Móstoles,2-030-U,682,0,0,682,468,0,468,2,6,232,1,88,0,0,0,72,3,4,0,35,24,1
28,92,Móstoles,2-031-A,480,0,0,480,347,0,347,1,6,148,0,71,0,1,2,67,7,4,0,26,13,1
28,92,Móstoles,2-031-B,504,0,0,504,342,0,342,3,1,136,0,66,0,0,2,90,7,0,0,19,18,0
28,92,Móstoles,2-032-A,720,0,0,720,528,0,528,11,7,231,8,87,0,3,2,112,7,3,1,28,27,1
28,92,Móstoles,2-032-B,704,0,0,704,511,0,511,3,7,201,3,100,1,0,0,109,9,6,0,39,33,0
28,92,Móstoles,2-033-U,908,0,0,908,642,0,642,9,3,299,1,133,0,1,1,107,9,4,0,54,20,1
28,92,Móstoles,2-034-A,823,0,0,823,609,0,609,9,14,246,0,101,0,0,0,147,10,6,0,43,32,1
28,92,Móstoles,2-034-B,874,0,0,874,628,0,628,1,6,282,0,116,0,0,0,143,12,5,0,31,32,0
28,92,Móstoles,2-035-A,511,0,0,511,359,0,359,5,3,156,0,56,0,0,0,76,7,3,0,32,20,1
28,92,Móstoles,2-035-B,513,0,0,513,360,0,360,1,3,186,1,63,0,0,0,50,12,0,0,30,14,0
28,92,Móstoles,2-036-U,840,0,0,840,582,0,582,5,3,272,0,134,0,1,0,91,8,3,0,37,26,2
28,92,Móstoles,2-037-U,851,0,0,851,609,0,609,3,5,291,1,111,0,0,0,104,11,2,0,58,22,1
28,92,Móstoles,2-038-A,605,0,0,605,404,0,404,2,3,192,1,67,1,0,0,79,8,2,0,30,19,0
28,92,Móstoles,2-038-B,725,0,0,725,511,0,511,4,6,209,0,115,0,1,1,99,9,4,0,37,26,0
28,92,Móstoles,2-038-C,740,0,0,740,533,0,533,6,9,241,1,95,0,1,0,98,10,5,0,40,26,1
28,92,Móstoles,2-039-U,671,0,0,671,488,0,488,8,9,195,3,70,0,1,0,118,9,2,1,42,29,1
28,92,Móstoles,3-001-A,588,0,0,588,359,0,359,2,5,141,2,85,0,0,0,67,4,1,0,31,21,0
28,92,Móstoles,3-001-B,528,0,0,528,308,0,308,1,4,119,2,85,0,1,1,40,7,4,0,25,19,0
28,92,Móstoles,3-002-U,869,0,0,869,577,0,577,8,7,224,0,161,0,0,1,91,10,7,4,41,23,0
28,92,Móstoles,3-003-A,512,0,0,512,326,0,326,4,9,123,0,91,0,0,0,57,2,4,0,18,17,1
28,92,Móstoles,3-003-B,542,0,0,542,313,0,313,1,6,111,0,90,0,0,0,52,8,4,0,25,16,0
28,92,Móstoles,3-004-U,741,0,0,741,442,0,442,4,6,195,1,108,0,0,0,67,6,7,1,32,14,1
28,92,Móstoles,3-005-U,659,0,0,659,410,0,410,3,4,133,1,133,0,0,1,61,6,5,0,36,24,3
28,92,Móstoles,3-006-A,626,0,0,626,376,0,376,3,9,132,0,114,0,1,1,75,3,1,0,15,19,3
28,92,Móstoles,3-006-B,638,0,0,638,399,0,399,4,5,167,2,95,1,0,2,67,0,1,0,35,20,0
28,92,Móstoles,3-007-U,822,0,0,822,489,0,489,4,4,180,2,156,0,3,2,67,6,5,0,44,16,0
28,92,Móstoles,3-008-A,527,0,0,527,380,0,380,2,7,160,0,99,0,1,0,64,3,4,0,26,14,0
28,92,Móstoles,3-008-B,576,0,0,576,396,0,396,3,5,179,0,92,0,0,0,59,3,3,0,27,25,0
28,92,Móstoles,3-009-A,528,0,0,528,341,0,341,2,7,144,2,86,0,0,0,62,9,1,0,23,5,0
28,92,Móstoles,3-009-B,548,0,0,548,369,0,369,4,5,156,0,113,0,0,0,44,4,1,0,21,19,2
28,92,Móstoles,3-010-U,776,0,0,776,486,0,486,6,5,220,0,112,0,1,0,86,7,7,0,31,10,1
28,92,Móstoles,3-011-U,948,0,0,948,570,0,570,2,22,224,0,156,0,1,0,95,7,2,1,41,19,0
28,92,Móstoles,3-012-A,708,0,0,708,470,0,470,8,10,177,3,125,0,2,0,94,5,6,1,26,13,0
28,92,Móstoles,3-012-B,686,0,0,686,436,0,436,4,3,174,1,116,1,1,0,79,7,3,0,25,21,1
28,92,Móstoles,3-013-A,503,0,0,503,324,0,324,5,4,143,1,68,0,0,0,61,5,3,1,20,13,0
28,92,Móstoles,3-013-B,477,0,0,477,279,0,279,4,3,100,1,73,0,0,0,54,4,3,2,23,12,0
28,92,Móstoles,3-014-U,536,0,0,536,327,0,327,6,1,117,0,99,0,0,0,64,1,3,0,22,14,0
28,92,Móstoles,3-015-U,855,0,0,855,536,0,536,13,8,190,2,141,0,0,1,91,11,5,1,39,34,0
28,92,Móstoles,3-016-A,610,0,0,610,404,0,404,2,5,158,0,88,1,0,1,89,0,3,0,41,16,0
28,92,Móstoles,3-016-B,555,0,0,555,370,0,370,6,3,138,0,97,0,4,0,75,4,4,0,21,17,1
28,92,Móstoles,3-017-A,819,0,0,819,526,0,526,2,8,223,2,106,0,1,0,103,6,8,1,44,21,1
28,92,Móstoles,3-017-B,772,0,0,772,527,0,527,5,3,211,1,116,0,0,0,112,6,4,2,44,21,2
28,92,Móstoles,3-018-A,710,0,0,710,481,0,481,4,8,197,0,126,0,1,1,101,7,0,0,17,19,0
28,92,Móstoles,3-018-B,627,0,0,627,405,0,405,5,4,183,0,101,0,0,2,71,4,2,0,25,8,0
28,92,Móstoles,3-019-A,632,0,0,632,435,0,435,5,10,185,2,120,0,0,0,64,5,2,0,22,19,1
28,92,Móstoles,3-019-B,578,0,0,578,383,0,383,4,7,155,0,117,0,0,1,62,6,4,2,18,7,0
28,92,Móstoles,3-020-U,927,0,0,927,643,0,643,2,8,269,1,190,0,0,0,71,11,5,1,63,21,1
28,92,Móstoles,3-021-U,752,0,0,752,532,0,532,4,8,254,1,108,0,1,0,83,5,3,0,26,39,0
28,92,Móstoles,3-022-U,892,0,0,892,568,0,568,10,4,173,0,167,0,0,0,115,3,9,1,46,39,1
28,92,Móstoles,3-023-U,886,0,0,886,562,0,562,4,9,223,1,116,0,0,0,135,8,3,2,31,30,0
28,92,Móstoles,3-024-U,864,0,0,864,603,0,603,5,11,275,0,140,0,0,1,89,5,2,0,48,24,3
28,92,Móstoles,3-025-U,694,0,0,694,512,0,512,3,3,269,1,88,0,0,0,84,3,3,1,40,17,0
28,92,Móstoles,3-026-A,763,0,0,763,521,0,521,3,12,212,2,85,0,0,1,108,10,4,0,50,33,1
28,92,Móstoles,3-026-B,723,0,0,723,469,0,469,4,4,199,1,104,0,1,0,87,8,3,1,41,13,3
28,92,Móstoles,3-027-U,638,0,0,638,394,0,394,5,2,189,0,79,0,0,2,60,7,6,0,29,15,0
28,92,Móstoles,3-028-A,531,0,0,531,369,0,369,7,4,153,1,73,0,0,1,83,5,1,1,25,15,0
28,92,Móstoles,3-028-B,714,1,0,715,495,1,496,4,10,225,2,96,0,0,1,89,5,2,0,35,26,1
28,92,Móstoles,3-028-C,615,0,0,615,430,0,430,4,8,174,1,79,1,1,0,91,4,1,0,33,32,1
28,92,Móstoles,3-029-U,708,0,0,708,521,0,521,1,6,252,2,104,0,1,3,83,4,1,0,44,20,0
28,92,Móstoles,3-030-A,732,0,0,732,520,0,520,5,3,216,1,116,0,1,0,119,3,4,0,28,24,0
28,92,Móstoles,3-030-B,763,0,0,763,527,0,527,6,8,235,2,103,0,0,0,95,10,2,0,39,24,3
28,92,Móstoles,4-001-U,711,0,0,711,445,0,445,3,3,219,0,92,1,1,0,61,7,5,1,33,19,0
28,92,Móstoles,4-002-A,566,0,0,566,375,0,375,4,6,165,0,105,0,1,1,45,4,1,0,26,16,1
28,92,Móstoles,4-002-B,563,0,0,563,348,0,348,6,2,148,1,101,0,0,1,53,2,0,0,22,12,0
28,92,Móstoles,4-003-U,945,0,0,945,572,0,572,5,7,229,2,170,0,1,1,82,0,0,2,42,28,3
28,92,Móstoles,4-004-U,740,0,0,740,480,0,480,6,14,215,1,102,0,0,0,82,7,0,0,35,18,0
28,92,Móstoles,4-005-A,625,0,0,625,423,0,423,3,7,177,4,90,0,0,0,85,8,4,0,28,17,0
28,92,Móstoles,4-005-B,668,0,0,668,405,0,405,3,4,162,1,112,0,0,0,67,12,3,0,21,19,1
28,92,Móstoles,4-006-A,569,0,0,569,356,0,356,5,3,135,0,105,0,0,0,58,5,4,2,25,13,1
28,92,Móstoles,4-006-B,557,0,0,557,373,0,373,0,2,141,1,111,0,0,0,72,3,6,0,24,13,0
28,92,Móstoles,4-007-U,818,0,0,818,445,0,445,1,8,146,0,137,1,0,0,76,7,4,0,45,18,2
28,92,Móstoles,4-008-A,609,0,0,609,394,1,395,9,3,154,1,102,0,0,0,64,6,8,0,26,21,1
28,92,Móstoles,4-008-B,590,0,0,590,383,0,383,7,7,160,0,100,1,1,0,52,4,3,0,28,18,2
28,92,Móstoles,4-009-A,737,0,0,737,440,0,440,4,5,178,1,123,0,1,0,62,9,6,0,34,15,2
28,92,Móstoles,4-009-B,711,0,0,711,419,0,419,6,7,170,0,115,0,2,1,65,5,6,0,27,15,0
28,92,Móstoles,4-010-U,658,0,0,658,422,0,422,5,9,165,1,126,0,1,1,47,6,4,1,42,14,0
28,92,Móstoles,4-011-A,616,0,0,616,384,0,384,0,2,155,1,113,0,1,0,50,3,1,0,36,22,0
28,92,Móstoles,4-011-B,596,0,0,596,372,0,372,6,6,146,0,94,0,1,0,62,1,3,0,38,14,1
28,92,Móstoles,4-012-A,657,0,0,657,447,0,447,1,9,183,1,133,0,1,0,67,6,1,0,27,18,0
28,92,Móstoles,4-012-B,606,0,0,606,400,0,400,1,3,146,0,118,0,1,1,78,5,1,0,32,14,0
28,92,Móstoles,4-013-A,766,0,0,766,513,0,513,4,5,200,3,133,0,1,1,95,5,0,2,35,29,0
28,92,Móstoles,4-013-B,806,0,0,806,506,0,506,2,8,205,0,141,0,1,2,71,7,0,2,41,25,1
28,92,Móstoles,4-015-U,955,0,0,955,644,0,644,5,7,267,1,157,0,1,0,121,1,5,0,47,30,2
28,92,Móstoles,4-016-A,526,0,0,526,415,0,415,4,9,169,1,101,0,0,1,87,4,4,0,24,10,1
28,92,Móstoles,4-016-B,566,0,0,566,420,0,420,0,7,186,0,90,0,1,2,68,4,2,0,37,22,1
28,92,Móstoles,4-017-A,556,0,0,556,394,0,394,0,0,152,0,104,0,1,0,66,8,9,0,32,21,1
28,92,Móstoles,4-017-B,519,0,0,519,374,0,374,5,4,159,2,86,0,0,0,71,4,4,0,22,16,1
28,92,Móstoles,4-018-U,930,0,0,930,693,0,693,6,9,283,0,157,0,0,1,146,11,4,0,40,35,1
28,92,Móstoles,4-019-A,571,0,0,571,392,0,392,1,5,141,1,114,2,0,0,74,5,5,0,23,21,0
28,92,Móstoles,4-019-B,613,0,0,613,399,0,399,1,3,167,1,104,1,0,0,63,4,10,0,33,12,0
28,92,Móstoles,4-020-U,943,0,0,943,637,0,637,4,10,262,0,166,0,0,1,109,5,9,0,42,29,0
28,92,Móstoles,4-021-U,777,0,0,777,503,0,503,4,15,204,0,127,0,0,0,87,7,6,0,29,24,0
28,92,Móstoles,4-022-U,794,0,0,794,505,0,505,6,7,192,0,121,0,0,0,87,5,3,1,43,39,1
28,92,Móstoles,4-023-U,791,0,0,791,484,0,484,2,10,189,1,138,0,2,1,73,3,4,0,36,25,0
28,92,Móstoles,4-024-A,628,0,0,628,385,0,385,4,5,137,0,119,0,0,0,64,3,5,0,25,22,1
28,92,Móstoles,4-024-B,561,0,0,561,345,0,345,2,3,119,1,110,0,0,0,62,1,6,1,26,14,0
28,92,Móstoles,4-025-A,761,0,0,761,517,0,517,6,11,220,0,116,0,0,0,83,8,2,1,39,31,0
28,92,Móstoles,4-025-B,805,0,0,805,566,0,566,7,8,253,3,133,0,0,1,86,7,2,0,40,26,0
28,92,Móstoles,4-026-A,636,0,0,636,430,0,430,2,5,196,0,104,0,0,1,51,3,7,3,39,19,0
28,92,Móstoles,4-026-B,592,0,0,592,398,0,398,5,7,157,1,103,0,0,0,62,4,2,0,42,14,1
28,92,Móstoles,4-027-A,751,0,0,751,508,0,508,4,11,217,0,113,1,0,1,94,10,3,1,31,19,3
28,92,Móstoles,4-027-B,803,0,0,803,586,0,586,9,11,216,0,135,0,0,0,115,9,5,1,63,19,3
28,92,Móstoles,4-028-U,814,0,0,814,538,0,538,4,2,191,0,120,0,1,1,110,4,6,1,58,39,1
28,92,Móstoles,4-029-U,692,0,0,692,462,0,462,5,4,185,2,111,1,0,1,95,10,2,0,27,17,2
28,92,Móstoles,4-030-A,718,0,0,718,481,0,481,11,4,183,3,91,0,0,0,116,2,5,0,43,23,0
28,92,Móstoles,4-030-B,730,0,0,730,514,0,514,8,7,234,0,95,0,1,0,77,0,7,0,49,35,1
28,92,Móstoles,4-031-A,721,0,0,721,509,0,509,5,11,199,1,123,0,0,2,86,7,3,1,49,22,0
28,92,Móstoles,4-031-B,811,0,0,811,547,0,547,9,11,258,3,101,0,0,1,90,7,7,0,39,21,0
28,92,Móstoles,4-032-A,689,0,0,689,454,0,454,10,16,180,1,104,0,0,0,77,3,5,0,40,17,1
28,92,Móstoles,4-032-B,714,0,0,714,482,0,482,1,6,185,2,111,0,0,0,90,7,3,3,43,31,0
28,92,Móstoles,4-033-U,912,0,0,912,640,0,640,9,12,273,1,152,0,0,1,109,6,8,3,36,29,1
28,92,Móstoles,4-034-A,617,0,0,617,415,0,415,6,4,162,0,81,0,0,1,83,12,1,0,33,30,2
28,92,Móstoles,4-034-B,669,0,0,669,460,0,460,2,7,171,0,100,0,2,0,83,6,2,1,50,34,2
28,92,Móstoles,4-035-A,975,0,0,975,703,0,703,4,16,287,2,112,0,0,1,155,13,4,1,65,42,1
28,92,Móstoles,4-035-B,897,0,0,897,646,0,646,6,15,290,2,106,0,0,0,142,9,4,0,48,21,3
28,92,Móstoles,4-036-A,770,0,0,770,574,0,574,7,11,265,0,106,0,1,0,109,10,4,1,44,15,1
28,92,Móstoles,4-036-B,722,0,0,722,505,0,505,5,7,227,2,115,0,0,0,82,8,4,0,40,13,2
28,92,Móstoles,4-037-A,783,0,0,783,576,0,576,8,4,243,0,110,0,0,1,116,12,4,1,48,28,1
28,92,Móstoles,4-037-B,873,0,0,873,649,0,649,11,7,298,1,87,0,0,0,141,13,5,0,58,27,1
28,92,Móstoles,4-038-U,857,0,0,857,612,0,612,2,12,263,1,117,1,0,0,123,7,11,0,51,21,3
28,92,Móstoles,4-039-A,520,0,0,520,354,0,354,5,6,136,0,51,0,0,2,93,3,7,0,26,23,2
28,92,Móstoles,4-039-B,538,0,0,538,358,0,358,4,6,139,0,48,0,2,0,95,3,2,0,32,27,0
28,92,Móstoles,4-040-A,570,0,0,570,415,0,415,6,4,184,1,60,0,0,1,92,13,6,0,29,19,0
28,92,Móstoles,4-040-B,567,0,0,567,411,0,411,4,8,178,0,63,0,0,1,101,3,7,0,28,18,0
28,92,Móstoles,4-041-A,787,0,0,787,620,0,620,8,9,231,2,70,0,1,1,180,25,9,0,55,28,1
28,92,Móstoles,4-041-B,757,0,0,757,574,0,574,8,6,236,2,63,0,2,1,171,17,3,0,39,26,0
28,92,Móstoles,4-042-A,690,0,0,690,367,0,367,5,6,126,0,60,0,0,0,108,3,14,0,34,10,1
28,92,Móstoles,4-042-B,761,0,0,761,413,0,413,8,6,140,0,71,0,0,4,112,7,10,0,37,16,2
28,92,Móstoles,4-043-A,492,0,0,492,379,0,379,6,1,161,2,52,0,0,1,117,9,1,1,18,10,0
28,92,Móstoles,4-043-B,526,0,0,526,396,0,396,6,2,178,2,72,0,0,1,87,6,0,0,33,9,0
28,92,Móstoles,4-044-A,503,0,0,503,373,0,373,3,6,162,1,71,0,1,0,65,5,2,0,32,25,0
28,92,Móstoles,4-044-B,530,0,0,530,387,0,387,2,3,164,0,79,0,0,1,75,4,3,0,44,12,0
28,92,Móstoles,4-045-A,483,0,0,483,341,0,341,3,5,127,0,61,0,0,0,83,2,5,1,35,18,1
28,92,Móstoles,4-045-B,511,0,0,511,360,0,360,3,10,139,0,67,0,0,0,91,3,4,0,21,22,0
28,92,Móstoles,4-046-A,693,0,0,693,447,0,447,5,8,195,0,69,0,0,1,93,8,12,0,35,20,1
28,92,Móstoles,4-046-B,717,0,0,717,469,0,469,3,9,199,1,88,1,1,0,108,6,5,0,34,11,3
28,92,Móstoles,4-047-A,514,0,0,514,379,0,379,5,7,164,2,30,0,0,0,109,8,4,3,29,18,0
28,92,Móstoles,4-047-B,484,0,0,484,363,0,363,8,6,157,3,52,2,0,0,91,5,1,0,21,17,0
28,92,Móstoles,4-048-A,635,0,0,635,490,0,490,4,9,232,2,62,0,0,0,102,18,4,0,45,12,0
28,92,Móstoles,4-048-B,607,0,0,607,434,0,434,7,4,201,0,52,0,0,1,102,14,6,1,29,17,0
28,92,Móstoles,4-049-A,600,0,0,600,467,0,467,5,3,219,3,52,0,0,0,116,8,5,0,43,13,0
28,92,Móstoles,4-049-B,645,0,0,645,514,0,514,3,10,222,3,55,0,1,0,133,10,3,0,46,26,2
28,93,Navacerrada,1-001-A,747,0,0,747,580,0,580,6,6,327,5,86,0,0,1,75,4,2,0,39,27,2
28,93,Navacerrada,1-001-B,771,0,0,771,600,2,602,8,10,343,3,94,0,0,0,63,1,1,1,54,24,0
28,93,Navacerrada,1-001-C,805,0,0,805,637,2,639,5,15,352,5,106,1,0,3,61,13,6,0,46,25,1
28,94,Navalafuente,1-001-A,557,0,0,557,387,0,387,7,10,156,0,60,1,0,0,64,6,5,1,40,37,0
28,94,Navalafuente,1-001-B,535,0,0,535,380,0,380,5,9,168,2,63,0,0,0,67,5,4,0,26,31,0
28,95,Navalagamella,1-001-A,963,0,0,963,680,0,680,4,14,354,1,107,0,1,1,90,9,3,1,68,25,2
28,95,Navalagamella,1-001-B,889,0,0,889,640,0,640,7,5,330,1,98,0,0,0,69,5,9,0,74,41,1
28,96,Navalcarnero,1-001-A,722,0,0,722,399,1,400,4,7,150,0,159,0,0,1,36,2,1,0,32,8,0
28,96,Navalcarnero,1-001-B,697,0,0,697,420,1,421,6,5,147,0,149,1,0,0,51,5,3,0,46,8,0
28,96,Navalcarnero,1-002-A,657,0,0,657,439,1,440,6,6,224,3,111,0,0,0,45,5,2,1,29,7,1
28,96,Navalcarnero,1-002-B,649,0,0,649,442,0,442,5,5,237,2,79,0,1,1,57,5,4,0,36,9,1
28,96,Navalcarnero,1-003-A,825,0,0,825,567,0,567,8,8,302,0,109,0,1,0,68,4,1,0,55,11,0
28,96,Navalcarnero,1-003-B,798,0,0,798,559,1,560,2,12,299,0,112,0,0,0,54,8,3,0,54,14,2
28,96,Navalcarnero,1-004-A,621,0,0,621,421,0,421,4,12,209,0,90,0,0,0,53,4,1,0,34,14,0
28,96,Navalcarnero,1-004-B,697,0,0,697,478,1,479,3,7,221,1,104,2,0,0,68,6,0,1,48,17,1
28,96,Navalcarnero,1-004-C,712,0,0,712,499,0,499,4,10,234,0,116,0,1,0,72,9,0,0,39,14,0
28,96,Navalcarnero,1-005-A,667,0,0,667,503,0,503,1,9,236,2,134,0,0,0,58,10,2,1,46,4,0
28,96,Navalcarnero,1-005-B,774,0,0,774,589,1,590,5,9,299,2,122,0,0,1,77,8,3,0,58,6,0
28,96,Navalcarnero,1-005-C,794,0,0,794,606,1,607,5,13,306,1,122,0,0,1,80,9,2,0,59,9,0
28,96,Navalcarnero,1-006-A,471,0,0,471,336,1,337,5,5,178,2,58,0,0,0,49,6,1,0,30,3,0
28,96,Navalcarnero,1-006-B,499,0,0,499,358,1,359,3,6,199,3,68,0,0,3,35,7,1,0,26,7,1
28,96,Navalcarnero,1-007-A,524,0,0,524,383,0,383,2,4,196,0,85,0,0,0,41,2,1,0,41,11,0
28,96,Navalcarnero,1-007-B,550,0,0,550,398,1,399,3,5,207,2,76,0,0,1,54,5,1,0,39,6,0
28,96,Navalcarnero,1-008-A,559,0,0,559,408,3,411,4,9,201,1,100,1,0,0,58,3,1,0,30,2,1
28,96,Navalcarnero,1-008-B,584,0,0,584,435,2,437,5,12,207,0,111,0,0,0,43,9,3,0,42,5,0
28,96,Navalcarnero,1-009-A,870,0,0,870,611,1,612,3,6,278,2,141,0,0,1,86,14,2,0,56,20,3
28,96,Navalcarnero,1-009-B,823,0,0,823,576,1,577,6,14,291,0,119,0,1,1,65,11,8,1,38,22,0
28,96,Navalcarnero,1-010-A,890,0,0,890,549,1,550,10,13,224,3,136,0,0,1,94,12,4,0,39,14,0
28,96,Navalcarnero,1-010-B,738,0,0,738,448,1,449,3,7,179,2,96,0,1,1,87,6,2,0,46,18,1
28,96,Navalcarnero,1-011-A,680,0,0,680,468,0,468,7,5,223,0,81,0,0,2,94,6,5,0,34,11,0
28,96,Navalcarnero,1-011-B,716,0,0,716,494,1,495,5,4,233,0,88,0,0,1,97,10,7,0,32,17,1
28,96,Navalcarnero,1-012-A,616,0,0,616,414,1,415,7,3,195,0,68,1,1,0,78,4,7,0,41,10,0
28,96,Navalcarnero,1-012-B,809,0,0,809,559,0,559,9,3,273,3,82,0,0,0,107,11,7,1,46,17,0
28,96,Navalcarnero,1-012-C,757,0,0,757,514,1,515,5,7,274,2,64,0,2,0,94,8,3,3,39,14,0
28,96,Navalcarnero,1-013-A,725,0,0,725,544,1,545,6,3,260,3,94,0,0,1,101,10,5,0,51,11,0
28,96,Navalcarnero,1-013-B,697,0,0,697,522,1,523,6,2,251,3,103,0,0,2,85,12,5,0,42,11,1
28,96,Navalcarnero,1-014-A,789,0,0,789,521,1,522,3,8,283,1,75,1,1,2,79,6,7,1,46,9,0
28,96,Navalcarnero,1-014-B,874,0,0,874,591,1,592,4,12,327,0,82,0,1,2,85,7,10,0,50,12,0
28,97,Navarredonda y San Mamés,1-001-U,140,0,0,140,117,0,117,0,1,39,1,37,0,0,0,20,6,1,0,8,4,0
28,99,Navas del Rey,1-001-A,615,0,0,615,465,1,466,7,5,251,1,71,0,0,1,57,3,6,1,52,11,0
28,99,Navas del Rey,1-001-B,741,0,0,741,565,0,565,6,9,314,0,59,0,0,0,58,5,9,3,89,10,3
28,99,Navas del Rey,1-001-C,801,0,0,801,633,1,634,6,8,345,1,102,0,0,0,67,7,9,2,72,15,0
28,100,Nuevo Baztán,1-001-A,515,0,0,515,331,0,331,3,3,120,2,50,0,0,4,62,2,7,0,45,33,0
28,100,Nuevo Baztán,1-001-B,503,0,0,503,329,0,329,0,9,134,0,55,0,0,0,66,3,4,0,35,22,1
28,100,Nuevo Baztán,1-002-A,853,0,0,853,564,1,565,6,1,273,1,92,0,0,0,89,7,7,0,52,37,0
28,100,Nuevo Baztán,1-002-B,845,0,0,845,559,0,559,9,8,241,1,89,0,2,1,91,5,1,0,73,37,1
28,100,Nuevo Baztán,1-003-A,643,0,0,643,430,0,430,4,6,203,4,70,0,1,0,61,9,8,0,43,21,0
28,100,Nuevo Baztán,1-003-B,754,0,0,754,503,0,503,5,7,237,1,69,0,1,0,64,12,7,1,61,37,1
28,100,Nuevo Baztán,1-003-C,783,0,0,783,533,0,533,7,7,250,0,86,0,0,0,88,7,7,1,55,23,2
28,101,Olmeda de las Fuentes,1-001-U,265,0,0,265,210,0,210,3,7,100,3,41,0,0,1,39,3,2,0,8,3,0
28,102,Orusco de Tajuña,1-001-A,484,0,0,484,332,1,333,6,8,140,0,108,0,0,0,41,9,0,0,19,2,0
28,102,Orusco de Tajuña,1-001-B,519,0,0,519,358,0,358,6,11,138,0,107,0,0,0,50,6,1,1,20,17,1
28,104,Paracuellos de Jarama,1-001-A,731,0,0,731,473,1,474,3,4,251,0,65,0,0,1,82,6,5,0,32,25,0
28,104,Paracuellos de Jarama,1-001-B,633,0,0,633,450,1,451,10,7,233,1,62,0,0,0,65,4,8,1,35,24,1
28,104,Paracuellos de Jarama,1-002-A,561,0,0,561,348,0,348,2,3,171,0,49,0,0,3,69,0,0,0,34,16,1
28,104,Paracuellos de Jarama,1-002-B,518,0,0,518,343,1,344,0,8,166,0,58,0,1,3,61,2,3,0,20,20,2
28,104,Paracuellos de Jarama,1-003-A,653,0,0,653,506,0,506,7,10,307,1,50,0,1,0,70,5,2,1,36,16,0
28,104,Paracuellos de Jarama,1-003-B,228,0,0,228,173,0,173,3,2,67,0,36,0,0,0,33,1,2,0,16,13,0
28,104,Paracuellos de Jarama,1-004-U,831,0,0,831,574,1,575,6,1,378,1,50,0,0,0,42,2,5,0,79,11,0
28,104,Paracuellos de Jarama,1-005-A,678,0,0,678,536,1,537,11,7,325,1,37,0,0,2,82,14,4,1,41,12,0
28,104,Paracuellos de Jarama,1-005-B,712,0,0,712,580,1,581,15,4,363,2,46,0,0,0,68,16,3,1,53,10,0
28,104,Paracuellos de Jarama,1-006-A,662,0,0,662,494,1,495,2,2,272,1,64,1,0,0,90,13,1,1,37,11,0
28,104,Paracuellos de Jarama,1-006-B,675,0,0,675,510,1,511,5,6,278,2,67,0,0,1,89,17,2,0,33,11,0
28,104,Paracuellos de Jarama,1-007-A,692,0,0,692,522,0,522,3,4,302,2,59,0,0,0,79,7,3,0,46,17,0
28,104,Paracuellos de Jarama,1-007-B,726,0,0,726,563,1,564,7,11,323,1,54,0,0,1,88,6,4,0,56,13,0
28,104,Paracuellos de Jarama,1-008-A,586,0,0,586,423,1,424,4,3,241,0,51,0,0,0,70,11,3,0,34,6,1
28,104,Paracuellos de Jarama,1-008-B,560,0,0,560,427,0,427,2,4,248,1,40,0,1,0,78,10,3,0,32,8,0
28,104,Paracuellos de Jarama,1-009-A,761,0,0,761,561,1,562,6,7,341,0,60,0,0,1,91,9,8,0,25,14,0
28,104,Paracuellos de Jarama,1-009-B,757,0,0,757,583,1,584,7,5,353,3,53,0,1,0,88,19,3,0,39,13,0
28,104,Paracuellos de Jarama,1-010-A,544,0,0,544,386,1,387,4,1,169,0,66,0,1,0,76,2,6,0,33,29,0
28,104,Paracuellos de Jarama,1-010-B,469,0,0,469,334,0,334,1,5,156,0,59,1,1,0,60,2,1,1,20,26,1
28,104,Paracuellos de Jarama,1-011-A,698,0,0,698,542,1,543,7,9,303,0,61,0,0,0,83,14,4,0,46,16,0
28,104,Paracuellos de Jarama,1-011-B,717,0,0,717,537,0,537,5,1,291,0,65,1,0,0,84,15,9,0,41,22,3
28,104,Paracuellos de Jarama,1-012-A,491,1,0,492,388,1,389,4,2,250,0,31,0,0,0,47,7,0,0,38,10,0
28,104,Paracuellos de Jarama,1-012-B,509,0,0,509,395,1,396,5,1,269,0,35,0,1,0,47,9,1,0,24,3,1
28,104,Paracuellos de Jarama,1-013-A,646,0,0,646,404,1,405,2,4,198,0,62,2,0,0,71,7,5,0,35,19,0
28,104,Paracuellos de Jarama,1-013-B,590,0,0,590,382,1,383,6,1,188,0,48,0,0,1,62,11,2,0,47,17,0
28,104,Paracuellos de Jarama,1-014-A,587,0,0,587,457,1,458,8,3,243,1,47,0,0,0,96,10,5,0,37,8,0
28,104,Paracuellos de Jarama,1-014-B,538,0,0,538,408,1,409,10,4,236,1,32,0,0,1,70,15,4,0,28,7,1
28,106,Parla,1-001-A,541,0,0,541,321,0,321,1,1,150,0,83,0,0,1,37,3,4,0,24,17,0
28,106,Parla,1-001-B,534,0,0,534,291,0,291,5,3,127,0,76,0,1,1,32,4,4,0,25,13,0
28,106,Parla,1-002-U,882,0,0,882,443,0,443,4,12,168,0,145,1,0,2,49,3,5,0,36,18,0
28,106,Parla,1-003-A,610,0,0,610,342,0,342,2,4,132,0,115,0,0,0,38,3,2,0,36,10,0
28,106,Parla,1-003-B,664,0,0,664,357,0,357,3,4,152,2,101,0,0,1,41,3,2,0,32,16,0
28,106,Parla,1-004-A,587,0,0,587,367,0,367,1,3,153,0,82,0,1,0,66,2,4,0,36,19,0
28,106,Parla,1-004-B,731,0,0,731,426,0,426,4,7,162,0,106,0,2,1,77,4,4,1,35,23,0
28,106,Parla,1-004-C,680,0,0,680,401,0,401,0,4,170,0,77,0,0,0,78,1,8,0,37,26,0
28,106,Parla,1-005-A,636,0,0,636,369,0,369,4,8,143,1,107,0,0,0,49,2,7,0,31,16,1
28,106,Parla,1-005-B,666,0,0,666,405,0,405,4,5,126,0,143,0,0,0,54,4,8,0,32,28,1
28,106,Parla,1-006-A,526,0,0,526,328,0,328,7,5,136,0,87,0,0,0,41,3,1,0,28,20,0
28,106,Parla,1-006-B,510,0,0,510,311,0,311,5,5,121,1,85,0,0,0,41,4,0,0,29,20,0
28,106,Parla,1-007-A,542,0,0,542,298,0,298,1,4,95,0,107,2,1,1,34,2,3,0,34,13,1
28,106,Parla,1-007-B,565,0,0,565,319,0,319,4,5,100,1,109,0,0,1,42,5,2,0,32,18,0
28,106,Parla,1-008-A,525,0,0,525,300,0,300,5,3,115,1,81,0,0,2,41,1,3,0,25,21,2
28,106,Parla,1-008-B,510,0,0,510,257,0,257,6,4,94,0,70,0,0,0,42,0,2,1,19,19,0
28,106,Parla,1-009-A,665,0,0,665,372,0,372,1,4,134,1,109,0,1,2,52,5,6,1,29,26,1
28,106,Parla,1-009-B,712,0,0,712,362,0,362,4,6,149,0,93,0,1,0,55,4,3,0,22,25,0
28,106,Parla,1-010-U,823,0,0,823,465,0,465,12,5,184,0,129,0,0,1,65,4,5,0,37,22,1
28,106,Parla,1-011-A,508,0,0,508,229,0,229,2,7,89,1,63,0,0,1,29,1,3,0,18,14,1
28,106,Parla,1-011-B,547,0,0,547,262,0,262,2,4,97,1,77,0,0,2,35,3,4,1,27,8,1
28,106,Parla,1-012-A,512,0,0,512,297,0,297,0,6,98,0,94,0,0,1,33,3,3,0,38,21,0
28,106,Parla,1-012-B,479,0,0,479,243,0,243,1,1,87,0,75,0,0,0,25,1,4,0,25,22,2
28,106,Parla,1-013-A,605,0,0,605,304,0,304,1,2,94,1,116,0,0,1,49,3,5,0,14,18,0
28,106,Parla,1-013-B,629,0,0,629,314,0,314,2,2,105,0,101,0,1,0,42,6,7,1,32,15,0
28,106,Parla,1-014-U,587,0,0,587,339,0,339,2,10,124,2,110,0,0,1,35,1,5,0,35,11,3
28,106,Parla,1-015-U,902,0,0,902,590,0,590,6,11,181,1,217,1,1,2,84,3,3,0,47,33,0
28,106,Parla,1-016-A,616,0,0,616,387,0,387,3,3,127,0,128,0,0,0,63,3,1,0,41,17,1
28,106,Parla,1-016-B,639,0,0,639,403,0,403,2,8,154,1,119,0,0,0,53,5,5,0,35,20,1
28,106,Parla,1-017-A,672,0,0,672,397,0,397,8,6,130,0,114,0,0,1,52,4,7,0,47,26,2
28,106,Parla,1-017-B,664,0,0,664,377,0,377,3,6,121,1,127,1,2,1,41,5,4,0,45,20,0
28,106,Parla,1-018-A,560,0,0,560,344,0,344,5,6,118,0,104,0,0,0,69,4,2,1,23,12,0
28,106,Parla,1-018-B,535,0,0,535,330,0,330,2,2,109,2,98,1,0,0,65,3,1,0,26,21,0
28,106,Parla,1-019-U,684,0,0,684,333,0,333,0,5,93,0,131,0,0,0,47,6,3,1,27,20,0
28,106,Parla,1-021-A,554,0,0,554,303,0,303,6,4,104,0,88,1,0,1,52,0,5,0,29,13,0
28,106,Parla,1-021-B,524,0,0,524,297,0,297,2,0,88,0,107,0,1,0,40,2,3,0,42,12,0
28,106,Parla,1-022-U,922,0,0,922,504,0,504,4,12,160,4,163,0,3,0,62,6,9,0,51,30,0
28,106,Parla,1-023-A,632,0,0,632,372,0,372,1,4,115,0,126,0,1,0,71,3,7,0,29,15,0
28,106,Parla,1-023-B,662,0,0,662,388,0,388,4,4,105,0,116,0,0,0,77,3,18,1,37,23,0
28,106,Parla,1-024-A,573,0,0,573,333,0,333,4,3,118,0,91,0,1,4,50,0,7,0,34,20,1
28,106,Parla,1-024-B,521,0,0,521,319,0,319,0,3,122,2,86,0,0,1,56,0,4,0,26,19,0
28,106,Parla,1-025-A,538,0,0,538,297,0,297,5,4,102,0,80,0,0,0,43,1,2,0,46,14,0
28,106,Parla,1-025-B,581,0,0,581,320,0,320,4,5,114,0,76,0,0,0,55,0,6,0,41,18,1
28,106,Parla,1-026-A,513,0,0,513,292,0,292,4,3,73,0,112,0,0,0,59,1,3,1,12,23,1
28,106,Parla,1-026-B,517,0,0,517,290,0,290,4,3,95,2,89,0,0,1,49,1,5,0,20,21,0
28,106,Parla,1-027-A,531,0,0,531,332,0,332,7,7,95,0,87,0,0,0,66,2,5,0,31,32,0
28,106,Parla,1-027-B,572,0,0,572,370,0,370,8,5,114,1,105,0,1,0,69,4,5,0,26,32,0
28,106,Parla,1-028-A,872,0,0,872,483,0,483,4,4,148,2,150,2,1,1,69,9,15,0,44,34,0
28,106,Parla,1-028-B,827,0,0,827,473,0,473,3,5,162,0,158,0,0,2,58,5,6,1,51,20,2
28,106,Parla,1-029-A,519,0,0,519,324,0,324,3,2,99,0,101,0,1,0,57,2,11,0,23,23,2
28,106,Parla,1-029-B,568,0,0,568,360,0,360,4,8,125,1,105,0,0,1,59,6,1,0,31,19,0
28,106,Parla,1-030-A,582,0,0,582,311,0,311,5,5,94,0,84,1,1,0,56,2,8,0,36,19,0
28,106,Parla,1-030-B,664,0,0,664,393,0,393,6,5,118,1,109,1,0,1,61,2,5,0,55,29,0
28,106,Parla,1-031-A,543,0,0,543,281,0,281,1,4,72,0,95,0,0,1,42,0,7,0,30,28,1
28,106,Parla,1-031-B,552,0,0,552,315,0,315,1,4,92,3,99,0,0,0,54,5,4,0,30,22,1
28,106,Parla,1-032-A,517,0,0,517,296,0,296,2,2,80,1,108,0,1,0,54,0,3,0,31,14,0
28,106,Parla,1-032-B,476,0,0,476,260,0,260,1,2,84,0,95,0,0,0,26,1,7,1,30,12,1
28,106,Parla,1-033-U,610,0,0,610,320,0,320,4,6,111,1,115,0,0,0,30,0,6,1,28,16,2
28,106,Parla,1-034-A,712,0,0,712,412,0,412,1,6,149,0,113,1,0,1,70,11,5,0,38,16,1
28,106,Parla,1-034-B,770,0,0,770,454,0,454,9,7,159,2,127,0,1,0,73,4,4,0,41,26,1
28,106,Parla,1-035-A,657,0,0,657,373,0,373,10,4,139,0,132,0,0,0,43,2,3,1,18,21,0
28,106,Parla,1-035-B,609,0,0,609,349,0,349,1,9,109,0,131,0,0,2,47,7,3,1,21,18,0
28,106,Parla,1-036-A,638,0,0,638,418,0,418,5,3,135,0,126,0,0,0,72,5,5,0,29,37,1
28,106,Parla,1-036-B,630,0,0,630,379,0,379,3,3,151,0,119,0,1,0,53,3,3,0,27,16,0
28,106,Parla,1-037-U,813,0,0,813,484,0,484,0,4,153,2,161,1,3,0,85,5,2,0,39,29,0
28,106,Parla,1-038-A,515,0,0,515,304,0,304,5,6,94,0,102,0,0,2,49,3,5,1,22,15,0
28,106,Parla,1-038-B,526,0,0,526,302,0,302,5,5,107,1,98,0,0,0,43,2,6,1,21,11,2
28,106,Parla,1-039-A,766,0,0,766,531,0,531,9,9,201,2,111,0,0,2,91,9,5,2,70,18,2
28,106,Parla,1-039-B,842,0,0,842,579,0,579,2,10,225,0,129,1,0,2,108,5,6,2,58,30,1
28,106,Parla,1-040-U,928,0,0,928,542,0,542,10,8,181,0,159,1,0,3,88,8,11,1,52,19,1
28,106,Parla,1-041-A,655,0,0,655,473,0,473,6,1,202,0,110,0,0,3,84,9,1,2,44,11,0
28,106,Parla,1-041-B,715,0,0,715,508,0,508,6,3,208,3,114,0,0,0,84,8,6,0,54,21,1
28,106,Parla,1-042-A,719,0,0,719,511,0,511,5,5,197,0,111,0,1,2,97,5,6,1,61,20,0
28,106,Parla,1-042-B,738,0,0,738,526,0,526,4,11,216,0,112,0,1,2,88,6,8,1,55,22,0
28,106,Parla,1-043-A,951,0,0,951,682,0,682,9,10,329,0,121,0,1,1,97,7,8,0,72,27,0
28,106,Parla,1-043-B,883,0,0,883,625,0,625,12,8,294,0,114,0,0,0,102,5,8,2,60,19,1
28,106,Parla,1-044-A,697,0,0,697,491,0,491,6,9,162,2,126,0,0,1,106,11,8,0,39,19,2
28,106,Parla,1-044-B,749,0,0,749,516,0,516,6,3,175,1,124,0,1,1,104,14,10,0,47,30,0
28,106,Parla,1-045-U,738,0,0,738,489,0,489,2,2,164,0,142,0,0,0,96,2,10,4,48,19,0
28,106,Parla,1-046-U,792,0,0,792,522,0,522,7,10,182,0,171,2,2,1,67,10,7,0,35,27,1
28,106,Parla,1-047-A,696,0,0,696,434,0,434,6,3,166,0,118,0,0,1,69,10,5,0,33,23,0
28,106,Parla,1-047-B,707,0,0,707,447,0,447,6,5,176,0,114,0,0,1,75,7,5,1,35,21,1
28,106,Parla,1-048-A,574,0,0,574,403,0,403,4,8,154,0,73,0,1,0,78,12,9,0,36,27,1
28,106,Parla,1-048-B,711,0,0,711,527,0,527,6,9,208,0,108,0,1,0,97,15,9,1,49,24,0
28,106,Parla,1-048-C,691,0,0,691,508,0,508,7,8,214,1,107,1,1,0,86,7,8,0,39,27,2
28,106,Parla,1-049-A,667,0,0,667,451,0,451,3,3,185,0,86,0,0,1,95,8,5,0,46,18,1
28,106,Parla,1-049-B,723,0,0,723,506,0,506,4,9,192,2,116,0,0,0,92,7,9,0,56,18,1
28,106,Parla,1-050-A,667,0,0,667,447,0,447,4,7,143,3,96,0,1,0,95,11,8,0,51,27,1
28,106,Parla,1-050-B,626,0,0,626,434,0,434,3,6,159,1,83,2,0,0,89,8,4,0,53,26,0
28,106,Parla,1-051-A,637,0,0,637,436,0,436,7,7,146,0,99,1,0,0,98,11,5,1,40,21,0
28,106,Parla,1-051-B,678,0,0,678,497,0,497,8,7,185,1,109,1,0,1,96,12,6,1,40,30,0
28,106,Parla,1-052-A,605,0,0,605,405,0,405,4,7,134,3,87,0,0,0,96,6,6,0,39,20,3
28,106,Parla,1-052-B,655,0,0,655,430,0,430,4,7,161,2,92,1,0,0,84,3,7,1,46,22,0
28,106,Parla,1-053-A,639,0,0,639,476,0,476,8,12,198,0,77,1,2,1,99,9,9,0,39,21,0
28,106,Parla,1-053-B,703,0,0,703,514,0,514,4,9,204,1,93,0,0,0,98,9,10,0,47,38,1
28,106,Parla,1-054-A,845,0,0,845,540,0,540,11,6,170,1,114,0,1,0,110,16,5,2,60,44,0
28,106,Parla,1-054-B,880,0,0,880,544,0,544,7,8,187,3,119,0,1,0,108,12,7,0,53,38,1
28,106,Parla,1-055-U,814,0,0,814,595,0,595,11,6,220,0,133,1,1,1,122,17,1,0,56,26,0
28,106,Parla,1-056-A,670,0,0,670,451,0,451,7,8,179,1,106,0,0,0,96,2,8,1,32,11,0
28,106,Parla,1-056-B,607,0,0,607,418,0,418,4,3,175,2,94,0,0,1,79,5,3,2,36,14,0
28,106,Parla,1-057-A,474,0,0,474,276,0,276,3,6,107,0,57,1,0,0,56,1,4,1,19,21,0
28,106,Parla,1-057-B,517,0,0,517,311,0,311,6,6,124,1,64,0,0,1,64,3,2,0,24,16,0
28,106,Parla,1-058-A,537,0,0,537,325,0,325,0,8,119,0,88,0,0,0,56,7,0,0,29,18,0
28,106,Parla,1-058-B,537,0,0,537,342,0,342,3,3,140,0,79,0,0,0,60,5,2,1,28,21,0
28,106,Parla,1-059-A,895,0,0,895,555,0,555,3,7,171,1,146,0,1,0,138,7,7,1,45,27,1
28,106,Parla,1-059-B,823,0,0,823,535,0,535,4,9,192,0,132,0,0,0,85,12,2,0,69,29,1
28,106,Parla,1-060-A,603,0,0,603,355,0,355,4,5,109,0,88,0,1,1,77,4,5,0,29,32,0
28,106,Parla,1-060-B,643,0,0,643,392,0,392,5,4,124,0,83,0,0,0,103,1,2,1,35,34,0
28,106,Parla,1-061-U,830,0,0,830,560,0,560,7,5,188,1,129,1,0,1,135,11,4,1,48,29,0
28,106,Parla,1-062-A,812,0,0,812,492,0,492,4,7,177,2,113,0,0,0,110,2,8,0,39,29,1
28,106,Parla,1-062-B,829,0,0,829,525,0,525,5,3,194,0,120,0,1,0,98,6,7,0,56,33,2
28,106,Parla,1-063-A,870,0,0,870,625,0,625,9,15,226,1,117,1,1,0,131,7,10,0,58,47,2
28,106,Parla,1-063-B,785,0,0,785,554,0,554,9,7,207,1,97,0,1,2,105,6,6,2,68,40,3
28,106,Parla,1-064-A,537,0,0,537,287,0,287,1,5,102,1,82,0,0,0,52,3,5,0,30,6,0
28,106,Parla,1-064-B,522,0,0,522,319,0,319,5,4,107,0,74,1,0,0,67,4,3,0,32,21,1
28,106,Parla,1-065-U,847,0,0,847,589,0,589,10,16,240,0,86,0,0,0,112,14,5,1,75,30,0
28,106,Parla,1-066-A,671,0,0,671,461,0,461,5,4,185,0,87,0,0,2,93,3,5,0,49,28,0
28,106,Parla,1-066-B,623,0,0,623,420,0,420,7,8,148,4,88,0,0,2,86,6,5,0,43,22,1
28,106,Parla,1-067-A,655,0,0,655,435,0,435,3,8,165,4,89,0,0,0,85,6,5,0,39,31,0
28,106,Parla,1-067-B,701,0,0,701,444,0,444,2,10,152,2,103,0,0,1,87,11,10,1,35,30,0
28,106,Parla,1-068-U,961,0,0,961,622,0,622,13,7,187,0,157,0,0,4,126,10,8,0,78,32,0
28,107,Patones,1-001-U,455,0,0,455,327,0,327,2,10,98,2,130,0,0,0,43,2,1,0,28,10,1
28,108,Pedrezuela,1-001-A,642,0,0,642,449,3,452,2,4,207,0,82,0,0,0,83,4,7,0,45,18,0
28,108,Pedrezuela,1-001-B,759,0,0,759,526,2,528,7,4,245,1,90,0,0,1,90,7,8,0,53,22,0
28,108,Pedrezuela,1-001-C,722,0,0,722,519,4,523,6,2,253,10,82,0,0,0,94,3,8,0,33,31,1
28,108,Pedrezuela,1-002-A,592,0,0,592,405,1,406,5,7,192,4,66,0,0,0,75,2,2,0,37,15,1
28,108,Pedrezuela,1-002-B,706,0,0,706,480,3,483,1,8,224,2,75,0,0,1,87,7,6,0,49,23,0
28,108,Pedrezuela,1-002-C,628,0,0,628,446,3,449,5,8,199,2,85,0,2,0,83,8,5,1,32,19,0
28,109,Pelayos de la Presa,1-001-A,551,0,0,551,373,0,373,7,4,200,0,49,1,2,1,41,1,3,0,43,19,2
28,109,Pelayos de la Presa,1-001-B,636,0,0,636,438,1,439,6,7,224,0,65,0,0,0,53,2,7,2,50,23,0
28,109,Pelayos de la Presa,1-001-C,667,0,0,667,436,1,437,7,1,252,1,65,2,1,2,37,0,4,2,36,27,0
28,110,Perales de Tajuña,1-001-A,701,0,0,701,530,1,531,3,12,253,2,151,0,0,0,44,2,2,0,47,15,0
28,110,Perales de Tajuña,1-001-B,756,0,0,756,555,2,557,6,11,234,0,170,1,0,1,56,6,1,0,46,25,0
28,110,Perales de Tajuña,1-001-C,681,0,0,681,523,3,526,7,2,240,0,169,0,0,0,42,2,3,0,35,26,0
28,111,Pezuela de las Torres,1-001-U,728,0,0,728,561,0,561,8,9,277,0,115,0,0,0,43,3,1,1,58,46,0
28,112,Pinilla del Valle,1-001-U,168,0,0,168,143,0,143,2,1,55,0,40,0,0,2,17,6,0,1,7,12,0
28,113,Pinto,1-001-U,704,0,0,704,437,0,437,4,0,190,2,115,0,0,1,66,2,6,0,28,22,1
28,113,Pinto,1-002-A,704,0,0,704,426,0,426,4,8,142,1,100,0,0,2,91,3,4,0,34,36,1
28,113,Pinto,1-002-B,709,0,0,709,437,0,437,3,9,145,2,97,2,1,0,92,9,5,0,41,31,0
28,113,Pinto,1-003-A,702,0,0,702,449,0,449,5,7,151,0,110,0,0,2,96,5,5,1,35,30,2
28,113,Pinto,1-003-B,636,0,0,636,394,0,394,7,5,107,1,101,0,0,2,97,4,3,0,29,37,1
28,113,Pinto,1-004-U,974,0,0,974,636,0,636,7,6,245,2,189,0,0,2,86,10,3,0,36,49,1
28,113,Pinto,1-005-A,836,0,0,836,580,0,580,5,8,206,1,143,0,0,0,113,8,9,1,49,36,1
28,113,Pinto,1-005-B,864,0,0,864,583,0,583,6,6,207,2,130,0,1,0,108,10,2,0,66,44,1
28,113,Pinto,1-006-A,651,0,0,651,430,2,432,6,6,205,1,57,2,1,1,108,6,3,0,27,9,0
28,113,Pinto,1-006-B,694,0,0,694,475,0,475,2,4,250,0,63,0,0,1,81,3,10,0,45,15,1
28,113,Pinto,1-007-A,617,0,0,617,455,0,455,2,3,146,1,134,0,0,1,106,3,4,0,22,33,0
28,113,Pinto,1-007-B,677,0,0,677,492,1,493,5,11,151,1,154,0,1,0,106,9,2,0,23,30,0
28,113,Pinto,1-008-U,940,0,0,940,587,1,588,1,8,206,2,144,0,0,1,128,5,5,2,53,33,0
28,113,Pinto,1-009-U,720,0,0,720,481,1,482,3,8,152,0,129,0,1,3,98,2,8,0,53,25,0
28,113,Pinto,1-010-A,588,0,0,588,405,0,405,4,3,166,0,81,0,0,1,104,5,4,0,28,9,0
28,113,Pinto,1-010-B,639,0,0,639,464,0,464,10,5,167,1,100,0,0,1,123,8,3,0,30,15,1
28,113,Pinto,1-011-A,807,0,0,807,604,1,605,5,8,252,1,127,0,0,0,133,12,6,0,35,26,0
28,113,Pinto,1-011-B,738,0,0,738,553,0,553,3,10,242,1,109,0,0,1,106,9,2,0,51,19,0
28,113,Pinto,1-012-A,677,0,0,677,511,0,511,8,5,222,0,91,0,0,2,107,9,7,0,49,11,0
28,113,Pinto,1-012-B,630,0,0,630,461,0,461,7,4,239,1,86,0,0,0,76,7,3,0,29,9,0
28,113,Pinto,1-013-A,549,0,0,549,420,1,421,7,8,191,0,66,0,0,2,94,4,5,0,30,13,1
28,113,Pinto,1-013-B,604,0,0,604,449,0,449,4,8,191,1,87,0,0,1,101,6,4,0,31,14,1
28,113,Pinto,1-014-A,663,0,0,663,445,0,445,5,6,186,0,77,0,0,0,102,4,6,0,37,21,1
28,113,Pinto,1-014-B,708,0,0,708,496,0,496,7,7,168,1,105,0,1,1,123,5,5,0,39,33,1
28,113,Pinto,1-015-A,573,0,0,573,387,0,387,4,5,158,1,59,0,0,0,99,11,6,1,24,19,0
28,113,Pinto,1-015-B,579,0,0,579,408,0,408,1,4,162,0,59,0,0,0,110,11,2,1,38,19,1
28,113,Pinto,2-001-A,544,0,0,544,350,0,350,4,5,128,1,93,0,0,2,62,6,6,0,18,24,1
28,113,Pinto,2-001-B,528,0,0,528,336,0,336,3,6,133,2,65,0,0,1,70,5,6,0,27,17,1
28,113,Pinto,2-002-U,734,0,0,734,424,1,425,5,8,162,1,124,0,1,0,78,2,0,0,31,13,0
28,113,Pinto,2-003-A,554,0,0,554,363,0,363,4,0,127,3,94,0,1,1,63,7,7,0,32,24,0
28,113,Pinto,2-003-B,517,0,0,517,343,0,343,2,6,113,0,83,0,0,1,79,5,7,0,26,20,1
28,113,Pinto,2-004-A,546,0,0,546,366,0,366,2,4,156,1,84,1,1,1,69,2,2,0,20,22,1
28,113,Pinto,2-004-B,639,0,0,639,477,0,477,4,4,196,2,94,0,1,1,102,7,3,0,35,27,1
28,113,Pinto,2-004-C,624,0,0,624,450,0,450,6,6,178,0,96,0,1,1,103,8,4,0,21,26,0
28,113,Pinto,2-005-A,557,0,0,557,368,0,368,1,5,144,0,110,1,0,1,54,6,3,0,23,19,1
28,113,Pinto,2-005-B,532,0,0,532,358,1,359,2,5,116,3,125,0,1,0,54,3,3,1,34,11,1
28,113,Pinto,2-006-A,697,0,0,697,475,0,475,1,3,211,0,123,0,0,0,83,7,0,0,24,21,2
28,113,Pinto,2-006-B,627,0,0,627,451,1,452,3,10,223,2,94,0,0,0,63,4,1,0,32,19,1
28,113,Pinto,2-007-A,622,0,0,622,447,0,447,3,10,210,1,81,0,0,2,80,6,6,0,32,15,1
28,113,Pinto,2-007-B,639,0,0,639,460,1,461,6,11,204,0,96,0,0,3,88,4,6,0,29,14,0
28,113,Pinto,2-008-A,525,0,0,525,375,0,375,6,7,116,0,79,0,2,0,99,4,5,1,38,18,0
28,113,Pinto,2-008-B,718,0,0,718,519,0,519,7,8,185,1,121,1,0,1,138,4,2,0,33,17,1
28,113,Pinto,2-008-C,637,0,0,637,472,0,472,8,9,170,1,90,0,1,0,120,2,5,0,36,29,1
28,113,Pinto,2-009-A,641,0,0,641,478,0,478,5,3,188,1,103,0,0,0,105,7,6,1,33,26,0
28,113,Pinto,2-009-B,798,0,0,798,589,0,589,7,8,239,0,113,0,0,2,134,4,7,1,48,26,0
28,113,Pinto,2-010-A,580,0,0,580,436,0,436,1,4,185,0,84,0,0,0,98,7,3,0,30,22,2
28,113,Pinto,2-010-B,607,0,0,607,469,0,469,6,5,199,0,72,0,0,0,111,13,4,0,27,31,1
28,113,Pinto,2-011-A,662,0,0,662,470,0,470,5,9,200,1,77,0,0,0,110,7,4,0,34,23,0
28,113,Pinto,2-011-B,668,0,0,668,477,0,477,7,3,193,0,93,0,2,3,116,3,5,1,32,19,0
28,113,Pinto,2-012-A,595,0,0,595,412,0,412,1,7,149,0,98,0,1,1,102,8,2,0,23,20,0
28,113,Pinto,2-012-B,581,0,0,581,415,0,415,5,1,161,0,89,0,0,0,98,7,4,1,29,20,0
28,113,Pinto,2-013-A,481,0,0,481,381,0,381,1,1,208,0,53,0,0,1,62,5,2,0,26,22,0
28,113,Pinto,2-013-B,533,0,0,533,398,0,398,3,3,188,0,55,0,0,1,95,2,3,0,38,9,1
28,113,Pinto,2-014-A,720,0,0,720,524,1,525,6,8,235,3,87,0,1,2,121,7,4,1,37,13,0
28,113,Pinto,2-014-B,662,0,0,662,495,0,495,10,5,209,1,78,0,0,0,124,7,4,1,35,19,2
28,113,Pinto,2-015-A,750,0,0,750,588,1,589,9,6,235,1,100,2,0,1,138,12,9,0,49,27,0
28,113,Pinto,2-015-B,746,0,0,746,586,0,586,9,7,245,0,104,0,1,0,124,15,3,0,52,25,1
28,113,Pinto,2-016-A,692,0,0,692,549,1,550,3,4,271,1,79,0,0,1,118,15,6,0,30,21,1
28,113,Pinto,2-016-B,626,0,0,626,478,0,478,2,5,230,0,80,0,0,0,107,7,9,0,24,13,1
28,114,Piñuécar-Gandullas,1-001-U,145,0,0,145,116,0,116,1,0,60,0,19,1,0,0,25,0,4,0,2,4,0
28,115,Pozuelo de Alarcón,1-001-A,454,0,0,454,345,0,345,1,1,253,2,28,0,0,0,24,3,1,0,29,3,0
28,115,Pozuelo de Alarcón,1-001-B,512,0,0,512,389,0,389,1,0,282,0,32,0,1,0,29,2,0,0,36,6,0
28,115,Pozuelo de Alarcón,1-002-A,727,0,0,727,590,0,590,1,1,432,0,54,0,0,0,36,14,2,0,49,1,0
28,115,Pozuelo de Alarcón,1-002-B,818,0,0,818,626,0,626,4,1,468,1,49,0,0,0,31,18,2,0,46,6,0
28,115,Pozuelo de Alarcón,1-004-U,684,0,0,684,366,0,366,4,3,127,1,123,0,0,0,49,7,2,0,34,16,0
28,115,Pozuelo de Alarcón,1-005-U,694,0,0,694,478,0,478,4,2,278,1,74,1,0,0,53,10,3,0,46,5,1
28,115,Pozuelo de Alarcón,1-006-A,620,0,0,620,490,0,490,2,2,313,0,44,0,1,0,58,13,0,1,31,25,0
28,115,Pozuelo de Alarcón,1-006-B,597,0,0,597,472,0,472,2,4,279,0,59,1,2,1,59,11,1,2,34,15,2
28,115,Pozuelo de Alarcón,1-007-U,597,0,0,597,345,1,346,2,3,164,1,81,0,0,0,46,1,1,0,38,6,3
28,115,Pozuelo de Alarcón,1-008-U,852,0,0,852,583,1,584,4,2,315,1,104,0,0,0,71,13,5,0,54,15,0
28,115,Pozuelo de Alarcón,1-009-U,761,0,0,761,540,0,540,3,5,296,1,107,0,0,0,53,5,0,1,57,10,2
28,115,Pozuelo de Alarcón,1-010-A,502,0,0,502,404,0,404,2,0,330,0,14,0,0,0,8,3,0,0,44,3,0
28,115,Pozuelo de Alarcón,1-010-B,539,0,0,539,436,0,436,3,0,364,1,15,0,0,0,4,3,1,0,41,4,0
28,115,Pozuelo de Alarcón,1-011-U,665,0,0,665,387,0,387,0,4,186,1,86,0,1,1,52,3,6,0,36,10,1
28,115,Pozuelo de Alarcón,1-012-A,571,0,0,571,461,0,461,3,1,344,0,33,0,0,0,29,8,2,0,38,3,0
28,115,Pozuelo de Alarcón,1-012-B,701,0,0,701,553,0,553,3,2,410,0,40,0,0,0,23,6,0,0,61,8,0
28,115,Pozuelo de Alarcón,1-012-C,599,0,0,599,494,0,494,5,2,368,0,42,0,0,0,20,8,0,0,42,7,0
28,115,Pozuelo de Alarcón,1-013-U,846,0,0,846,493,1,494,7,5,202,1,148,0,1,0,60,2,2,0,48,17,1
28,115,Pozuelo de Alarcón,1-014-A,564,0,0,564,440,0,440,8,2,274,1,44,0,0,0,52,15,2,0,33,7,2
28,115,Pozuelo de Alarcón,1-014-B,519,0,0,519,416,0,416,5,2,258,0,39,1,1,1,34,11,2,0,49,12,1
28,115,Pozuelo de Alarcón,1-015-A,620,0,0,620,453,0,453,4,1,266,0,74,0,0,0,54,6,0,0,35,13,0
28,115,Pozuelo de Alarcón,1-015-B,681,0,0,681,491,0,491,4,5,254,0,76,0,0,0,66,7,4,1,48,25,1
28,115,Pozuelo de Alarcón,1-016-A,639,0,0,639,452,0,452,2,2,283,0,45,0,0,0,61,13,0,1,32,13,0
28,115,Pozuelo de Alarcón,1-016-B,723,0,0,723,487,0,487,6,0,294,0,54,0,0,0,57,16,2,0,46,12,0
28,115,Pozuelo de Alarcón,1-017-A,891,0,0,891,728,1,729,6,2,496,1,72,0,0,0,70,14,3,0,49,14,2
28,115,Pozuelo de Alarcón,1-017-B,893,0,0,893,724,0,724,6,1,473,1,71,1,1,0,76,17,4,0,58,15,0
28,115,Pozuelo de Alarcón,1-018-A,631,0,0,631,491,0,491,3,1,352,0,46,0,1,0,29,11,0,1,41,5,1
28,115,Pozuelo de Alarcón,1-018-B,686,0,0,686,548,0,548,8,2,374,0,57,1,1,0,27,13,0,0,56,7,2
28,115,Pozuelo de Alarcón,1-019-A,748,0,0,748,579,0,579,2,1,375,1,56,0,0,0,44,14,6,0,69,10,1
28,115,Pozuelo de Alarcón,1-019-B,720,0,0,720,528,1,529,1,6,329,0,52,0,1,2,45,7,3,0,67,15,1
28,115,Pozuelo de Alarcón,1-020-A,566,0,0,566,439,0,439,0,2,350,0,16,0,0,0,6,4,2,1,57,1,0
28,115,Pozuelo de Alarcón,1-020-B,533,0,0,533,417,1,418,0,1,336,0,15,0,0,0,3,3,1,0,59,0,0
28,115,Pozuelo de Alarcón,1-021-A,552,0,0,552,406,1,407,2,4,222,0,71,1,0,1,65,4,3,1,28,5,0
28,115,Pozuelo de Alarcón,1-021-B,555,0,0,555,390,0,390,1,0,219,0,63,0,1,1,53,4,2,2,32,10,2
28,115,Pozuelo de Alarcón,1-022-A,723,0,0,723,570,1,571,2,2,432,2,41,0,0,0,34,11,3,0,34,10,0
28,115,Pozuelo de Alarcón,1-022-B,659,0,0,659,520,1,521,2,1,367,1,47,0,0,0,37,12,2,1,44,7,0
28,115,Pozuelo de Alarcón,1-023-A,585,0,0,585,466,0,466,0,0,347,1,24,0,0,0,26,4,3,0,53,8,0
28,115,Pozuelo de Alarcón,1-023-B,574,0,0,574,463,1,464,3,3,351,1,24,0,1,0,22,8,0,2,42,7,0
28,115,Pozuelo de Alarcón,1-024-U,775,0,0,775,647,0,647,3,1,504,0,25,1,0,0,12,13,3,1,78,6,0
28,115,Pozuelo de Alarcón,1-025-A,801,0,0,801,642,0,642,5,1,447,0,50,0,0,0,46,9,2,1,67,14,0
28,115,Pozuelo de Alarcón,1-025-B,806,0,0,806,638,0,638,3,0,437,1,58,1,0,0,49,7,5,0,65,12,0
28,115,Pozuelo de Alarcón,1-026-A,757,0,0,757,579,1,580,3,0,440,1,38,0,2,0,43,3,0,0,46,4,0
28,115,Pozuelo de Alarcón,1-026-B,695,0,0,695,531,0,531,7,0,369,0,47,0,0,0,45,12,1,0,46,3,1
28,115,Pozuelo de Alarcón,1-027-U,941,0,0,941,759,0,759,12,4,547,0,64,0,0,1,42,13,1,0,67,8,0
28,115,Pozuelo de Alarcón,1-028-A,522,0,0,522,427,1,428,9,8,250,1,45,0,2,0,58,15,2,0,24,13,1
28,115,Pozuelo de Alarcón,1-028-B,539,0,0,539,439,1,440,6,3,286,1,41,0,2,0,51,13,3,0,25,8,1
28,115,Pozuelo de Alarcón,1-029-A,878,0,0,878,717,0,717,13,5,470,0,62,1,1,0,85,11,4,0,56,9,0
28,115,Pozuelo de Alarcón,1-029-B,952,0,0,952,783,0,783,6,5,492,6,95,0,0,0,95,18,2,0,48,11,5
28,115,Pozuelo de Alarcón,1-030-A,488,0,0,488,402,1,403,6,2,282,0,37,0,0,0,33,5,2,0,27,8,1
28,115,Pozuelo de Alarcón,1-030-B,500,0,0,500,410,0,410,6,3,281,1,35,0,0,0,37,6,2,0,33,6,0
28,115,Pozuelo de Alarcón,1-031-A,658,0,0,658,515,0,515,5,3,444,0,10,0,0,0,7,1,0,1,43,1,0
28,115,Pozuelo de Alarcón,1-031-B,644,0,0,644,470,0,470,0,4,410,1,8,0,0,0,5,3,0,0,37,2,0
28,115,Pozuelo de Alarcón,1-032-U,862,0,0,862,630,0,630,1,0,546,1,13,0,0,0,9,7,1,0,51,1,0
28,115,Pozuelo de Alarcón,1-033-A,514,0,0,514,363,1,364,4,1,217,0,34,0,0,0,38,16,1,0,47,6,0
28,115,Pozuelo de Alarcón,1-033-B,523,0,0,523,384,0,384,2,2,253,1,37,0,0,0,38,9,4,0,32,6,0
28,115,Pozuelo de Alarcón,1-034-U,774,0,0,774,623,0,623,0,0,452,2,39,0,0,0,41,11,5,0,56,14,3
28,115,Pozuelo de Alarcón,1-035-A,664,0,0,664,509,0,509,6,2,366,0,27,0,0,0,28,6,1,0,66,6,1
28,115,Pozuelo de Alarcón,1-035-B,685,0,0,685,509,0,509,5,6,382,0,26,0,0,0,26,11,0,0,44,8,1
28,115,Pozuelo de Alarcón,2-001-A,621,0,0,621,460,0,460,7,0,315,0,42,0,0,0,38,11,2,0,39,6,0
28,115,Pozuelo de Alarcón,2-001-B,655,0,0,655,502,0,502,6,1,322,0,62,0,1,0,44,11,4,0,41,9,1
28,115,Pozuelo de Alarcón,2-002-A,880,0,0,880,657,1,658,7,5,371,4,87,0,1,0,81,18,6,2,57,18,1
28,115,Pozuelo de Alarcón,2-002-B,888,0,0,888,680,1,681,13,2,416,5,73,0,0,0,81,17,0,0,59,15,0
28,115,Pozuelo de Alarcón,2-003-A,570,0,0,570,367,0,367,2,3,188,1,73,0,0,0,47,10,5,0,24,11,3
28,115,Pozuelo de Alarcón,2-003-B,617,0,0,617,391,0,391,5,2,212,1,73,0,0,0,48,4,3,0,32,11,0
28,115,Pozuelo de Alarcón,2-004-A,633,0,0,633,474,0,474,5,5,272,2,51,0,2,0,63,12,1,2,48,11,0
28,115,Pozuelo de Alarcón,2-004-B,589,1,0,590,451,1,452,12,3,267,1,56,0,0,0,53,10,2,4,32,12,0
28,115,Pozuelo de Alarcón,2-005-A,716,0,0,716,574,0,574,6,0,369,1,53,0,0,0,73,9,1,1,47,13,1
28,115,Pozuelo de Alarcón,2-005-B,760,0,0,760,611,0,611,5,1,364,4,77,0,0,1,63,15,3,0,63,13,2
28,115,Pozuelo de Alarcón,2-006-A,669,0,0,669,534,0,534,4,0,385,0,36,0,1,0,40,13,0,0,48,6,1
28,115,Pozuelo de Alarcón,2-006-B,688,0,0,688,544,0,544,2,1,380,1,57,0,0,0,43,8,0,0,42,8,2
28,115,Pozuelo de Alarcón,2-007-A,699,0,0,699,538,0,538,11,4,336,1,46,1,0,2,49,7,5,0,71,5,0
28,115,Pozuelo de Alarcón,2-007-B,723,0,0,723,540,0,540,3,2,345,0,41,0,1,0,63,20,5,0,46,14,0
28,115,Pozuelo de Alarcón,2-008-A,561,0,0,561,446,0,446,4,7,282,0,67,0,0,0,46,14,2,0,19,5,0
28,115,Pozuelo de Alarcón,2-008-B,559,0,0,559,460,1,461,3,1,272,1,59,0,0,0,67,9,2,0,30,16,1
28,115,Pozuelo de Alarcón,2-009-A,660,0,0,660,505,0,505,11,4,309,3,61,0,0,0,55,8,3,0,39,12,0
28,115,Pozuelo de Alarcón,2-009-B,691,0,0,691,538,0,538,5,3,360,2,58,0,0,1,50,13,3,1,26,16,0
28,115,Pozuelo de Alarcón,2-011-U,572,0,0,572,487,0,487,2,0,334,3,53,0,1,0,32,18,1,0,40,2,1
28,115,Pozuelo de Alarcón,2-012-A,682,0,0,682,524,1,525,0,1,372,0,46,0,1,0,47,5,3,0,38,12,0
28,115,Pozuelo de Alarcón,2-012-B,686,0,0,686,542,1,543,2,4,378,0,48,0,0,0,51,11,2,1,40,6,0
28,115,Pozuelo de Alarcón,2-013-U,890,0,0,890,710,0,710,2,4,502,0,52,0,0,0,56,15,2,0,63,13,1
28,115,Pozuelo de Alarcón,2-014-A,754,0,0,754,575,0,575,5,2,410,4,47,0,0,0,38,19,4,1,32,13,0
28,115,Pozuelo de Alarcón,2-014-B,792,1,0,793,610,1,611,10,1,438,2,36,0,1,0,52,12,2,1,52,3,1
28,115,Pozuelo de Alarcón,2-015-U,731,0,0,731,537,1,538,6,2,349,0,54,0,1,0,56,11,2,1,41,14,1
28,115,Pozuelo de Alarcón,2-016-A,648,0,0,648,479,1,480,2,3,309,3,52,0,0,0,52,8,3,0,35,13,0
28,115,Pozuelo de Alarcón,2-016-B,642,0,0,642,478,0,478,6,0,282,2,65,0,0,0,64,12,4,1,34,7,1
28,115,Pozuelo de Alarcón,2-017-U,749,0,0,749,567,0,567,5,5,282,4,89,0,0,0,102,20,0,1,38,20,1
28,115,Pozuelo de Alarcón,2-018-A,682,0,0,682,537,0,537,1,2,371,0,30,0,0,0,55,17,2,2,49,7,1
28,115,Pozuelo de Alarcón,2-018-B,729,0,0,729,549,0,549,6,1,381,0,37,0,0,0,47,16,2,0,54,5,0
28,115,Pozuelo de Alarcón,2-019-A,544,0,0,544,428,0,428,7,4,269,2,45,0,0,0,48,12,0,1,25,13,2
28,115,Pozuelo de Alarcón,2-019-B,600,0,0,600,485,0,485,8,0,305,2,53,0,1,0,49,12,2,2,43,8,0
28,115,Pozuelo de Alarcón,2-020-A,483,0,0,483,394,1,395,2,1,272,0,38,0,0,0,36,11,1,0,28,6,0
28,115,Pozuelo de Alarcón,2-020-B,555,0,0,555,454,0,454,7,3,308,2,32,0,0,0,44,11,0,0,39,7,1
28,115,Pozuelo de Alarcón,2-021-A,532,0,0,532,448,0,448,6,0,333,2,27,0,0,0,30,9,1,0,32,8,0
28,115,Pozuelo de Alarcón,2-021-B,563,0,0,563,482,0,482,5,1,332,0,38,0,1,0,43,12,0,0,46,4,0
28,115,Pozuelo de Alarcón,2-022-U,805,0,0,805,670,1,671,10,2,501,0,27,0,0,0,44,20,1,0,58,8,0
28,115,Pozuelo de Alarcón,2-023-A,510,0,0,510,398,1,399,5,4,276,1,34,0,0,0,32,8,1,0,35,3,0
28,115,Pozuelo de Alarcón,2-023-B,480,0,0,480,377,0,377,3,0,260,0,34,0,0,0,35,14,1,0,24,5,1
28,116,Pozuelo del Rey,1-001-U,831,0,0,831,580,0,580,6,9,286,1,103,0,1,1,84,1,10,0,63,15,0
28,117,Prádena del Rincón,1-001-U,119,0,0,119,98,0,98,1,1,45,0,18,0,0,0,23,1,1,0,4,4,0
28,118,Puebla de la Sierra,1-001-U,87,0,0,87,75,0,75,1,2,33,0,9,0,0,0,14,1,0,0,5,10,0
28,119,Quijorna,1-001-A,679,0,0,679,499,1,500,5,9,291,0,64,0,1,2,60,6,5,2,40,15,0
28,119,Quijorna,1-001-B,676,0,0,676,486,1,487,7,2,272,1,69,0,0,2,69,6,6,0,39,13,1
28,119,Quijorna,1-002-A,644,0,0,644,471,1,472,10,8,263,0,56,0,1,0,84,5,4,0,29,11,1
28,119,Quijorna,1-002-B,628,0,0,628,442,0,442,4,3,253,0,49,0,1,1,69,3,5,2,37,14,1
28,120,Rascafría,1-001-A,639,0,0,639,483,1,484,2,7,217,1,98,0,0,0,55,10,3,0,75,15,1
28,120,Rascafría,1-001-B,629,0,0,629,469,1,470,3,5,226,1,121,0,0,0,49,6,0,0,48,10,1
28,121,Redueña,1-001-U,237,0,0,237,180,0,180,4,2,85,0,36,0,0,0,24,1,0,1,20,7,0
28,122,Ribatejada,1-001-U,642,0,0,642,447,0,447,5,10,208,0,85,0,0,2,47,2,11,0,62,14,1
28,123,Rivas-Vaciamadrid,1-001-A,745,0,0,745,351,0,351,1,3,93,1,107,0,0,0,89,6,2,0,27,21,1
28,123,Rivas-Vaciamadrid,1-001-B,619,0,0,619,306,0,306,1,3,121,2,50,0,0,0,75,1,3,0,31,17,2
28,123,Rivas-Vaciamadrid,1-001-C,598,0,0,598,294,0,294,3,5,106,0,49,0,1,1,70,1,3,1,26,26,2
28,123,Rivas-Vaciamadrid,1-002-A,461,0,0,461,357,0,357,3,3,61,1,79,0,0,1,113,1,1,0,12,82,0
28,123,Rivas-Vaciamadrid,1-002-B,513,0,0,513,404,0,404,4,4,61,0,85,0,0,1,147,6,5,0,14,75,2
28,123,Rivas-Vaciamadrid,1-003-U,886,0,0,886,646,0,646,6,5,114,1,159,0,1,1,197,6,5,1,40,108,2
28,123,Rivas-Vaciamadrid,1-004-A,721,6,0,727,509,0,509,6,4,125,2,126,0,1,0,157,5,8,0,23,50,2
28,123,Rivas-Vaciamadrid,1-004-B,789,0,0,789,573,1,574,4,10,155,1,109,1,1,2,175,7,8,0,26,73,2
28,123,Rivas-Vaciamadrid,1-005-A,620,0,0,620,481,0,481,2,3,212,1,81,0,0,3,115,9,3,0,22,29,1
28,123,Rivas-Vaciamadrid,1-005-B,575,0,0,575,465,0,465,2,4,179,0,86,0,1,1,105,7,3,0,35,41,1
28,123,Rivas-Vaciamadrid,1-006-A,803,0,0,803,632,0,632,7,7,274,0,91,0,0,0,146,15,4,0,36,52,0
28,123,Rivas-Vaciamadrid,1-006-B,707,0,0,707,602,0,602,6,8,253,1,101,0,0,0,140,8,5,0,32,47,1
28,123,Rivas-Vaciamadrid,1-007-A,590,0,0,590,448,0,448,4,3,85,0,120,0,0,4,143,6,7,0,18,58,0
28,123,Rivas-Vaciamadrid,1-007-B,605,0,0,605,454,0,454,3,6,77,1,120,0,1,3,148,2,6,0,29,57,1
28,123,Rivas-Vaciamadrid,1-008-U,905,0,0,905,721,0,721,7,3,247,3,144,0,0,1,179,9,9,0,41,77,1
28,123,Rivas-Vaciamadrid,1-009-A,651,0,0,651,497,0,497,3,6,151,1,103,0,0,2,130,6,4,0,23,68,0
28,123,Rivas-Vaciamadrid,1-009-B,660,0,0,660,510,0,510,2,4,141,1,105,1,0,0,166,12,3,0,27,46,2
28,123,Rivas-Vaciamadrid,1-010-A,457,0,0,457,344,0,344,0,2,52,0,71,0,0,2,135,2,5,0,8,66,1
28,123,Rivas-Vaciamadrid,1-010-B,518,0,0,518,406,0,406,4,1,70,0,80,0,1,1,148,1,6,1,12,80,1
28,123,Rivas-Vaciamadrid,1-011-U,775,0,0,775,557,0,557,2,6,112,0,138,0,0,3,216,4,3,0,21,51,1
28,123,Rivas-Vaciamadrid,1-012-A,557,0,0,557,443,0,443,6,2,173,0,91,0,0,0,89,7,0,0,37,37,1
28,123,Rivas-Vaciamadrid,1-012-B,569,0,0,569,447,0,447,4,4,177,0,87,0,0,3,91,7,8,0,28,37,1
28,123,Rivas-Vaciamadrid,1-013-A,661,0,0,661,523,0,523,4,6,204,0,99,1,0,0,128,13,0,0,33,35,0
28,123,Rivas-Vaciamadrid,1-013-B,740,0,0,740,579,0,579,6,2,230,0,98,0,0,2,145,15,3,0,39,38,1
28,123,Rivas-Vaciamadrid,1-014-A,726,0,0,726,589,0,589,3,4,233,0,108,0,0,0,166,9,3,0,31,31,1
28,123,Rivas-Vaciamadrid,1-014-B,670,0,0,670,522,0,522,2,2,188,0,104,0,0,0,151,12,4,0,34,25,0
28,123,Rivas-Vaciamadrid,1-015-A,705,0,0,705,524,0,524,4,5,118,1,119,1,1,2,173,3,3,0,28,64,2
28,123,Rivas-Vaciamadrid,1-015-B,640,0,0,640,488,0,488,6,3,145,1,106,1,3,0,155,6,4,0,23,35,0
28,123,Rivas-Vaciamadrid,1-016-A,823,0,0,823,649,0,649,6,7,284,1,94,1,1,0,146,20,4,0,46,38,1
28,123,Rivas-Vaciamadrid,1-016-B,885,0,0,885,702,0,702,4,5,302,0,109,1,0,0,166,22,5,1,48,39,0
28,123,Rivas-Vaciamadrid,1-017-A,568,0,0,568,425,0,425,5,7,185,0,68,0,0,1,94,7,2,0,31,25,0
28,123,Rivas-Vaciamadrid,1-017-B,760,0,0,760,607,0,607,9,7,262,1,101,0,0,0,140,13,4,1,37,30,2
28,123,Rivas-Vaciamadrid,1-017-C,595,0,0,595,484,0,484,10,4,232,1,82,0,0,3,88,11,1,0,24,28,0
28,123,Rivas-Vaciamadrid,1-018-U,751,0,0,751,598,0,598,6,7,271,2,99,0,1,2,96,11,5,0,62,36,0
28,123,Rivas-Vaciamadrid,1-019-A,532,0,0,532,424,0,424,2,8,130,1,90,0,0,1,121,6,5,0,28,31,1
28,123,Rivas-Vaciamadrid,1-019-B,534,0,0,534,405,0,405,5,7,138,2,76,0,0,0,111,3,3,0,23,36,1
28,123,Rivas-Vaciamadrid,1-020-A,588,0,0,588,413,0,413,5,3,135,2,71,0,0,0,135,12,4,0,12,34,0
28,123,Rivas-Vaciamadrid,1-020-B,593,0,0,593,444,0,444,6,6,130,0,75,0,0,1,135,11,1,0,34,45,0
28,123,Rivas-Vaciamadrid,1-021-A,587,0,0,587,435,0,435,0,4,142,2,88,0,0,0,128,3,3,2,14,49,0
28,123,Rivas-Vaciamadrid,1-021-B,756,0,0,756,568,0,568,6,7,173,0,114,1,0,1,184,2,6,0,30,44,0
28,123,Rivas-Vaciamadrid,1-021-C,645,0,0,645,496,0,496,8,5,120,1,101,0,0,0,150,5,3,0,41,61,1
28,123,Rivas-Vaciamadrid,1-022-A,573,0,0,573,370,0,370,2,3,140,0,64,0,0,0,93,6,7,1,25,29,0
28,123,Rivas-Vaciamadrid,1-022-B,548,0,0,548,332,0,332,2,2,129,2,43,0,1,2,79,3,9,0,36,24,0
28,123,Rivas-Vaciamadrid,1-023-A,734,0,0,734,576,0,576,8,6,216,1,108,0,1,2,138,17,6,1,33,37,2
28,123,Rivas-Vaciamadrid,1-023-B,800,0,0,800,600,1,601,12,2,263,1,99,0,0,1,132,20,3,1,33,33,1
28,123,Rivas-Vaciamadrid,1-024-A,680,0,0,680,533,0,533,13,6,194,0,123,0,0,1,112,8,3,0,41,30,2
28,123,Rivas-Vaciamadrid,1-024-B,591,0,0,591,477,0,477,7,5,182,2,96,0,0,0,116,6,3,0,37,22,1
28,123,Rivas-Vaciamadrid,1-025-A,706,0,0,706,527,0,527,2,6,188,3,99,0,0,0,127,11,6,0,46,39,0
28,123,Rivas-Vaciamadrid,1-025-B,704,0,0,704,501,0,501,4,6,182,1,92,0,2,0,122,12,5,0,36,38,1
28,123,Rivas-Vaciamadrid,1-026-A,540,0,0,540,374,0,374,5,0,78,0,96,0,0,1,105,4,5,0,32,47,1
28,123,Rivas-Vaciamadrid,1-026-B,570,0,0,570,406,0,406,6,4,87,2,94,1,1,2,135,5,1,0,17,50,1
28,123,Rivas-Vaciamadrid,1-027-U,714,0,0,714,541,0,541,4,5,119,3,152,0,0,3,152,3,4,0,32,58,6
28,123,Rivas-Vaciamadrid,1-028-U,683,0,0,683,550,0,550,1,2,277,1,88,0,0,1,81,12,4,0,52,31,0
28,123,Rivas-Vaciamadrid,1-029-A,639,0,0,639,476,0,476,5,6,173,2,82,0,0,0,110,8,5,0,42,43,0
28,123,Rivas-Vaciamadrid,1-029-B,715,0,0,715,540,0,540,7,6,196,2,90,0,3,2,131,8,5,1,42,44,3
28,123,Rivas-Vaciamadrid,1-030-A,857,0,0,857,694,0,694,11,7,301,0,116,1,0,1,135,24,0,0,62,34,2
28,123,Rivas-Vaciamadrid,1-030-B,904,0,0,904,723,0,723,8,7,360,0,95,0,0,3,157,20,2,0,33,38,0
28,123,Rivas-Vaciamadrid,1-031-A,523,0,0,523,400,0,400,5,2,186,2,59,0,0,1,85,12,0,0,29,18,1
28,123,Rivas-Vaciamadrid,1-031-B,511,0,0,511,382,0,382,5,1,149,0,57,0,0,1,96,7,4,0,35,26,1
28,123,Rivas-Vaciamadrid,1-032-A,804,0,0,804,617,0,617,12,6,288,1,99,0,0,1,132,11,4,0,33,30,0
28,123,Rivas-Vaciamadrid,1-032-B,780,0,0,780,600,0,600,10,5,244,1,111,0,1,1,139,8,3,0,42,35,0
28,123,Rivas-Vaciamadrid,1-033-A,822,0,0,822,641,0,641,7,7,250,0,119,0,0,0,162,8,6,0,37,44,1
28,123,Rivas-Vaciamadrid,1-033-B,890,0,0,890,667,0,667,11,2,264,0,128,1,0,0,164,11,4,0,39,42,1
28,123,Rivas-Vaciamadrid,1-034-A,685,0,0,685,539,0,539,4,3,258,0,86,0,2,1,117,10,3,0,30,25,0
28,123,Rivas-Vaciamadrid,1-034-B,734,0,0,734,560,0,560,3,0,254,4,99,0,1,0,114,16,9,0,35,24,1
28,123,Rivas-Vaciamadrid,1-035-A,663,0,0,663,533,0,533,6,6,244,0,90,0,0,1,124,10,3,1,28,19,1
28,123,Rivas-Vaciamadrid,1-035-B,678,0,0,678,542,0,542,5,6,243,1,88,0,1,1,120,12,4,1,32,27,1
28,123,Rivas-Vaciamadrid,1-036-A,691,0,0,691,547,0,547,6,5,257,1,73,0,0,0,126,19,2,0,25,33,0
28,123,Rivas-Vaciamadrid,1-036-B,832,0,0,832,652,0,652,11,4,269,5,85,0,0,0,164,11,6,0,45,49,3
28,123,Rivas-Vaciamadrid,1-036-C,774,0,0,774,610,0,610,8,3,256,1,100,0,0,0,141,11,5,0,39,45,1
28,123,Rivas-Vaciamadrid,1-037-A,632,0,0,632,472,0,472,1,10,134,3,71,0,0,1,158,6,8,0,15,63,2
28,123,Rivas-Vaciamadrid,1-037-B,659,0,0,659,506,0,506,6,6,125,9,82,0,1,0,182,11,0,0,28,54,2
28,123,Rivas-Vaciamadrid,1-038-A,561,0,0,561,446,0,446,5,3,142,0,65,0,0,0,150,6,7,1,19,48,0
28,123,Rivas-Vaciamadrid,1-038-B,526,0,0,526,431,0,431,7,5,161,0,60,1,0,0,122,4,2,0,31,38,0
28,123,Rivas-Vaciamadrid,1-039-A,682,0,0,682,435,0,435,2,3,145,0,91,0,0,2,110,7,7,0,22,44,2
28,123,Rivas-Vaciamadrid,1-039-B,746,0,0,746,515,0,515,4,3,195,2,87,1,0,0,136,8,8,0,35,35,1
28,123,Rivas-Vaciamadrid,1-039-C,726,0,0,726,514,0,514,8,4,179,2,94,1,1,1,127,6,6,1,42,41,1
28,123,Rivas-Vaciamadrid,1-040-U,874,0,0,874,695,0,695,12,4,245,1,103,0,0,0,208,22,6,0,42,49,3
28,123,Rivas-Vaciamadrid,1-041-A,718,0,0,718,491,0,491,13,8,174,1,85,0,0,1,113,17,6,0,27,44,2
28,123,Rivas-Vaciamadrid,1-041-B,734,0,0,734,510,0,510,8,2,203,0,78,0,1,0,123,12,5,0,39,37,2
28,123,Rivas-Vaciamadrid,1-042-A,499,0,0,499,400,0,400,4,2,171,1,77,0,0,1,84,10,1,0,32,17,0
28,123,Rivas-Vaciamadrid,1-042-B,505,0,0,505,408,0,408,7,1,192,0,67,1,0,1,70,5,2,1,35,25,1
28,123,Rivas-Vaciamadrid,1-043-A,552,0,0,552,450,0,450,4,3,182,1,79,0,0,1,121,4,4,1,29,21,0
28,123,Rivas-Vaciamadrid,1-043-B,508,0,0,508,396,0,396,10,2,168,0,67,0,0,1,99,8,3,0,20,18,0
28,123,Rivas-Vaciamadrid,1-044-A,561,0,0,561,415,0,415,4,5,143,1,67,0,0,0,119,9,2,1,29,35,0
28,123,Rivas-Vaciamadrid,1-044-B,592,0,0,592,445,0,445,3,8,146,0,90,0,0,0,108,9,6,0,39,36,0
28,123,Rivas-Vaciamadrid,1-045-A,556,0,0,556,427,0,427,9,3,119,0,61,0,0,0,151,4,3,1,27,47,2
28,123,Rivas-Vaciamadrid,1-045-B,499,0,0,499,376,0,376,4,0,102,1,60,0,1,0,152,3,0,0,21,32,0
28,123,Rivas-Vaciamadrid,1-046-A,673,0,0,673,567,0,567,7,3,224,1,94,0,0,0,134,18,5,0,35,44,2
28,123,Rivas-Vaciamadrid,1-046-B,694,0,0,694,559,1,560,6,3,216,3,85,0,0,5,169,14,1,0,33,23,2
28,123,Rivas-Vaciamadrid,1-047-A,694,0,0,694,551,0,551,6,7,209,1,79,0,0,0,167,13,7,0,35,26,1
28,123,Rivas-Vaciamadrid,1-047-B,696,0,0,696,545,0,545,2,2,217,0,82,0,0,1,156,14,3,1,32,35,0
28,123,Rivas-Vaciamadrid,1-048-U,897,0,0,897,704,0,704,5,9,176,0,103,0,0,1,272,4,11,0,33,90,0
28,123,Rivas-Vaciamadrid,1-049-A,506,0,0,506,401,0,401,5,8,131,0,57,1,2,0,124,10,5,0,23,35,0
28,123,Rivas-Vaciamadrid,1-049-B,559,0,0,559,426,1,427,1,0,140,0,70,0,0,5,126,3,9,0,24,46,3
28,123,Rivas-Vaciamadrid,1-050-U,693,0,0,693,560,0,560,4,7,197,0,95,0,0,1,160,15,3,0,25,52,1
28,123,Rivas-Vaciamadrid,1-051-A,842,0,0,842,684,0,684,10,5,250,2,91,0,0,0,223,9,10,1,36,47,0
28,123,Rivas-Vaciamadrid,1-051-B,763,0,0,763,628,0,628,4,6,261,0,79,0,1,0,188,9,4,2,40,33,1
28,123,Rivas-Vaciamadrid,1-052-A,566,0,0,566,438,0,438,10,3,179,2,47,0,0,0,125,7,4,0,33,28,0
28,123,Rivas-Vaciamadrid,1-052-B,596,0,0,596,455,0,455,4,3,204,0,53,0,0,0,119,4,0,1,31,36,0
28,123,Rivas-Vaciamadrid,1-053-U,954,0,0,954,707,0,707,11,6,224,2,99,0,2,1,221,15,2,0,48,72,4
28,123,Rivas-Vaciamadrid,1-054-A,559,0,0,559,461,0,461,8,6,165,0,73,0,0,0,123,6,5,0,32,42,1
28,123,Rivas-Vaciamadrid,1-054-B,514,0,0,514,408,0,408,2,5,139,0,73,0,0,0,120,6,2,0,23,36,2
28,123,Rivas-Vaciamadrid,1-055-A,664,0,0,664,532,0,532,9,7,242,1,80,0,0,0,116,11,2,0,36,28,0
28,123,Rivas-Vaciamadrid,1-055-B,697,0,0,697,538,0,538,8,0,244,2,94,0,0,0,120,10,3,0,36,21,0
28,124,Robledillo de la Jara,1-001-U,86,0,0,86,60,0,60,3,2,25,0,9,0,0,0,8,3,0,0,3,7,0
28,125,Robledo de Chavela,1-001-A,603,0,0,603,457,1,458,6,6,253,1,86,0,1,1,43,3,6,0,33,18,1
28,125,Robledo de Chavela,1-001-B,649,0,0,649,496,1,497,2,5,290,0,86,0,0,1,46,5,2,0,48,12,0
28,125,Robledo de Chavela,1-002-A,701,0,0,701,459,0,459,4,8,220,1,65,0,0,0,73,8,4,4,39,32,1
28,125,Robledo de Chavela,1-002-B,672,0,0,672,457,0,457,5,5,201,1,69,0,1,0,83,5,5,0,41,39,2
28,125,Robledo de Chavela,1-003-U,915,0,0,915,682,0,682,8,10,364,2,99,1,0,1,89,6,5,1,46,49,1
28,126,Robregordo,1-001-U,59,0,0,59,44,0,44,0,0,19,0,16,0,0,0,1,0,0,0,4,4,0
28,127,Las Rozas de Madrid,1-001-A,542,0,0,542,305,2,307,6,2,163,2,46,0,0,0,45,4,1,0,28,9,1
28,127,Las Rozas de Madrid,1-001-B,666,0,0,666,438,1,439,12,3,215,0,83,0,1,0,63,12,1,1,35,12,1
28,127,Las Rozas de Madrid,1-001-C,656,0,0,656,390,1,391,11,3,164,1,62,0,1,0,82,5,4,1,36,20,1
28,127,Las Rozas de Madrid,1-002-U,749,1,0,750,458,1,459,5,1,242,0,85,1,0,0,56,4,5,0,39,18,3
28,127,Las Rozas de Madrid,1-003-A,703,0,0,703,547,1,548,5,2,349,3,65,0,0,0,50,11,2,0,41,17,3
28,127,Las Rozas de Madrid,1-003-B,684,0,0,684,541,1,542,6,2,347,2,54,0,0,0,61,10,2,2,36,18,2
28,127,Las Rozas de Madrid,1-004-A,674,0,0,674,543,0,543,5,3,352,2,50,0,0,0,55,8,2,0,55,11,0
28,127,Las Rozas de Madrid,1-004-B,757,0,0,757,595,1,596,3,1,388,6,65,0,0,0,59,7,3,1,55,8,0
28,127,Las Rozas de Madrid,1-005-A,563,0,0,563,419,1,420,3,0,258,1,56,0,0,0,41,7,2,2,38,11,1
28,127,Las Rozas de Madrid,1-005-B,501,0,0,501,383,1,384,3,4,221,0,49,0,0,0,50,15,3,0,20,19,0
28,127,Las Rozas de Madrid,1-006-A,715,1,0,716,582,0,582,7,0,385,2,42,0,0,1,54,10,0,1,64,15,1
28,127,Las Rozas de Madrid,1-006-B,730,0,0,730,569,1,570,5,1,380,1,41,0,0,0,50,17,4,1,57,11,2
28,127,Las Rozas de Madrid,1-007-U,752,0,0,752,585,1,586,6,1,395,1,76,0,0,0,47,10,2,0,33,14,1
28,127,Las Rozas de Madrid,1-008-A,523,0,0,523,368,1,369,5,3,220,0,55,0,0,0,38,6,4,0,23,15,0
28,127,Las Rozas de Madrid,1-008-B,569,0,0,569,421,1,422,4,2,220,0,86,0,0,0,49,9,4,0,24,23,1
28,127,Las Rozas de Madrid,1-009-A,677,0,0,677,522,0,522,1,3,358,0,28,0,0,0,43,10,1,0,69,8,1
28,127,Las Rozas de Madrid,1-009-B,713,0,0,713,524,1,525,5,7,363,0,31,0,0,0,26,10,2,0,77,4,0
28,127,Las Rozas de Madrid,1-009-C,711,0,0,711,515,1,516,6,1,361,1,29,1,0,1,33,9,3,2,65,4,0
28,127,Las Rozas de Madrid,1-010-A,876,0,0,876,576,1,577,5,4,296,0,117,0,2,0,79,13,2,1,41,17,0
28,127,Las Rozas de Madrid,1-010-B,914,0,0,914,582,1,583,3,7,292,2,106,0,0,0,89,10,4,5,44,21,0
28,127,Las Rozas de Madrid,1-011-A,605,0,0,605,428,1,429,7,3,258,1,44,0,0,0,47,11,1,1,43,13,0
28,127,Las Rozas de Madrid,1-011-B,620,0,0,620,437,1,438,2,4,267,2,44,0,0,0,62,5,0,2,35,15,0
28,127,Las Rozas de Madrid,1-012-A,719,0,0,719,446,2,448,3,9,183,3,91,0,1,0,76,5,6,0,55,15,1
28,127,Las Rozas de Madrid,1-012-B,703,0,0,703,424,1,425,4,9,187,0,88,0,0,0,69,8,5,0,34,21,0
28,127,Las Rozas de Madrid,1-013-A,490,0,0,490,383,1,384,4,4,221,0,58,0,0,0,50,6,1,0,29,11,0
28,127,Las Rozas de Madrid,1-013-B,488,0,0,488,385,1,386,5,2,232,1,43,0,1,0,58,8,4,0,18,14,0
28,127,Las Rozas de Madrid,1-014-A,532,0,0,532,431,0,431,5,2,293,0,38,0,0,0,28,10,0,0,50,5,0
28,127,Las Rozas de Madrid,1-014-B,579,0,0,579,468,1,469,5,1,357,0,21,1,0,0,32,10,0,0,34,8,0
28,127,Las Rozas de Madrid,1-015-A,809,0,0,809,525,1,526,5,6,260,2,84,0,0,0,97,13,1,1,39,17,1
28,127,Las Rozas de Madrid,1-015-B,790,0,0,790,522,1,523,6,8,250,1,95,0,0,0,87,11,6,1,41,16,1
28,127,Las Rozas de Madrid,1-016-A,728,0,0,728,544,1,545,6,4,325,1,63,0,0,0,61,18,5,2,44,15,1
28,127,Las Rozas de Madrid,1-016-B,768,0,0,768,576,1,577,3,4,352,1,69,1,0,0,70,21,7,0,40,8,1
28,127,Las Rozas de Madrid,1-017-A,575,0,0,575,424,1,425,8,7,213,2,62,0,0,0,69,11,4,0,37,10,2
28,127,Las Rozas de Madrid,1-017-B,544,1,0,545,384,1,385,5,2,193,2,67,0,0,2,54,11,3,0,34,11,1
28,127,Las Rozas de Madrid,1-018-A,930,0,0,930,738,0,738,12,4,477,1,65,0,0,1,65,21,3,0,73,16,0
28,127,Las Rozas de Madrid,1-018-B,900,0,0,900,693,0,693,7,2,447,0,62,0,1,0,70,23,1,0,68,12,0
28,127,Las Rozas de Madrid,1-019-A,555,0,0,555,431,1,432,5,3,270,0,51,0,1,0,44,10,4,0,34,10,0
28,127,Las Rozas de Madrid,1-019-B,522,0,0,522,410,1,411,2,3,240,1,47,0,0,0,52,15,4,0,39,8,0
28,127,Las Rozas de Madrid,1-020-A,535,0,0,535,430,1,431,5,7,259,1,52,0,1,0,54,9,2,3,29,9,0
28,127,Las Rozas de Madrid,1-020-B,524,0,0,524,412,0,412,3,2,240,0,58,0,0,1,50,12,2,0,35,9,0
28,127,Las Rozas de Madrid,1-021-A,710,1,0,711,530,1,531,11,3,269,1,85,0,1,0,77,6,4,1,46,27,0
28,127,Las Rozas de Madrid,1-021-B,759,1,0,760,557,1,558,7,8,310,3,68,0,0,0,68,11,1,4,59,16,3
28,127,Las Rozas de Madrid,1-022-A,558,0,0,558,399,1,400,5,2,206,0,58,1,2,0,64,11,4,0,30,14,3
28,127,Las Rozas de Madrid,1-022-B,668,0,0,668,499,1,500,6,6,276,2,64,0,0,1,80,12,3,0,31,18,1
28,127,Las Rozas de Madrid,1-022-C,670,0,0,670,469,1,470,2,5,250,4,79,0,0,0,78,7,5,0,19,19,2
28,127,Las Rozas de Madrid,1-023-A,851,0,0,851,654,1,655,10,0,379,4,78,3,0,0,98,12,5,1,60,5,0
28,127,Las Rozas de Madrid,1-023-B,919,0,0,919,714,1,715,8,4,418,2,95,0,0,0,97,13,5,0,63,8,2
28,127,Las Rozas de Madrid,1-024-A,796,0,0,796,591,1,592,7,2,367,0,61,0,0,1,80,15,4,0,36,19,0
28,127,Las Rozas de Madrid,1-024-B,745,0,0,745,550,1,551,15,3,341,0,67,0,0,0,55,9,2,0,45,13,1
28,127,Las Rozas de Madrid,1-025-U,943,0,0,943,740,0,740,10,10,427,3,85,0,0,0,90,16,9,0,65,25,0
28,127,Las Rozas de Madrid,1-026-A,535,0,0,535,406,1,407,3,0,268,0,35,0,0,0,45,12,1,0,36,6,1
28,127,Las Rozas de Madrid,1-026-B,550,0,0,550,433,1,434,6,0,294,0,42,0,0,0,27,14,2,1,37,11,0
28,127,Las Rozas de Madrid,1-028-A,506,0,0,506,389,1,390,2,1,256,1,34,0,0,0,48,9,1,0,28,10,0
28,127,Las Rozas de Madrid,1-028-B,538,0,0,538,435,1,436,4,4,276,1,52,0,0,0,38,8,1,2,41,9,0
28,127,Las Rozas de Madrid,1-029-A,676,0,0,676,529,1,530,6,4,368,1,51,0,1,0,36,9,0,0,40,13,1
28,127,Las Rozas de Madrid,1-029-B,701,0,0,701,528,1,529,10,1,361,1,36,0,0,0,43,9,1,0,61,6,0
28,127,Las Rozas de Madrid,1-029-C,662,0,0,662,524,0,524,5,1,374,1,48,1,0,0,28,8,2,0,40,15,1
28,127,Las Rozas de Madrid,1-030-U,816,0,0,816,649,1,650,4,6,468,0,58,0,0,0,41,12,5,1,46,6,3
28,127,Las Rozas de Madrid,1-031-A,645,0,0,645,485,1,486,0,1,341,0,48,0,0,0,33,3,3,0,49,8,0
28,127,Las Rozas de Madrid,1-031-B,692,0,0,692,511,1,512,1,1,370,0,44,0,0,0,21,6,4,1,56,7,1
28,127,Las Rozas de Madrid,1-032-A,659,0,0,659,517,0,517,5,2,308,3,52,0,0,0,66,17,1,0,50,11,2
28,127,Las Rozas de Madrid,1-032-B,766,0,0,766,582,1,583,5,6,351,0,51,1,0,0,88,14,5,0,51,8,3
28,127,Las Rozas de Madrid,1-032-C,658,0,0,658,513,0,513,6,2,335,1,43,0,0,0,56,12,4,1,43,8,2
28,127,Las Rozas de Madrid,1-033-A,514,0,0,514,392,1,393,5,0,268,1,35,0,1,0,38,10,6,0,24,5,0
28,127,Las Rozas de Madrid,1-033-B,559,0,0,559,396,1,397,5,2,230,0,50,0,0,0,51,4,4,0,44,7,0
28,127,Las Rozas de Madrid,1-034-A,901,0,0,901,707,0,707,8,2,506,0,55,0,1,0,46,9,2,1,67,8,2
28,127,Las Rozas de Madrid,1-034-B,799,0,0,799,615,0,615,12,2,432,2,50,0,1,0,50,14,4,1,43,4,0
28,127,Las Rozas de Madrid,1-035-A,874,0,0,874,690,2,692,10,3,457,0,55,0,1,0,81,17,4,0,43,20,1
28,127,Las Rozas de Madrid,1-035-B,945,0,0,945,728,2,730,18,6,471,1,61,0,0,2,84,14,3,0,49,21,0
28,127,Las Rozas de Madrid,1-036-A,819,0,0,819,587,2,589,1,6,343,0,69,0,1,2,73,16,5,2,59,12,0
28,127,Las Rozas de Madrid,1-036-B,859,1,0,860,577,1,578,12,2,346,1,68,1,0,1,82,11,1,0,43,10,0
28,127,Las Rozas de Madrid,1-037-A,584,0,0,584,451,1,452,3,2,354,1,15,0,0,0,23,6,2,0,45,1,0
28,127,Las Rozas de Madrid,1-037-B,707,0,0,707,584,1,585,4,1,463,1,20,0,0,0,29,11,1,2,50,3,0
28,127,Las Rozas de Madrid,1-037-C,680,0,0,680,541,0,541,4,0,442,1,18,0,0,1,29,9,2,0,26,9,0
28,127,Las Rozas de Madrid,1-038-A,671,0,0,671,511,1,512,18,0,341,1,47,0,0,0,35,15,2,0,38,15,0
28,127,Las Rozas de Madrid,1-038-B,706,0,0,706,542,1,543,4,2,385,0,38,0,0,0,57,7,2,1,44,3,0
28,127,Las Rozas de Madrid,1-038-C,643,0,0,643,465,1,466,7,7,309,0,34,0,0,1,53,12,1,0,32,10,0
28,127,Las Rozas de Madrid,1-039-A,527,0,0,527,415,1,416,7,2,279,1,32,0,0,0,37,10,3,0,38,7,0
28,127,Las Rozas de Madrid,1-039-B,576,0,0,576,437,1,438,3,5,291,0,49,0,0,0,33,10,3,0,41,3,0
28,127,Las Rozas de Madrid,1-040-A,891,0,0,891,697,1,698,8,2,477,1,60,0,0,0,63,14,4,0,60,9,0
28,127,Las Rozas de Madrid,1-040-B,881,0,0,881,723,1,724,4,3,492,1,78,0,0,0,58,15,4,0,55,14,0
28,127,Las Rozas de Madrid,1-041-A,546,0,0,546,431,0,431,4,0,277,0,58,0,0,0,34,19,3,1,27,8,0
28,127,Las Rozas de Madrid,1-041-B,577,0,0,577,463,0,463,7,2,295,0,67,0,1,0,37,13,0,0,32,9,0
28,127,Las Rozas de Madrid,1-042-A,732,0,0,732,538,0,538,11,3,339,1,51,0,0,1,53,16,5,0,45,13,0
28,127,Las Rozas de Madrid,1-042-B,781,0,0,781,569,0,569,4,3,393,0,39,1,0,0,55,10,4,0,49,7,4
28,127,Las Rozas de Madrid,1-043-A,705,0,0,705,554,1,555,7,0,342,0,64,1,0,0,63,14,4,1,49,6,4
28,127,Las Rozas de Madrid,1-043-B,778,0,0,778,624,1,625,7,0,417,0,57,0,0,0,75,9,2,1,46,11,0
28,127,Las Rozas de Madrid,1-044-A,628,0,0,628,504,1,505,11,3,320,0,56,1,1,1,48,11,2,1,37,13,0
28,127,Las Rozas de Madrid,1-044-B,619,0,0,619,496,2,498,8,1,322,0,44,4,0,1,55,16,3,0,35,9,0
28,127,Las Rozas de Madrid,1-045-A,740,0,0,740,593,1,594,8,2,384,1,46,0,0,0,57,15,3,2,58,17,1
28,127,Las Rozas de Madrid,1-045-B,754,0,0,754,597,0,597,10,2,408,0,48,0,0,0,51,20,2,0,48,8,0
28,127,Las Rozas de Madrid,1-046-A,867,0,0,867,666,0,666,9,6,398,0,58,0,0,0,107,16,1,0,52,18,1
28,127,Las Rozas de Madrid,1-046-B,915,0,0,915,710,0,710,7,7,424,1,78,0,0,0,114,21,7,0,42,8,1
28,127,Las Rozas de Madrid,1-047-U,730,0,0,730,522,2,524,8,3,319,1,49,0,0,0,73,7,4,0,40,19,1
28,127,Las Rozas de Madrid,1-048-U,855,0,0,855,659,2,661,15,2,378,4,77,0,1,2,83,11,3,1,53,29,2
28,127,Las Rozas de Madrid,1-049-A,526,0,0,526,398,0,398,6,0,270,0,33,0,0,0,35,14,3,0,32,5,0
28,127,Las Rozas de Madrid,1-049-B,550,0,0,550,416,0,416,3,3,281,1,35,0,0,0,45,7,1,0,28,11,1
28,127,Las Rozas de Madrid,1-050-A,572,0,0,572,431,1,432,4,2,258,1,41,0,1,0,58,8,2,0,41,15,1
28,127,Las Rozas de Madrid,1-050-B,606,0,0,606,445,1,446,10,0,246,2,57,0,1,0,60,11,0,0,38,20,1
28,127,Las Rozas de Madrid,1-051-A,580,0,0,580,473,1,474,4,1,314,1,40,0,0,0,60,9,2,0,33,9,1
28,127,Las Rozas de Madrid,1-051-B,666,0,0,666,540,1,541,13,4,358,0,36,0,1,1,62,16,0,1,42,7,0
28,127,Las Rozas de Madrid,1-051-C,648,0,0,648,530,0,530,8,4,352,2,45,0,0,0,54,16,2,1,38,8,0
28,128,Rozas de Puerto Real,1-001-U,492,0,0,492,369,0,369,10,4,199,0,64,0,0,0,45,1,0,0,35,11,0
28,129,San Agustín del Guadalix,1-001-A,899,0,0,899,612,0,612,6,12,327,2,104,1,0,1,85,9,3,0,46,14,2
28,129,San Agustín del Guadalix,1-001-B,846,0,0,846,578,0,578,12,10,288,0,112,0,0,1,72,16,9,0,43,15,0
28,129,San Agustín del Guadalix,1-002-A,619,0,0,619,402,1,403,6,3,183,1,100,0,0,0,58,6,5,0,30,10,1
28,129,San Agustín del Guadalix,1-002-B,608,0,0,608,416,0,416,3,9,179,2,107,0,0,1,57,6,6,0,35,10,1
28,129,San Agustín del Guadalix,1-003-A,627,0,0,627,477,2,479,7,6,257,3,76,0,0,1,53,10,3,0,50,13,0
28,129,San Agustín del Guadalix,1-003-B,755,0,0,755,543,2,545,4,4,318,3,79,0,0,0,73,10,3,1,43,6,1
28,129,San Agustín del Guadalix,1-003-C,784,0,0,784,573,3,576,12,9,334,1,65,0,1,0,69,20,5,1,37,20,2
28,129,San Agustín del Guadalix,1-004-A,854,0,0,854,596,3,599,17,11,326,3,85,0,0,0,82,13,4,1,39,14,4
28,129,San Agustín del Guadalix,1-004-B,849,0,0,849,553,1,554,7,5,284,1,76,0,1,0,87,19,6,0,51,17,0
28,129,San Agustín del Guadalix,1-005-A,562,0,0,562,389,2,391,6,1,214,0,55,0,0,0,57,10,0,0,36,12,0
28,129,San Agustín del Guadalix,1-005-B,618,0,0,618,457,1,458,4,1,262,1,59,0,0,1,62,15,7,0,30,15,1
28,129,San Agustín del Guadalix,1-006-A,549,0,0,549,428,1,429,2,2,224,3,63,0,0,1,70,13,3,0,37,11,0
28,129,San Agustín del Guadalix,1-006-B,510,0,0,510,420,3,423,7,5,220,1,66,0,0,1,75,12,5,0,24,7,0
28,130,San Fernando de Henares,1-001-A,584,0,0,584,357,1,358,6,5,117,0,102,0,0,5,74,11,5,1,12,20,0
28,130,San Fernando de Henares,1-001-B,536,0,0,536,297,2,299,3,6,93,0,77,0,2,0,67,5,3,1,16,26,0
28,130,San Fernando de Henares,1-002-A,604,0,0,604,425,0,425,9,2,142,1,114,0,0,1,81,9,4,1,31,30,0
28,130,San Fernando de Henares,1-002-B,679,0,0,679,472,0,472,2,8,164,0,136,0,1,1,70,10,11,1,34,34,0
28,130,San Fernando de Henares,1-003-A,618,0,0,618,454,1,455,6,3,160,1,110,0,0,2,93,12,8,2,33,25,0
28,130,San Fernando de Henares,1-003-B,678,0,0,678,507,1,508,1,10,169,1,152,0,0,0,96,11,2,0,36,29,1
28,130,San Fernando de Henares,1-004-A,552,0,0,552,379,1,380,3,10,140,0,93,1,0,1,56,9,2,3,43,19,0
28,130,San Fernando de Henares,1-004-B,536,0,0,536,360,1,361,3,5,124,0,95,0,0,5,57,5,5,1,43,18,0
28,130,San Fernando de Henares,1-005-A,862,0,0,862,639,0,639,6,9,285,0,127,0,0,1,112,8,11,2,47,29,2
28,130,San Fernando de Henares,1-005-B,845,0,0,845,658,0,658,5,12,268,0,160,0,0,2,118,6,3,0,50,33,1
28,130,San Fernando de Henares,1-006-A,514,0,0,514,344,2,346,7,7,93,0,94,0,2,0,79,11,6,0,26,21,0
28,130,San Fernando de Henares,1-006-B,518,0,0,518,350,0,350,10,4,108,0,96,0,1,1,68,3,4,0,33,21,1
28,130,San Fernando de Henares,1-007-A,673,0,0,673,455,0,455,7,8,136,0,130,0,0,1,107,8,5,0,25,27,1
28,130,San Fernando de Henares,1-007-B,687,0,0,687,481,0,481,9,3,162,2,133,0,0,0,102,13,3,0,29,23,2
28,130,San Fernando de Henares,1-008-A,552,0,0,552,395,1,396,3,5,140,0,88,0,0,2,112,7,1,0,18,19,1
28,130,San Fernando de Henares,1-008-B,509,0,0,509,360,1,361,3,8,113,1,105,0,0,3,70,3,6,0,23,25,1
28,130,San Fernando de Henares,1-009-A,709,0,0,709,442,0,442,3,6,160,0,118,0,2,0,67,17,2,0,31,36,0
28,130,San Fernando de Henares,1-009-B,605,0,0,605,389,0,389,5,3,142,2,99,0,0,1,72,10,3,0,29,22,1
28,130,San Fernando de Henares,1-010-A,542,0,0,542,375,0,375,2,4,113,0,123,0,0,0,60,3,6,0,40,21,3
28,130,San Fernando de Henares,1-010-B,504,0,0,504,344,0,344,3,2,103,0,102,0,0,4,68,8,7,0,24,21,2
28,130,San Fernando de Henares,1-011-A,770,0,0,770,542,2,544,10,8,173,1,154,0,0,0,106,7,3,1,52,29,0
28,130,San Fernando de Henares,1-011-B,887,0,0,887,637,2,639,14,10,179,1,198,0,2,2,131,14,6,2,39,40,1
28,130,San Fernando de Henares,1-012-A,570,0,0,570,382,0,382,4,6,119,2,121,0,3,2,76,8,4,0,23,14,0
28,130,San Fernando de Henares,1-012-B,604,0,0,604,395,0,395,3,3,105,0,127,0,0,1,88,10,5,1,27,24,1
28,130,San Fernando de Henares,1-013-U,801,0,0,801,596,0,596,8,5,186,1,163,1,1,3,146,6,7,0,34,35,0
28,130,San Fernando de Henares,1-014-A,609,0,0,609,406,0,406,7,4,119,2,129,1,0,0,79,5,5,0,32,23,0
28,130,San Fernando de Henares,1-014-B,613,0,0,613,449,0,449,8,4,137,0,147,0,0,0,92,9,2,0,26,24,0
28,130,San Fernando de Henares,1-015-A,656,0,0,656,483,1,484,4,8,179,0,110,0,0,0,115,18,4,0,22,24,0
28,130,San Fernando de Henares,1-015-B,712,0,0,712,540,1,541,8,8,201,0,109,0,0,0,133,16,4,0,34,28,0
28,130,San Fernando de Henares,1-016-A,778,0,0,778,568,0,568,4,13,212,0,117,0,1,3,134,9,4,1,45,24,1
28,130,San Fernando de Henares,1-016-B,708,0,0,708,515,0,515,9,8,159,1,118,1,0,0,136,13,8,1,32,29,0
28,130,San Fernando de Henares,1-017-A,629,0,0,629,495,1,496,7,7,234,0,93,0,1,1,96,12,4,0,32,9,0
28,130,San Fernando de Henares,1-017-B,668,0,0,668,517,1,518,6,11,216,1,99,0,0,0,103,14,3,1,33,31,0
28,130,San Fernando de Henares,1-018-A,671,1,0,672,493,1,494,13,8,165,1,106,0,0,1,130,6,5,0,31,28,0
28,130,San Fernando de Henares,1-018-B,621,2,0,623,489,2,491,6,9,179,2,117,0,0,4,108,6,3,0,32,25,0
28,130,San Fernando de Henares,1-019-A,919,0,0,919,665,2,667,12,12,192,1,138,0,1,6,183,15,6,1,58,41,1
28,130,San Fernando de Henares,1-019-B,949,0,0,949,696,1,697,10,12,222,1,162,0,1,1,181,9,7,3,50,38,0
28,130,San Fernando de Henares,1-020-U,874,0,0,874,629,0,629,2,10,173,2,184,0,0,3,138,8,7,1,38,63,0
28,130,San Fernando de Henares,1-021-A,510,0,0,510,365,1,366,0,6,119,1,80,0,0,1,70,11,1,1,40,36,0
28,130,San Fernando de Henares,1-021-B,521,0,0,521,371,1,372,5,5,109,0,100,0,0,0,89,6,9,0,24,24,1
28,130,San Fernando de Henares,1-022-A,487,0,0,487,355,0,355,14,7,120,0,85,0,0,1,80,2,1,0,19,26,0
28,130,San Fernando de Henares,1-022-B,496,0,0,496,343,0,343,7,7,100,0,97,0,0,1,84,5,6,0,19,17,0
28,130,San Fernando de Henares,1-023-A,540,0,0,540,403,1,404,6,5,150,0,87,2,0,0,91,10,3,1,32,17,0
28,130,San Fernando de Henares,1-023-B,600,0,0,600,433,0,433,6,6,173,0,95,0,0,0,76,8,5,0,35,27,2
28,131,San Lorenzo de El Escorial,1-001-A,864,0,0,864,563,2,565,13,4,241,0,124,0,0,1,101,15,2,1,30,30,3
28,131,San Lorenzo de El Escorial,1-001-B,876,0,0,876,503,2,505,6,6,223,1,95,0,0,1,87,6,4,0,40,33,3
28,131,San Lorenzo de El Escorial,1-002-A,603,0,0,603,431,1,432,3,1,273,4,37,0,1,0,64,2,1,3,23,18,2
28,131,San Lorenzo de El Escorial,1-002-B,601,0,0,601,385,1,386,4,5,215,1,42,1,0,0,45,6,2,0,41,21,3
28,131,San Lorenzo de El Escorial,1-003-A,859,0,0,859,556,3,559,16,11,232,0,113,0,0,0,110,6,6,1,38,24,2
28,131,San Lorenzo de El Escorial,1-003-B,870,0,0,870,574,0,574,5,5,281,0,89,1,0,0,110,5,4,1,36,36,1
28,131,San Lorenzo de El Escorial,1-004-A,746,0,0,746,536,1,537,9,7,278,0,43,1,1,0,90,7,6,3,66,25,1
28,131,San Lorenzo de El Escorial,1-004-B,717,0,0,717,499,2,501,7,6,266,0,70,0,1,0,70,10,2,1,50,17,1
28,131,San Lorenzo de El Escorial,1-005-A,625,0,0,625,417,3,420,4,7,216,0,62,1,0,1,76,2,1,1,28,20,1
28,131,San Lorenzo de El Escorial,1-005-B,534,0,0,534,403,2,405,4,3,224,1,44,0,0,0,48,12,2,1,47,19,0
28,131,San Lorenzo de El Escorial,1-006-A,581,0,0,581,399,2,401,6,2,201,2,54,0,0,1,70,6,2,2,31,24,0
28,131,San Lorenzo de El Escorial,1-006-B,744,2,0,746,522,2,524,7,13,270,0,73,0,0,0,85,6,1,2,44,20,3
28,131,San Lorenzo de El Escorial,1-006-C,693,0,0,693,457,1,458,7,10,217,0,83,0,0,1,73,6,2,1,38,18,2
28,131,San Lorenzo de El Escorial,1-007-A,767,0,0,767,546,1,547,10,6,303,2,62,0,1,0,75,8,3,1,50,26,0
28,131,San Lorenzo de El Escorial,1-007-B,725,0,0,725,514,1,515,7,6,277,0,70,1,0,0,68,10,6,3,41,26,0
28,131,San Lorenzo de El Escorial,2-001-A,543,0,0,543,355,1,356,4,2,148,1,66,0,1,1,77,9,0,1,26,20,0
28,131,San Lorenzo de El Escorial,2-001-B,559,0,0,559,353,2,355,1,3,151,1,69,1,0,2,82,4,3,0,21,16,1
28,131,San Lorenzo de El Escorial,2-002-A,898,0,0,898,578,0,578,11,8,284,0,95,0,0,2,86,3,12,0,44,31,2
28,131,San Lorenzo de El Escorial,2-002-B,960,0,0,960,629,1,630,3,12,275,1,119,0,0,2,108,5,5,5,50,44,1
28,132,San Martín de la Vega,1-001-U,797,0,0,797,522,1,523,7,4,197,1,163,0,0,0,65,1,6,1,63,15,0
28,132,San Martín de la Vega,1-002-A,590,1,0,591,402,2,404,3,4,163,0,126,0,0,0,54,1,5,1,36,11,0
28,132,San Martín de la Vega,1-002-B,662,3,0,665,471,3,474,2,6,208,0,139,0,0,0,60,3,1,0,35,18,2
28,132,San Martín de la Vega,1-003-A,535,0,0,535,374,2,376,2,3,152,2,97,0,0,0,65,3,5,0,29,18,0
28,132,San Martín de la Vega,1-003-B,572,0,0,572,439,1,440,1,2,172,1,125,0,0,0,65,3,8,0,46,17,0
28,132,San Martín de la Vega,1-004-A,679,3,0,682,466,3,469,5,8,200,0,125,1,0,0,50,3,4,0,60,13,0
28,132,San Martín de la Vega,1-004-B,709,0,0,709,502,2,504,5,5,216,0,104,0,0,1,92,4,10,1,50,15,1
28,132,San Martín de la Vega,1-004-C,735,0,0,735,522,1,523,6,9,209,2,132,0,0,0,78,7,6,0,59,14,1
28,132,San Martín de la Vega,1-005-A,673,0,0,673,470,3,473,4,7,217,2,129,0,0,0,56,3,4,0,37,14,0
28,132,San Martín de la Vega,1-005-B,777,0,0,777,554,3,557,4,7,239,2,186,1,1,0,51,2,11,1,35,17,0
28,132,San Martín de la Vega,1-006-A,736,0,0,736,413,0,413,2,3,132,1,142,1,0,0,47,2,4,0,48,31,0
28,132,San Martín de la Vega,1-006-B,774,0,0,774,472,3,475,5,2,183,1,135,0,2,1,59,4,3,0,55,25,0
28,132,San Martín de la Vega,1-006-C,734,0,0,734,429,3,432,7,7,175,0,110,0,0,1,52,2,6,0,43,28,1
28,132,San Martín de la Vega,1-007-A,593,0,0,593,467,3,470,7,5,207,0,100,0,0,1,70,5,9,0,47,17,2
28,132,San Martín de la Vega,1-007-B,744,2,0,746,503,2,505,14,6,197,0,106,0,0,0,100,7,6,0,49,18,2
28,132,San Martín de la Vega,1-007-C,742,2,0,744,543,0,543,4,9,224,2,126,1,2,0,92,9,3,2,47,21,1
28,132,San Martín de la Vega,1-008-A,868,2,0,870,480,2,482,4,5,188,1,115,0,0,1,71,5,9,0,53,29,1
28,132,San Martín de la Vega,1-008-B,872,1,0,873,491,1,492,9,4,187,2,120,0,0,1,70,7,10,0,44,37,1
28,133,San Martín de Valdeiglesias,1-001-A,632,0,0,632,435,4,439,3,10,216,0,108,0,1,0,48,3,2,0,32,16,0
28,133,San Martín de Valdeiglesias,1-001-B,719,0,0,719,473,3,476,4,14,245,1,104,0,0,0,50,4,3,0,37,13,1
28,133,San Martín de Valdeiglesias,1-002-A,610,0,0,610,424,4,428,8,11,196,0,104,0,0,0,54,3,5,1,28,17,1
28,133,San Martín de Valdeiglesias,1-002-B,726,0,0,726,506,4,510,7,9,223,0,156,0,0,0,62,4,3,0,33,13,0
28,133,San Martín de Valdeiglesias,1-002-C,782,0,0,782,552,2,554,6,12,301,0,117,0,0,0,56,3,1,1,40,17,0
28,133,San Martín de Valdeiglesias,1-003-A,576,0,0,576,354,4,358,2,9,145,1,127,0,1,0,36,1,2,0,27,7,0
28,133,San Martín de Valdeiglesias,1-003-B,663,0,0,663,417,2,419,8,11,192,0,127,0,0,0,37,1,0,0,26,17,0
28,133,San Martín de Valdeiglesias,1-003-C,654,0,0,654,417,4,421,4,14,196,0,122,0,1,0,41,0,0,0,31,12,0
28,133,San Martín de Valdeiglesias,1-004-A,502,0,0,502,364,4,368,2,6,181,2,107,0,0,0,30,1,2,0,32,4,1
28,133,San Martín de Valdeiglesias,1-004-B,501,0,0,501,372,1,373,3,16,192,1,104,0,0,1,29,0,0,0,24,3,0
28,134,San Sebastián de los Reyes,1-001-U,644,0,0,644,403,1,404,6,5,153,0,100,0,0,0,66,8,5,1,36,24,0
28,134,San Sebastián de los Reyes,1-002-U,684,0,0,684,388,0,388,4,3,155,0,101,0,0,1,65,1,2,0,32,23,1
28,134,San Sebastián de los Reyes,1-003-U,905,0,0,905,532,1,533,7,8,210,0,144,0,0,0,82,5,6,1,42,27,1
28,134,San Sebastián de los Reyes,1-004-A,629,0,0,629,414,1,415,4,4,156,0,110,0,0,0,72,1,2,1,36,28,1
28,134,San Sebastián de los Reyes,1-004-B,754,0,0,754,498,1,499,5,8,202,0,132,1,1,2,72,2,4,0,42,28,0
28,134,San Sebastián de los Reyes,1-005-A,618,0,0,618,421,0,421,5,1,187,0,91,0,0,2,59,5,4,1,39,25,2
28,134,San Sebastián de los Reyes,1-005-B,672,0,0,672,434,1,435,3,7,184,0,105,0,0,2,65,5,4,0,35,24,1
28,134,San Sebastián de los Reyes,1-006-A,575,0,0,575,383,1,384,6,1,181,0,91,0,0,0,66,3,3,0,22,10,1
28,134,San Sebastián de los Reyes,1-006-B,558,0,0,558,384,1,385,3,3,187,0,77,1,1,1,58,2,2,1,28,19,2
28,134,San Sebastián de los Reyes,1-007-U,641,0,0,641,414,1,415,5,4,191,0,99,0,0,0,54,3,5,2,34,16,2
28,134,San Sebastián de los Reyes,1-008-A,531,0,0,531,327,1,328,1,8,171,0,61,0,0,2,49,5,3,0,23,5,0
28,134,San Sebastián de los Reyes,1-008-B,488,0,0,488,309,1,310,4,3,163,1,56,0,0,0,34,7,2,0,29,10,1
28,134,San Sebastián de los Reyes,1-009-A,537,0,0,537,370,0,370,4,2,153,1,82,0,0,0,64,2,4,2,35,21,0
28,134,San Sebastián de los Reyes,1-009-B,517,0,0,517,330,1,331,1,3,161,1,64,0,0,2,60,4,7,0,17,10,1
28,134,San Sebastián de los Reyes,1-010-U,524,0,0,524,326,1,327,4,1,141,0,88,0,1,0,36,9,7,0,21,19,0
28,134,San Sebastián de los Reyes,1-011-U,769,0,0,769,473,1,474,4,6,198,3,116,0,3,0,66,6,5,0,42,23,2
28,134,San Sebastián de los Reyes,1-012-A,746,0,0,746,479,1,480,4,8,223,3,111,0,0,0,67,1,1,1,40,21,0
28,134,San Sebastián de los Reyes,1-012-B,752,0,0,752,478,1,479,5,6,200,0,99,0,1,2,89,6,5,1,40,24,1
28,134,San Sebastián de los Reyes,1-014-A,574,0,0,574,370,1,371,3,6,149,0,99,0,0,1,46,2,6,0,35,23,1
28,134,San Sebastián de los Reyes,1-014-B,512,0,0,512,311,1,312,3,3,113,0,88,0,0,1,54,2,4,1,29,14,0
28,134,San Sebastián de los Reyes,1-015-A,561,0,0,561,351,1,352,4,5,145,2,96,0,0,0,45,4,5,0,31,15,0
28,134,San Sebastián de los Reyes,1-015-B,496,0,0,496,287,1,288,2,1,118,0,80,0,0,0,39,4,1,0,32,11,0
28,134,San Sebastián de los Reyes,1-017-U,808,0,0,808,446,1,447,6,6,169,1,118,0,0,0,76,11,8,0,36,15,1
28,134,San Sebastián de los Reyes,1-018-A,740,1,0,741,457,1,458,3,6,174,0,95,0,0,1,98,7,4,0,34,36,0
28,134,San Sebastián de los Reyes,1-018-B,681,0,0,681,449,1,450,5,8,174,1,108,0,2,0,84,6,4,0,33,24,1
28,134,San Sebastián de los Reyes,1-019-A,698,0,0,698,493,1,494,3,7,207,0,136,1,1,0,85,4,4,0,23,23,0
28,134,San Sebastián de los Reyes,1-019-B,754,0,0,754,501,1,502,2,8,207,0,146,0,1,2,78,6,4,0,26,21,1
28,134,San Sebastián de los Reyes,1-020-U,716,0,0,716,449,1,450,5,5,188,2,103,0,1,0,77,7,5,0,35,21,1
28,134,San Sebastián de los Reyes,1-021-U,798,0,0,798,520,1,521,1,2,204,0,153,0,1,3,85,1,3,0,39,27,2
28,134,San Sebastián de los Reyes,1-022-A,513,0,0,513,306,1,307,1,8,123,0,74,0,0,0,61,1,5,1,22,10,1
28,134,San Sebastián de los Reyes,1-022-B,517,0,0,517,334,1,335,1,6,112,0,111,0,1,0,47,2,5,0,40,8,2
28,134,San Sebastián de los Reyes,1-024-U,714,0,0,714,445,1,446,4,3,175,2,90,0,1,1,78,2,5,4,53,24,4
28,134,San Sebastián de los Reyes,1-025-A,585,0,0,585,373,1,374,4,2,165,0,85,0,0,0,58,2,4,1,30,22,1
28,134,San Sebastián de los Reyes,1-025-B,636,0,0,636,416,0,416,1,13,157,0,102,0,0,1,84,5,6,2,23,21,1
28,134,San Sebastián de los Reyes,1-026-A,468,0,0,468,352,0,352,5,4,150,1,90,0,1,0,64,4,0,0,18,15,0
28,134,San Sebastián de los Reyes,1-026-B,521,0,0,521,390,1,391,3,6,167,0,102,0,0,1,57,4,5,0,24,21,1
28,134,San Sebastián de los Reyes,1-027-A,910,0,0,910,648,1,649,2,7,293,1,147,0,0,1,107,8,4,0,46,32,1
28,134,San Sebastián de los Reyes,1-027-B,834,0,0,834,600,1,601,6,9,252,3,138,0,0,2,106,8,3,0,41,33,0
28,134,San Sebastián de los Reyes,1-028-U,944,0,0,944,645,1,646,7,5,239,3,175,0,0,4,115,8,4,1,49,34,2
28,134,San Sebastián de los Reyes,1-029-A,653,0,0,653,456,1,457,7,11,198,1,98,0,1,0,78,6,3,0,33,21,0
28,134,San Sebastián de los Reyes,1-029-B,651,0,0,651,462,1,463,3,2,199,1,96,0,1,0,97,9,4,0,24,27,0
28,134,San Sebastián de los Reyes,1-030-U,855,0,0,855,715,0,715,11,1,201,2,150,0,1,1,180,7,8,0,30,122,1
28,134,San Sebastián de los Reyes,1-031-A,605,0,0,605,463,1,464,10,8,195,0,102,0,0,1,81,1,3,0,44,18,1
28,134,San Sebastián de los Reyes,1-031-B,633,0,0,633,477,1,478,6,2,226,2,99,0,2,0,92,2,2,0,27,18,0
28,134,San Sebastián de los Reyes,1-032-A,755,0,0,755,598,1,599,3,1,473,1,24,0,1,1,12,7,2,0,72,2,0
28,134,San Sebastián de los Reyes,1-032-B,792,0,0,792,636,1,637,7,1,494,0,25,0,0,0,18,5,2,0,83,2,0
28,134,San Sebastián de los Reyes,1-033-A,563,0,0,563,397,1,398,5,3,306,0,23,0,2,0,16,8,1,0,32,1,1
28,134,San Sebastián de los Reyes,1-033-B,717,0,0,717,512,1,513,3,1,375,1,31,0,0,0,33,6,2,1,53,6,1
28,134,San Sebastián de los Reyes,1-033-C,727,0,0,727,508,0,508,4,2,373,2,23,0,2,0,23,5,1,0,69,2,2
28,134,San Sebastián de los Reyes,1-034-U,706,0,0,706,551,0,551,13,12,243,0,80,0,0,0,120,9,4,2,43,24,1
28,134,San Sebastián de los Reyes,1-035-A,839,0,0,839,661,0,661,7,7,339,0,119,0,0,1,125,5,3,0,26,27,2
28,134,San Sebastián de los Reyes,1-035-B,857,0,0,857,663,0,663,2,4,329,0,127,0,1,2,109,13,4,0,45,27,0
28,134,San Sebastián de los Reyes,1-036-A,530,0,0,530,414,1,415,6,11,178,0,53,0,0,1,95,4,6,2,35,24,0
28,134,San Sebastián de los Reyes,1-036-B,595,0,0,595,462,1,463,6,3,145,3,107,0,2,0,125,6,5,0,29,32,0
28,134,San Sebastián de los Reyes,1-037-A,764,0,0,764,553,1,554,4,4,244,1,92,0,1,0,139,9,3,1,28,27,1
28,134,San Sebastián de los Reyes,1-037-B,753,1,0,754,586,1,587,3,9,275,1,102,0,1,1,114,10,1,1,39,28,2
28,134,San Sebastián de los Reyes,1-038-A,773,0,0,773,605,1,606,11,7,271,2,110,0,0,0,135,5,6,0,38,21,0
28,134,San Sebastián de los Reyes,1-038-B,789,0,0,789,596,0,596,9,6,273,1,98,0,2,1,144,6,5,1,25,25,0
28,134,San Sebastián de los Reyes,1-039-A,810,0,0,810,619,0,619,7,3,251,0,107,1,0,3,141,15,2,0,57,30,2
28,134,San Sebastián de los Reyes,1-039-B,847,0,0,847,613,0,613,10,6,233,3,136,0,0,0,142,7,2,0,41,33,0
28,134,San Sebastián de los Reyes,1-040-U,806,0,0,806,662,1,663,9,2,166,2,130,0,2,2,184,10,5,0,27,123,1
28,134,San Sebastián de los Reyes,1-041-A,751,0,0,751,569,0,569,8,6,225,1,91,0,0,2,148,11,4,0,47,25,1
28,134,San Sebastián de los Reyes,1-041-B,780,0,0,780,577,1,578,5,8,243,1,76,0,0,2,154,14,3,0,37,31,4
28,134,San Sebastián de los Reyes,1-042-A,777,0,0,777,495,1,496,4,4,224,0,84,0,0,0,91,11,4,0,43,30,1
28,134,San Sebastián de los Reyes,1-042-B,796,0,0,796,530,1,531,2,9,222,1,91,0,0,2,114,9,7,0,40,33,1
28,134,San Sebastián de los Reyes,1-043-A,605,0,0,605,500,1,501,7,0,385,1,27,0,0,0,27,6,0,0,42,6,0
28,134,San Sebastián de los Reyes,1-043-B,630,0,0,630,503,0,503,2,2,381,0,24,0,0,0,37,12,4,0,35,6,0
28,134,San Sebastián de los Reyes,1-043-C,663,0,0,663,519,0,519,2,3,407,0,24,0,0,0,30,9,2,0,33,9,0
28,134,San Sebastián de los Reyes,1-044-A,529,0,0,529,404,1,405,8,7,191,2,54,0,0,1,76,9,6,0,31,19,1
28,134,San Sebastián de los Reyes,1-044-B,476,0,0,476,367,1,368,5,5,184,1,64,0,0,0,59,4,4,0,24,16,2
28,134,San Sebastián de los Reyes,1-045-A,684,0,0,684,504,1,505,2,5,259,0,66,1,0,0,97,8,5,0,38,24,0
28,134,San Sebastián de los Reyes,1-045-B,728,0,0,728,533,1,534,4,2,282,1,72,0,0,1,104,11,2,1,32,21,1
28,134,San Sebastián de los Reyes,1-046-A,815,0,0,815,607,0,607,7,8,269,1,93,0,1,1,154,8,4,0,36,25,0
28,134,San Sebastián de los Reyes,1-046-B,789,0,0,789,626,1,627,9,4,296,0,79,0,0,0,131,22,10,1,41,33,1
28,134,San Sebastián de los Reyes,1-047-A,644,0,0,644,462,0,462,3,7,273,0,51,0,0,1,60,12,3,0,38,13,1
28,134,San Sebastián de los Reyes,1-047-B,700,0,0,700,475,0,475,7,1,303,6,44,0,1,0,54,14,5,2,27,11,0
28,134,San Sebastián de los Reyes,1-047-C,669,0,0,669,474,0,474,8,4,264,3,70,0,0,0,61,5,5,0,38,16,0
28,134,San Sebastián de los Reyes,1-048-A,728,0,0,728,562,1,563,7,4,283,1,104,0,0,0,99,10,6,0,29,19,1
28,134,San Sebastián de los Reyes,1-048-B,768,0,0,768,582,1,583,15,1,283,0,75,0,1,0,126,13,4,0,34,30,1
28,134,San Sebastián de los Reyes,1-049-U,960,0,0,960,770,1,771,6,11,282,4,162,1,0,1,169,9,5,0,56,64,1
28,134,San Sebastián de los Reyes,1-050-A,541,0,0,541,415,0,415,8,4,191,0,68,1,0,0,82,19,4,0,28,9,1
28,134,San Sebastián de los Reyes,1-050-B,556,0,0,556,442,1,443,7,2,219,1,64,0,1,0,87,14,4,1,28,12,3
28,134,San Sebastián de los Reyes,1-051-A,811,0,0,811,577,0,577,12,3,361,1,58,1,0,0,63,11,5,0,47,15,0
28,134,San Sebastián de los Reyes,1-051-B,801,0,0,801,555,0,555,7,4,361,0,65,0,0,0,70,2,1,0,38,6,1
28,134,San Sebastián de los Reyes,1-052-A,863,0,0,863,648,1,649,7,4,353,0,76,0,0,3,117,16,1,0,53,19,0
28,134,San Sebastián de los Reyes,1-052-B,798,0,0,798,622,0,622,4,2,350,0,73,0,1,0,113,7,3,0,43,23,3
28,134,San Sebastián de los Reyes,1-053-A,694,0,0,694,547,0,547,6,2,249,2,79,1,1,1,129,9,5,0,34,26,3
28,134,San Sebastián de los Reyes,1-053-B,659,0,0,659,502,1,503,11,6,209,2,83,1,1,0,107,10,4,1,37,30,1
28,134,San Sebastián de los Reyes,1-054-A,556,0,0,556,432,0,432,11,7,248,0,56,0,0,0,66,11,1,0,22,10,0
28,134,San Sebastián de los Reyes,1-054-B,600,0,0,600,440,0,440,6,5,234,1,50,0,0,0,85,10,1,1,36,11,0
28,134,San Sebastián de los Reyes,1-055-U,923,0,0,923,629,1,630,11,5,244,2,171,0,0,0,102,9,4,0,43,39,0
28,134,San Sebastián de los Reyes,1-056-A,557,0,0,557,483,1,484,6,1,246,2,62,0,0,0,99,19,2,0,26,21,0
28,134,San Sebastián de los Reyes,1-056-B,582,0,0,582,484,1,485,5,5,275,0,48,0,0,0,100,8,8,0,18,15,3
28,134,San Sebastián de los Reyes,1-057-A,604,0,0,604,492,1,493,2,6,262,0,60,0,0,0,105,16,2,0,30,9,1
28,134,San Sebastián de los Reyes,1-057-B,619,0,0,619,504,0,504,13,6,229,0,72,0,0,1,99,17,2,0,24,37,4
28,135,Santa María de la Alameda,1-001-A,751,0,0,751,531,0,531,5,7,202,1,97,0,1,2,114,11,7,0,45,39,0
28,135,Santa María de la Alameda,1-001-B,382,0,0,382,308,1,309,1,5,183,0,36,0,0,2,32,13,2,0,28,7,0
28,136,Santorcaz,1-001-U,731,0,0,731,607,0,607,8,9,303,1,156,0,0,0,47,2,3,0,65,12,1
28,137,Los Santos de la Humosa,1-001-A,680,0,0,680,499,0,499,5,12,227,1,113,0,0,0,67,3,3,3,49,15,1
28,137,Los Santos de la Humosa,1-001-B,575,0,0,575,433,1,434,2,5,209,0,127,0,0,0,47,5,2,1,29,7,0
28,137,Los Santos de la Humosa,1-001-C,607,0,0,607,433,1,434,3,7,226,0,104,0,0,0,48,4,2,2,25,12,1
28,138,La Serna del Monte,1-001-U,75,0,0,75,64,0,64,2,1,40,0,8,0,0,0,5,0,0,0,5,3,0
28,140,Serranillos del Valle,1-001-A,565,0,0,565,422,0,422,4,6,193,2,73,0,0,1,58,6,7,1,53,17,1
28,140,Serranillos del Valle,1-001-B,617,0,0,617,445,1,446,6,7,205,0,70,1,0,0,77,5,3,1,58,13,0
28,140,Serranillos del Valle,1-002-U,831,0,0,831,580,0,580,1,5,330,0,61,0,1,1,88,5,7,1,65,14,1
28,140,Serranillos del Valle,1-003-A,707,0,0,707,509,1,510,4,6,234,0,60,1,1,1,117,2,8,2,63,11,0
28,140,Serranillos del Valle,1-003-B,726,0,0,726,541,0,541,6,5,280,0,73,0,0,0,93,5,4,0,63,10,2
28,141,Sevilla la Nueva,1-001-A,671,0,0,671,475,0,475,10,6,250,2,69,1,1,0,66,12,6,2,36,13,1
28,141,Sevilla la Nueva,1-001-B,698,0,0,698,505,1,506,5,2,287,0,54,0,0,0,90,3,7,1,43,13,1
28,141,Sevilla la Nueva,1-001-C,745,0,0,745,502,1,503,5,5,274,0,61,0,2,0,84,4,6,1,47,12,2
28,141,Sevilla la Nueva,1-002-A,769,0,0,769,548,0,548,4,8,302,2,84,0,0,2,77,1,4,0,48,14,2
28,141,Sevilla la Nueva,1-002-B,754,0,0,754,521,0,521,7,6,284,0,74,0,0,0,81,4,5,2,34,22,2
28,141,Sevilla la Nueva,1-003-A,648,0,0,648,434,0,434,4,5,226,0,57,1,1,0,77,10,4,0,36,12,1
28,141,Sevilla la Nueva,1-003-B,772,0,0,772,491,0,491,9,7,252,1,59,0,1,1,91,5,8,0,42,14,1
28,141,Sevilla la Nueva,1-003-C,790,0,0,790,517,0,517,7,3,295,0,64,1,2,0,89,4,5,0,31,13,3
28,141,Sevilla la Nueva,1-004-U,847,0,0,847,591,1,592,4,3,329,1,76,0,0,2,95,3,6,1,52,20,0
28,143,Somosierra,1-001-U,78,0,0,78,68,0,68,0,0,37,0,15,0,0,1,7,1,0,0,1,6,0
28,144,Soto del Real,1-001-A,544,0,0,544,379,1,380,3,5,186,0,123,0,0,1,17,1,2,0,33,9,0
28,144,Soto del Real,1-001-B,708,0,0,708,521,2,523,4,1,231,1,185,0,1,1,33,8,4,1,43,10,0
28,144,Soto del Real,1-001-C,740,0,0,740,536,0,536,2,4,238,0,182,0,0,0,34,2,4,1,45,24,0
28,144,Soto del Real,1-002-A,647,0,0,647,478,1,479,1,2,217,0,166,0,0,0,35,8,2,0,29,19,0
28,144,Soto del Real,1-002-B,738,0,0,738,549,0,549,7,3,242,0,181,0,0,0,46,5,4,1,40,20,0
28,144,Soto del Real,1-003-A,531,0,0,531,418,3,421,2,5,190,1,144,0,0,0,22,4,0,1,39,12,1
28,144,Soto del Real,1-003-B,686,0,0,686,551,1,552,4,0,270,0,176,0,0,0,34,8,4,0,39,16,1
28,144,Soto del Real,1-003-C,605,0,0,605,461,0,461,2,7,185,1,185,0,0,0,30,6,3,0,22,20,0
28,144,Soto del Real,1-004-A,854,0,0,854,646,0,646,5,1,344,0,178,0,0,0,48,5,2,0,51,12,0
28,144,Soto del Real,1-004-B,896,0,0,896,682,2,684,0,7,361,0,196,1,0,0,41,7,4,0,45,22,0
28,145,Talamanca de Jarama,1-001-A,713,0,0,713,520,0,520,10,7,212,0,93,0,0,0,119,3,4,0,49,23,0
28,145,Talamanca de Jarama,1-001-B,628,0,0,628,436,0,436,9,10,181,0,94,0,0,1,82,0,2,0,38,19,0
28,145,Talamanca de Jarama,1-002-A,841,0,0,841,578,0,578,8,4,255,1,141,0,0,0,85,1,4,0,52,26,1
28,145,Talamanca de Jarama,1-002-B,770,0,0,770,531,0,531,2,7,240,2,140,0,0,0,73,2,1,2,36,26,0
28,146,Tielmes,1-001-A,948,0,0,948,684,0,684,5,7,358,0,158,0,0,0,63,2,1,0,62,28,0
28,146,Tielmes,1-001-B,859,0,0,859,564,1,565,4,8,301,1,166,0,0,0,27,1,6,0,36,15,0
28,147,Titulcia,1-001-A,500,0,0,500,389,1,390,0,17,168,0,112,0,0,1,45,0,3,1,37,6,0
28,147,Titulcia,1-001-B,512,0,0,512,422,1,423,3,6,217,0,121,0,0,1,37,0,5,0,21,11,1
28,148,Torrejón de Ardoz,1-001-U,951,0,0,951,671,1,672,10,7,290,1,173,0,1,1,108,6,1,0,37,36,1
28,148,Torrejón de Ardoz,1-002-A,657,0,0,657,482,1,483,6,8,261,0,74,0,0,0,82,7,1,0,25,19,0
28,148,Torrejón de Ardoz,1-002-B,572,0,0,572,420,2,422,5,3,252,0,66,0,0,0,56,1,1,0,25,12,1
28,148,Torrejón de Ardoz,1-003-U,762,0,0,762,555,2,557,3,10,256,1,136,0,0,2,79,2,6,0,26,35,1
28,148,Torrejón de Ardoz,1-004-U,666,0,0,666,489,2,491,6,1,236,4,104,0,0,0,85,3,1,1,30,19,1
28,148,Torrejón de Ardoz,1-005-U,641,0,0,641,359,1,360,1,8,186,2,68,0,1,0,57,5,2,0,20,10,0
28,148,Torrejón de Ardoz,1-006-A,600,0,0,600,394,1,395,11,5,156,0,98,0,0,0,77,0,8,0,20,20,0
28,148,Torrejón de Ardoz,1-006-B,601,0,0,601,421,1,422,4,4,188,2,118,0,3,0,54,5,3,0,17,23,1
28,148,Torrejón de Ardoz,1-007-U,975,0,0,975,616,1,617,20,9,303,0,92,0,0,0,111,3,10,1,36,30,2
28,148,Torrejón de Ardoz,1-008-U,695,0,0,695,485,1,486,4,8,196,0,142,0,0,0,75,3,2,0,30,24,2
28,148,Torrejón de Ardoz,1-009-U,739,0,0,739,469,1,470,5,6,225,0,124,0,1,0,59,1,8,0,28,11,2
28,148,Torrejón de Ardoz,1-010-A,700,0,0,700,500,1,501,5,3,243,1,97,0,0,0,93,4,2,0,27,26,0
28,148,Torrejón de Ardoz,1-010-B,623,0,0,623,454,1,455,10,2,223,0,80,0,0,4,81,5,1,0,32,17,0
28,148,Torrejón de Ardoz,1-011-A,699,0,0,699,505,0,505,5,5,249,2,105,0,0,1,74,7,2,0,26,29,0
28,148,Torrejón de Ardoz,1-011-B,643,0,0,643,471,1,472,2,5,241,1,122,2,0,0,59,6,3,0,17,13,1
28,148,Torrejón de Ardoz,1-012-A,679,0,0,679,537,1,538,11,8,268,2,94,0,0,0,79,5,7,0,21,42,1
28,148,Torrejón de Ardoz,1-012-B,614,0,0,614,471,1,472,0,14,252,0,92,0,1,0,68,3,4,0,19,19,0
28,148,Torrejón de Ardoz,1-013-A,870,0,0,870,550,1,551,7,6,231,0,131,0,2,0,96,7,8,0,34,29,0
28,148,Torrejón de Ardoz,1-013-B,841,0,0,841,509,0,509,7,10,228,1,107,0,0,1,91,7,4,0,30,22,1
28,148,Torrejón de Ardoz,1-014-A,754,0,0,754,509,1,510,5,5,222,1,128,1,0,0,88,6,5,0,20,29,0
28,148,Torrejón de Ardoz,1-014-B,714,0,0,714,477,0,477,1,6,210,1,113,0,0,3,76,2,13,2,32,17,1
28,148,Torrejón de Ardoz,1-015-A,613,1,0,614,437,1,438,7,8,207,1,85,0,0,0,80,3,7,0,25,15,0
28,148,Torrejón de Ardoz,1-015-B,546,1,0,547,384,1,385,3,2,198,0,61,0,0,0,73,2,4,0,27,14,1
28,148,Torrejón de Ardoz,1-016-A,526,0,0,526,336,0,336,5,4,161,1,79,0,0,0,49,3,2,0,14,18,0
28,148,Torrejón de Ardoz,1-016-B,583,0,0,583,388,1,389,6,1,197,1,79,0,0,0,54,4,3,1,31,12,0
28,148,Torrejón de Ardoz,1-017-A,582,0,0,582,400,1,401,8,7,204,1,56,0,0,1,81,4,6,0,20,12,1
28,148,Torrejón de Ardoz,1-017-B,525,0,0,525,342,1,343,6,2,162,0,77,0,0,0,64,5,0,0,20,7,0
28,148,Torrejón de Ardoz,1-018-U,699,0,0,699,526,1,527,4,9,283,1,99,0,0,1,77,3,9,0,20,21,0
28,148,Torrejón de Ardoz,1-019-A,609,0,0,609,451,1,452,8,8,225,1,76,0,0,0,90,1,2,0,31,9,1
28,148,Torrejón de Ardoz,1-019-B,646,0,0,646,481,1,482,10,4,210,0,107,0,0,0,93,7,5,1,23,21,1
28,148,Torrejón de Ardoz,1-020-A,582,0,0,582,443,1,444,8,6,233,1,72,0,0,2,74,6,7,0,21,13,1
28,148,Torrejón de Ardoz,1-020-B,612,0,0,612,442,1,443,6,7,217,1,65,0,0,0,88,5,4,0,28,21,1
28,148,Torrejón de Ardoz,1-021-A,480,0,0,480,351,1,352,3,2,195,1,47,0,1,0,65,4,2,0,21,11,0
28,148,Torrejón de Ardoz,1-021-B,511,0,0,511,374,1,375,4,1,197,0,47,0,0,2,90,4,1,0,24,5,0
28,148,Torrejón de Ardoz,1-022-A,804,0,0,804,601,1,602,15,3,297,0,92,0,0,2,112,12,4,0,51,14,0
28,148,Torrejón de Ardoz,1-022-B,832,0,0,832,605,1,606,8,9,321,1,80,0,0,4,102,9,7,1,48,15,1
28,148,Torrejón de Ardoz,1-023-A,627,0,0,627,398,1,399,7,5,211,1,49,0,0,0,69,6,3,0,29,19,0
28,148,Torrejón de Ardoz,1-023-B,669,0,0,669,440,1,441,9,9,232,4,62,1,0,0,69,12,4,0,22,17,0
28,148,Torrejón de Ardoz,1-024-A,537,1,0,538,380,1,381,12,8,190,0,51,1,0,0,72,5,5,1,22,14,0
28,148,Torrejón de Ardoz,1-024-B,615,0,0,615,456,1,457,2,10,225,3,76,0,0,0,86,6,7,0,25,15,2
28,148,Torrejón de Ardoz,1-025-A,631,0,0,631,366,1,367,4,1,205,1,34,0,0,0,50,7,3,0,48,14,0
28,148,Torrejón de Ardoz,1-025-B,605,0,0,605,334,1,335,7,2,177,3,36,0,1,0,49,4,4,0,39,11,2
28,148,Torrejón de Ardoz,1-026-A,644,0,0,644,513,1,514,10,4,286,3,63,0,0,1,102,9,4,0,21,10,1
28,148,Torrejón de Ardoz,1-026-B,630,0,0,630,507,1,508,8,2,284,4,74,0,0,2,88,8,0,1,25,11,1
28,148,Torrejón de Ardoz,2-001-A,483,0,0,483,329,1,330,6,2,174,0,55,0,1,0,43,5,5,0,21,17,1
28,148,Torrejón de Ardoz,2-001-B,712,0,0,712,477,1,478,9,11,234,0,68,0,0,1,78,15,10,1,35,16,0
28,148,Torrejón de Ardoz,2-002-A,815,0,0,815,554,1,555,8,11,274,0,101,1,0,0,87,13,6,1,35,18,0
28,148,Torrejón de Ardoz,2-002-B,742,0,0,742,479,1,480,9,3,244,1,99,0,0,1,74,7,4,0,27,11,0
28,148,Torrejón de Ardoz,2-003-U,750,0,0,750,512,1,513,9,10,248,0,125,0,0,0,75,3,3,0,20,18,2
28,148,Torrejón de Ardoz,2-004-A,648,0,0,648,397,1,398,4,7,174,0,89,0,1,3,58,4,8,0,32,17,1
28,148,Torrejón de Ardoz,2-004-B,647,0,0,647,395,1,396,3,5,183,0,100,0,0,0,50,4,3,0,26,21,1
28,148,Torrejón de Ardoz,2-005-U,900,0,0,900,565,1,566,11,4,260,1,126,0,0,2,88,3,4,0,34,32,1
28,148,Torrejón de Ardoz,2-006-U,963,0,0,963,639,0,639,6,4,296,0,164,0,0,2,95,8,7,0,28,26,3
28,148,Torrejón de Ardoz,2-007-U,787,0,0,787,507,1,508,7,2,245,1,124,0,0,0,69,2,7,0,28,20,3
28,148,Torrejón de Ardoz,2-008-U,898,0,0,898,511,1,512,5,0,236,1,126,1,1,0,77,4,7,1,36,17,0
28,148,Torrejón de Ardoz,2-009-A,498,0,0,498,330,1,331,4,2,165,0,69,0,1,1,54,1,2,3,13,16,0
28,148,Torrejón de Ardoz,2-009-B,554,0,0,554,366,2,368,3,1,189,4,65,0,1,0,54,8,4,0,17,21,1
28,148,Torrejón de Ardoz,2-010-A,545,0,0,545,391,1,392,5,3,196,0,78,0,0,0,70,3,1,1,20,15,0
28,148,Torrejón de Ardoz,2-010-B,494,0,0,494,342,2,344,2,3,196,0,68,0,0,0,46,3,4,0,11,11,0
28,148,Torrejón de Ardoz,2-011-A,652,0,0,652,467,2,469,1,5,251,0,71,0,2,1,80,4,1,0,37,15,1
28,148,Torrejón de Ardoz,2-011-B,686,0,0,686,497,1,498,6,3,282,2,71,0,0,0,80,3,3,0,30,18,0
28,148,Torrejón de Ardoz,2-012-U,858,0,0,858,592,2,594,7,5,303,0,104,0,0,1,88,3,2,0,38,42,1
28,148,Torrejón de Ardoz,2-013-U,940,0,0,940,673,1,674,9,3,352,0,145,0,0,0,89,6,5,0,37,27,1
28,148,Torrejón de Ardoz,2-014-A,665,0,0,665,489,2,491,1,4,271,0,81,0,0,0,86,3,4,0,27,14,0
28,148,Torrejón de Ardoz,2-014-B,691,0,0,691,472,1,473,3,1,243,0,95,0,0,3,68,11,2,0,26,21,0
28,148,Torrejón de Ardoz,2-015-A,543,0,0,543,411,1,412,5,2,213,0,79,0,0,1,66,5,1,0,24,16,0
28,148,Torrejón de Ardoz,2-015-B,588,0,0,588,447,1,448,4,8,221,0,81,0,0,0,75,6,2,0,36,15,0
28,148,Torrejón de Ardoz,2-016-A,933,0,0,933,630,1,631,4,16,272,0,106,1,1,1,140,19,4,1,41,24,1
28,148,Torrejón de Ardoz,2-016-B,844,0,0,844,585,1,586,13,7,277,2,93,0,1,0,125,0,9,0,28,29,2
28,148,Torrejón de Ardoz,2-017-A,707,0,0,707,422,1,423,5,4,179,1,75,0,0,0,100,7,8,0,30,13,1
28,148,Torrejón de Ardoz,2-017-B,656,0,0,656,387,1,388,5,9,188,1,65,0,1,0,67,2,2,0,31,17,0
28,148,Torrejón de Ardoz,2-018-A,881,0,0,881,653,2,655,16,6,348,0,91,0,1,0,112,10,2,0,38,31,0
28,148,Torrejón de Ardoz,2-018-B,939,0,0,939,711,2,713,11,5,388,0,116,0,0,0,114,15,3,2,42,17,0
28,148,Torrejón de Ardoz,2-019-A,716,0,0,716,489,2,491,8,7,218,1,74,0,3,0,98,9,2,1,42,27,1
28,148,Torrejón de Ardoz,2-019-B,691,0,0,691,478,1,479,5,8,211,0,78,0,0,1,104,8,4,1,25,34,0
28,148,Torrejón de Ardoz,2-020-A,783,0,0,783,583,1,584,11,8,257,2,102,0,1,0,122,6,4,0,34,35,2
28,148,Torrejón de Ardoz,2-020-B,714,0,0,714,534,2,536,9,11,236,1,86,0,1,3,110,5,2,0,38,32,2
28,148,Torrejón de Ardoz,2-021-A,843,0,0,843,527,1,528,5,4,261,3,76,0,0,2,106,8,11,0,32,20,0
28,148,Torrejón de Ardoz,2-021-B,794,0,0,794,556,1,557,10,8,259,2,72,0,2,1,129,7,9,0,34,24,0
28,148,Torrejón de Ardoz,2-022-A,757,0,0,757,462,1,463,11,4,211,1,73,1,1,0,92,3,9,0,31,24,2
28,148,Torrejón de Ardoz,2-022-B,776,0,0,776,470,1,471,5,10,230,0,77,1,0,1,82,4,10,1,29,19,2
28,148,Torrejón de Ardoz,2-023-A,677,0,0,677,498,1,499,12,4,256,1,60,0,0,0,101,9,8,0,36,12,0
28,148,Torrejón de Ardoz,2-023-B,639,0,0,639,494,1,495,9,7,250,2,71,1,0,1,91,13,8,0,28,14,0
28,148,Torrejón de Ardoz,2-024-A,784,0,0,784,590,1,591,5,9,301,2,93,0,0,0,110,8,5,0,36,20,2
28,148,Torrejón de Ardoz,2-024-B,855,0,0,855,633,1,634,9,7,321,2,89,0,0,0,123,12,4,1,42,24,0
28,148,Torrejón de Ardoz,2-025-A,658,0,0,658,451,1,452,13,2,222,1,65,0,0,0,95,8,3,0,23,19,1
28,148,Torrejón de Ardoz,2-025-B,612,0,0,612,431,1,432,3,7,208,3,65,0,1,0,90,16,7,0,16,15,1
28,148,Torrejón de Ardoz,2-026-A,612,0,0,612,476,1,477,5,6,252,1,57,0,1,0,92,11,6,0,33,13,0
28,148,Torrejón de Ardoz,2-026-B,720,0,0,720,556,1,557,8,11,294,0,62,0,1,0,106,14,5,0,33,23,0
28,148,Torrejón de Ardoz,2-026-C,682,0,0,682,539,1,540,11,10,285,0,65,0,2,0,95,5,12,0,36,19,0
28,148,Torrejón de Ardoz,2-027-A,633,0,0,633,428,1,429,8,4,241,2,46,0,0,0,63,11,4,0,33,17,0
28,148,Torrejón de Ardoz,2-027-B,651,1,0,652,442,1,443,6,3,228,2,53,0,0,2,81,10,7,0,28,22,1
28,148,Torrejón de Ardoz,2-028-A,494,0,0,494,371,1,372,9,4,190,2,54,0,0,1,81,3,4,0,17,7,0
28,148,Torrejón de Ardoz,2-028-B,507,0,0,507,387,1,388,10,4,208,2,53,0,0,0,60,7,4,0,24,16,0
28,148,Torrejón de Ardoz,3-001-U,604,0,0,604,373,0,373,3,1,182,1,93,0,0,3,38,3,2,0,29,17,1
28,148,Torrejón de Ardoz,3-002-U,859,0,0,859,461,0,461,7,6,202,0,123,0,1,1,60,2,4,1,28,26,0
28,148,Torrejón de Ardoz,3-003-A,594,0,0,594,355,1,356,4,6,176,1,74,0,0,0,51,5,2,0,21,14,2
28,148,Torrejón de Ardoz,3-003-B,590,0,0,590,337,1,338,2,6,182,2,76,1,0,1,35,1,1,0,16,15,0
28,148,Torrejón de Ardoz,3-005-A,669,0,0,669,419,1,420,3,7,207,1,76,0,0,0,67,7,1,0,35,15,1
28,148,Torrejón de Ardoz,3-005-B,653,0,0,653,435,1,436,13,5,212,0,71,0,0,1,72,6,1,0,39,15,1
28,148,Torrejón de Ardoz,3-006-A,885,0,0,885,704,1,705,6,6,421,2,103,0,0,0,104,10,5,0,22,26,0
28,148,Torrejón de Ardoz,3-006-B,898,0,0,898,702,1,703,6,4,427,3,90,0,0,1,91,6,6,3,40,26,0
28,148,Torrejón de Ardoz,3-007-A,583,0,0,583,434,1,435,11,8,217,0,76,0,0,0,73,4,1,0,30,15,0
28,148,Torrejón de Ardoz,3-007-B,614,0,0,614,443,1,444,6,2,257,2,61,0,0,0,63,4,3,3,28,15,0
28,148,Torrejón de Ardoz,3-008-A,749,0,0,749,533,1,534,5,5,267,2,80,0,1,1,91,10,6,0,35,29,2
28,148,Torrejón de Ardoz,3-008-B,783,0,0,783,558,1,559,12,8,288,0,68,0,0,0,102,7,9,2,37,25,1
28,148,Torrejón de Ardoz,3-009-A,603,0,0,603,433,1,434,7,6,203,0,65,0,0,0,100,5,3,1,22,21,1
28,148,Torrejón de Ardoz,3-009-B,618,0,0,618,456,0,456,3,5,214,1,64,0,0,1,99,4,4,1,37,23,0
28,148,Torrejón de Ardoz,4-001-A,473,0,0,473,295,1,296,4,3,161,0,48,0,0,0,42,2,2,1,22,11,0
28,148,Torrejón de Ardoz,4-001-B,559,0,0,559,333,1,334,3,6,195,0,55,0,0,0,38,1,5,1,23,7,0
28,148,Torrejón de Ardoz,4-002-U,862,0,0,862,509,1,510,5,5,268,0,72,0,0,1,80,2,7,0,41,29,0
28,148,Torrejón de Ardoz,4-003-A,466,0,0,466,295,1,296,5,1,167,0,55,1,0,0,35,6,2,0,15,9,0
28,148,Torrejón de Ardoz,4-003-B,508,0,0,508,350,1,351,3,5,194,0,54,0,0,0,41,10,2,0,27,14,1
28,148,Torrejón de Ardoz,4-004-A,555,0,0,555,355,1,356,4,5,193,1,62,0,1,0,47,2,1,0,26,14,0
28,148,Torrejón de Ardoz,4-004-B,594,0,0,594,396,1,397,8,1,220,1,63,0,0,0,62,1,2,0,17,19,3
28,148,Torrejón de Ardoz,4-005-A,502,0,0,502,280,1,281,3,5,148,2,51,0,0,1,34,4,0,0,24,9,0
28,148,Torrejón de Ardoz,4-005-B,478,0,0,478,275,1,276,5,2,143,2,49,0,0,1,36,9,2,0,19,8,0
28,148,Torrejón de Ardoz,4-006-A,679,0,0,679,427,1,428,6,7,222,2,76,0,0,0,61,4,3,0,27,20,0
28,148,Torrejón de Ardoz,4-006-B,643,0,0,643,431,1,432,4,14,223,0,70,0,0,0,67,8,2,0,25,19,0
28,148,Torrejón de Ardoz,4-007-U,705,0,0,705,390,1,391,2,2,203,0,101,1,2,0,31,4,6,0,20,18,1
28,148,Torrejón de Ardoz,4-008-A,517,0,0,517,353,0,353,3,4,194,1,67,1,0,0,44,5,3,1,23,7,0
28,148,Torrejón de Ardoz,4-008-B,495,0,0,495,338,1,339,5,3,171,0,73,0,0,1,41,6,4,2,21,12,0
28,148,Torrejón de Ardoz,4-009-U,643,0,0,643,298,1,299,8,1,139,0,84,0,0,0,38,1,3,1,10,13,1
28,148,Torrejón de Ardoz,4-010-U,888,0,0,888,634,1,635,6,8,297,0,122,0,1,0,106,3,10,0,50,32,0
28,148,Torrejón de Ardoz,4-011-U,628,0,0,628,418,1,419,3,2,206,2,83,0,0,2,63,3,6,0,25,23,1
28,148,Torrejón de Ardoz,4-012-U,677,0,0,677,364,1,365,5,0,175,0,79,0,1,0,49,2,9,0,35,10,0
28,148,Torrejón de Ardoz,4-013-A,509,0,0,509,320,1,321,4,4,164,0,52,0,0,0,49,6,6,0,25,11,0
28,148,Torrejón de Ardoz,4-013-B,538,0,0,538,340,0,340,2,5,181,1,54,0,0,0,57,4,4,0,20,11,1
28,148,Torrejón de Ardoz,4-014-U,781,0,0,781,323,2,325,3,5,152,1,78,0,0,1,54,4,4,0,12,11,0
28,148,Torrejón de Ardoz,4-015-A,558,0,0,558,325,1,326,0,8,155,1,89,0,1,0,35,3,5,0,23,6,0
28,148,Torrejón de Ardoz,4-015-B,585,0,0,585,440,2,442,4,2,199,1,126,1,0,0,61,4,7,1,20,16,0
28,148,Torrejón de Ardoz,4-016-A,496,1,0,497,309,1,310,3,4,154,1,77,0,2,1,30,0,4,0,28,5,1
28,148,Torrejón de Ardoz,4-016-B,476,0,0,476,295,1,296,2,2,141,0,72,0,0,0,31,1,3,0,32,12,0
28,148,Torrejón de Ardoz,4-017-U,628,5,0,633,289,1,290,1,3,124,0,71,0,0,0,32,2,5,1,29,21,1
28,148,Torrejón de Ardoz,4-018-A,568,0,0,568,405,0,405,5,0,218,1,73,0,0,1,53,0,2,0,29,22,1
28,148,Torrejón de Ardoz,4-018-B,641,0,0,641,464,1,465,5,5,259,0,68,0,0,1,69,0,2,0,26,29,1
28,148,Torrejón de Ardoz,4-019-A,785,0,0,785,566,1,567,2,6,302,2,91,0,0,0,99,7,5,4,29,20,0
28,148,Torrejón de Ardoz,4-019-B,721,0,0,721,506,1,507,1,4,264,2,95,1,0,1,71,12,6,2,32,16,0
28,149,Torrejón de la Calzada,1-001-A,886,0,0,886,615,3,618,4,13,327,1,105,0,1,1,89,7,2,0,51,16,1
28,149,Torrejón de la Calzada,1-001-B,831,0,0,831,586,4,590,9,5,319,1,78,1,1,0,90,11,9,0,46,20,0
28,149,Torrejón de la Calzada,1-002-A,764,0,0,764,545,2,547,11,6,245,1,103,1,0,2,95,10,9,0,52,12,0
28,149,Torrejón de la Calzada,1-002-B,863,0,0,863,619,3,622,9,6,313,3,91,1,0,1,97,12,8,1,51,25,4
28,149,Torrejón de la Calzada,1-003-A,613,0,0,613,418,2,420,9,5,183,0,57,0,2,3,86,6,9,0,51,9,0
28,149,Torrejón de la Calzada,1-003-B,639,0,0,639,435,1,436,5,7,210,1,57,0,0,1,72,4,8,1,59,11,0
28,149,Torrejón de la Calzada,1-004-A,640,0,0,640,434,3,437,6,4,226,2,58,1,0,0,69,8,3,0,46,14,0
28,149,Torrejón de la Calzada,1-004-B,645,0,0,645,417,3,420,4,11,220,2,45,0,1,0,64,4,3,0,48,18,0
28,149,Torrejón de la Calzada,1-005-A,558,0,0,558,418,2,420,9,7,182,0,70,0,1,2,81,12,5,0,34,17,0
28,149,Torrejón de la Calzada,1-005-B,533,0,0,533,398,1,399,3,5,167,1,75,0,1,0,78,7,9,0,37,16,0
28,150,Torrejón de Velasco,1-001-A,710,0,0,710,525,1,526,2,9,275,0,64,0,3,0,75,7,2,1,66,21,1
28,150,Torrejón de Velasco,1-001-B,707,0,0,707,541,0,541,2,10,302,0,59,1,1,1,69,2,5,2,65,22,0
28,150,Torrejón de Velasco,1-002-A,615,0,0,615,446,1,447,5,10,209,1,71,0,0,0,58,7,1,0,70,15,0
28,150,Torrejón de Velasco,1-002-B,597,0,0,597,440,1,441,3,11,225,1,61,0,0,2,57,5,2,0,57,17,0
28,150,Torrejón de Velasco,1-003-A,485,0,0,485,359,0,359,4,4,181,0,53,0,0,0,39,5,2,0,55,16,0
28,150,Torrejón de Velasco,1-003-B,445,0,0,445,308,0,308,2,4,169,1,42,0,0,1,29,3,3,0,36,17,1
28,151,Torrelaguna,1-001-A,549,0,0,549,395,0,395,3,13,164,1,113,0,0,1,38,17,2,0,23,19,1
28,151,Torrelaguna,1-001-B,561,0,0,561,388,1,389,3,7,166,0,101,0,1,0,42,13,5,2,23,22,4
28,151,Torrelaguna,2-001-A,485,0,0,485,373,1,374,4,5,191,1,74,1,1,0,46,5,0,0,28,16,2
28,151,Torrelaguna,2-001-B,513,0,0,513,371,2,373,4,6,159,2,93,0,1,0,52,7,0,0,36,13,0
28,151,Torrelaguna,2-002-A,620,0,0,620,415,0,415,2,5,181,0,93,0,0,1,72,11,3,1,31,15,0
28,151,Torrelaguna,2-002-B,652,0,0,652,434,1,435,3,7,224,0,83,0,0,3,43,9,5,0,37,21,0
28,152,Torrelodones,1-001-A,737,0,0,737,526,1,527,5,6,273,2,79,0,0,1,76,6,4,1,49,24,1
28,152,Torrelodones,1-001-B,706,0,0,706,501,2,503,7,13,265,0,65,0,0,0,74,5,4,1,46,23,0
28,152,Torrelodones,1-002-A,923,0,0,923,644,3,647,9,6,336,2,88,0,0,1,99,17,2,0,65,18,4
28,152,Torrelodones,1-002-B,839,0,0,839,609,0,609,5,2,338,0,74,0,0,0,99,5,9,0,45,32,0
28,152,Torrelodones,1-003-A,675,0,0,675,522,2,524,6,3,332,1,42,0,0,1,57,7,6,2,60,6,1
28,152,Torrelodones,1-003-B,722,0,0,722,553,2,555,3,3,349,1,46,0,0,1,48,12,6,1,67,17,1
28,152,Torrelodones,1-003-C,747,0,0,747,580,2,582,5,1,370,0,50,0,0,1,59,14,3,1,65,10,3
28,152,Torrelodones,1-004-A,724,0,0,724,517,2,519,3,3,290,3,59,0,0,0,80,18,1,0,37,25,0
28,152,Torrelodones,1-004-B,758,0,0,758,544,2,546,9,8,265,3,67,1,0,0,101,11,5,1,49,26,0
28,152,Torrelodones,1-005-A,639,0,0,639,509,2,511,5,1,340,1,39,0,1,0,51,15,1,2,42,12,1
28,152,Torrelodones,1-005-B,709,0,0,709,544,1,545,12,3,345,5,42,0,1,0,61,11,2,1,53,9,0
28,152,Torrelodones,1-005-C,685,0,0,685,538,2,540,5,1,331,1,42,0,1,0,66,13,3,0,60,17,0
28,152,Torrelodones,1-006-A,559,0,0,559,408,2,410,5,2,263,1,28,0,0,0,47,10,2,1,40,11,0
28,152,Torrelodones,1-006-B,735,0,0,735,513,2,515,10,2,286,3,56,1,2,0,55,13,4,0,64,16,3
28,152,Torrelodones,1-006-C,644,0,0,644,482,2,484,4,3,298,3,41,0,1,2,64,9,1,1,47,10,0
28,152,Torrelodones,1-007-A,576,0,0,576,433,2,435,10,0,254,0,53,0,0,0,65,9,1,0,35,8,0
28,152,Torrelodones,1-007-B,643,0,0,643,482,2,484,12,3,280,0,47,0,0,0,86,17,1,0,27,11,0
28,152,Torrelodones,1-007-C,589,0,0,589,444,2,446,7,3,262,1,37,0,2,0,97,10,1,0,12,14,0
28,152,Torrelodones,1-008-A,773,0,0,773,617,2,619,5,2,402,1,53,0,1,2,77,16,1,2,50,7,0
28,152,Torrelodones,1-008-B,866,0,0,866,698,1,699,7,6,439,0,60,1,0,0,84,13,5,0,70,12,2
28,152,Torrelodones,1-008-C,819,0,0,819,639,1,640,5,1,444,0,48,0,0,0,68,11,9,0,43,10,1
28,152,Torrelodones,1-009-A,638,0,0,638,476,2,478,6,3,305,0,39,0,1,0,74,5,4,0,35,6,0
28,152,Torrelodones,1-009-B,752,0,0,752,578,0,578,2,1,369,1,38,0,0,1,71,9,6,0,65,15,0
28,152,Torrelodones,1-009-C,767,0,0,767,567,1,568,14,6,353,0,37,2,1,1,73,11,2,2,52,14,0
28,152,Torrelodones,1-010-A,502,0,0,502,384,2,386,5,5,212,0,38,0,1,0,69,6,6,0,25,18,1
28,152,Torrelodones,1-010-B,478,0,0,478,375,2,377,8,5,205,3,45,0,1,0,50,7,4,0,37,12,0
28,153,Torremocha de Jarama,1-001-U,879,0,0,879,628,0,628,4,2,206,6,110,2,1,0,151,7,8,2,44,80,5
28,154,Torres de la Alameda,1-001-A,593,0,0,593,412,2,414,3,11,208,0,88,0,1,1,45,0,5,0,45,7,0
28,154,Torres de la Alameda,1-001-B,724,0,0,724,509,3,512,8,12,245,0,121,0,0,0,57,3,2,1,47,15,1
28,154,Torres de la Alameda,1-001-C,696,0,0,696,502,3,505,4,15,266,2,113,0,0,2,48,2,4,0,36,11,2
28,154,Torres de la Alameda,1-002-A,609,0,0,609,421,0,421,1,5,203,0,101,0,1,0,51,5,4,1,28,21,0
28,154,Torres de la Alameda,1-002-B,636,0,0,636,447,2,449,3,6,245,0,90,0,1,2,40,3,5,0,41,12,1
28,154,Torres de la Alameda,1-003-A,482,0,0,482,369,1,370,8,2,163,0,114,0,0,1,45,1,1,0,25,10,0
28,154,Torres de la Alameda,1-003-B,556,0,0,556,396,1,397,4,7,156,0,115,0,0,2,56,0,4,0,33,18,2
28,154,Torres de la Alameda,1-004-A,649,0,0,649,452,1,453,1,7,211,0,119,1,0,0,55,3,2,0,39,14,1
28,154,Torres de la Alameda,1-004-B,699,0,0,699,521,1,522,7,9,267,0,113,0,0,1,55,1,3,1,49,15,1
28,155,Valdaracete,1-001-U,519,0,0,519,451,0,451,3,7,188,0,189,0,0,0,13,3,0,0,33,15,0
28,156,Valdeavero,1-001-A,610,0,0,610,413,0,413,5,8,183,1,103,0,0,3,33,5,4,1,55,12,0
28,156,Valdeavero,1-001-B,582,0,0,582,396,1,397,4,10,174,0,112,0,0,0,40,1,3,1,38,12,2
28,157,Valdelaguna,1-001-U,750,0,0,750,572,0,572,7,11,334,1,87,0,0,0,49,3,4,0,59,17,0
28,158,Valdemanco,1-001-U,777,0,0,777,639,0,639,5,10,341,0,98,2,1,1,80,11,7,2,61,19,1
28,159,Valdemaqueda,1-001-U,632,0,0,632,526,0,526,6,7,269,0,102,0,0,0,56,2,4,1,57,22,0
28,160,Valdemorillo,1-001-A,882,0,0,882,574,0,574,9,13,325,3,97,0,0,0,61,0,5,1,47,11,2
28,160,Valdemorillo,1-001-B,850,0,0,850,575,2,577,10,12,308,2,106,0,0,0,74,3,2,1,43,15,1
28,160,Valdemorillo,1-002-A,812,0,0,812,531,3,534,4,10,281,0,78,0,0,0,71,12,2,0,51,0,25
28,160,Valdemorillo,1-002-B,782,0,0,782,537,3,540,6,10,268,0,75,1,2,0,85,7,8,1,53,22,2
28,160,Valdemorillo,1-003-A,784,0,0,784,518,2,520,4,8,269,1,70,0,1,0,78,6,4,0,52,26,1
28,160,Valdemorillo,1-003-B,874,0,0,874,600,1,601,8,5,292,0,74,1,0,1,93,10,10,1,72,33,1
28,160,Valdemorillo,1-003-C,921,0,0,921,645,2,647,4,6,291,1,83,2,1,0,111,13,11,1,78,44,1
28,160,Valdemorillo,1-004-A,757,0,0,757,468,2,470,6,11,252,0,59,0,0,0,62,12,4,0,46,15,3
28,160,Valdemorillo,1-004-B,834,0,0,834,601,1,602,3,6,323,1,63,0,1,0,92,13,5,2,67,25,1
28,160,Valdemorillo,1-004-C,906,0,0,906,633,3,636,11,3,332,1,74,0,0,0,101,19,6,0,67,22,0
28,160,Valdemorillo,1-005-A,615,0,0,615,446,0,446,5,10,235,0,76,0,2,1,64,5,4,1,27,16,0
28,160,Valdemorillo,1-005-B,591,0,0,591,437,3,440,6,6,222,0,72,0,0,0,89,7,4,0,18,16,0
28,161,Valdemoro,1-001-A,731,0,0,731,471,0,471,4,4,230,2,77,0,0,2,71,5,7,1,47,21,0
28,161,Valdemoro,1-001-B,667,0,0,667,438,1,439,7,2,221,0,81,0,0,0,63,1,10,0,44,9,1
28,161,Valdemoro,1-002-A,769,0,0,769,470,1,471,6,11,202,0,97,0,1,0,78,2,5,0,52,16,1
28,161,Valdemoro,1-002-B,729,0,0,729,454,1,455,7,9,201,0,110,0,0,1,60,5,8,1,41,12,0
28,161,Valdemoro,1-003-A,689,0,0,689,432,1,433,4,10,194,0,95,0,2,0,65,2,3,0,42,15,1
28,161,Valdemoro,1-003-B,684,1,0,685,446,1,447,2,3,185,0,92,1,0,0,81,3,4,0,50,26,0
28,161,Valdemoro,1-004-U,892,0,0,892,511,0,511,3,8,238,0,101,0,1,1,76,4,1,0,58,20,0
28,161,Valdemoro,1-005-U,774,0,0,774,486,1,487,1,3,239,0,120,0,3,0,51,1,9,0,50,10,0
28,161,Valdemoro,1-006-A,711,0,0,711,397,0,397,4,10,218,1,59,0,0,0,52,4,4,0,37,8,0
28,161,Valdemoro,1-006-B,766,0,0,766,470,0,470,1,9,247,1,54,1,0,0,59,2,8,0,62,25,1
28,161,Valdemoro,1-007-A,610,0,0,610,416,0,416,4,14,211,0,54,0,0,1,53,1,2,2,60,14,0
28,161,Valdemoro,1-007-B,673,0,0,673,457,0,457,8,5,248,0,57,0,1,2,54,4,2,1,66,8,1
28,161,Valdemoro,1-008-A,918,0,0,918,652,1,653,7,3,323,4,88,0,0,0,127,7,6,0,65,23,0
28,161,Valdemoro,1-008-B,934,0,0,934,680,0,680,9,11,310,1,113,0,0,0,121,9,6,0,68,31,1
28,161,Valdemoro,1-009-A,565,0,0,565,381,1,382,2,7,152,2,75,0,0,0,76,6,5,0,40,17,0
28,161,Valdemoro,1-009-B,522,0,0,522,334,0,334,5,7,170,1,59,0,0,0,53,1,3,3,28,4,0
28,161,Valdemoro,1-010-A,580,0,0,580,400,0,400,1,9,141,2,87,0,0,1,76,6,5,0,39,32,1
28,161,Valdemoro,1-010-B,579,0,0,579,381,1,382,3,2,165,2,90,0,0,1,55,5,7,0,31,21,0
28,161,Valdemoro,1-011-A,532,0,0,532,382,0,382,4,3,185,2,58,0,2,2,57,3,10,0,36,20,0
28,161,Valdemoro,1-011-B,490,0,0,490,342,0,342,7,10,167,2,58,0,1,0,59,2,1,0,18,16,1
28,161,Valdemoro,1-012-A,825,0,0,825,592,0,592,6,7,276,0,98,1,0,1,107,10,9,0,63,14,0
28,161,Valdemoro,1-012-B,947,0,0,947,650,0,650,7,13,311,1,113,1,0,5,122,10,4,0,48,15,0
28,161,Valdemoro,1-013-A,702,0,0,702,503,0,503,4,9,252,1,56,0,2,1,106,8,0,2,48,14,0
28,161,Valdemoro,1-013-B,771,0,0,771,554,0,554,11,8,239,1,93,0,1,1,117,8,5,2,47,20,1
28,161,Valdemoro,1-014-A,540,0,0,540,406,1,407,5,8,217,2,66,0,0,0,63,2,4,0,20,19,1
28,161,Valdemoro,1-014-B,515,0,0,515,359,0,359,0,7,211,0,48,0,0,0,49,6,1,0,28,9,0
28,161,Valdemoro,1-015-A,757,0,0,757,537,0,537,4,11,273,1,71,1,0,1,83,2,10,0,50,29,1
28,161,Valdemoro,1-015-B,781,0,0,781,542,0,542,14,4,289,0,79,0,0,0,92,4,2,0,38,19,1
28,161,Valdemoro,1-016-A,665,0,0,665,480,1,481,7,2,191,1,79,0,0,0,115,6,8,0,46,25,1
28,161,Valdemoro,1-016-B,647,0,0,647,450,0,450,13,9,176,0,84,0,1,1,109,4,6,0,31,15,1
28,161,Valdemoro,1-017-A,736,0,0,736,499,1,500,3,8,246,0,84,0,0,0,85,2,3,0,46,23,0
28,161,Valdemoro,1-017-B,768,0,0,768,516,0,516,5,11,236,1,94,0,1,1,74,6,3,1,60,23,0
28,161,Valdemoro,1-018-A,568,0,0,568,409,0,409,7,1,199,0,54,0,0,0,65,4,7,1,61,10,0
28,161,Valdemoro,1-018-B,504,0,0,504,373,1,374,9,6,189,0,42,2,0,0,56,6,3,2,40,19,0
28,161,Valdemoro,1-019-A,553,0,0,553,398,0,398,8,4,176,0,51,1,1,0,74,6,7,0,51,19,0
28,161,Valdemoro,1-019-B,506,0,0,506,361,1,362,5,11,168,0,67,0,0,1,64,9,2,0,24,11,0
28,161,Valdemoro,1-020-A,636,0,0,636,478,0,478,2,11,251,2,63,0,0,1,73,4,8,0,57,6,0
28,161,Valdemoro,1-020-B,615,0,0,615,471,0,471,7,6,239,1,65,0,0,0,84,6,5,0,44,13,1
28,161,Valdemoro,1-021-A,887,0,0,887,612,0,612,5,5,345,1,85,0,0,1,97,8,3,0,49,13,0
28,161,Valdemoro,1-021-B,872,0,0,872,637,0,637,7,9,337,3,90,1,2,0,92,11,5,0,69,10,1
28,161,Valdemoro,1-022-A,566,0,0,566,400,0,400,1,1,238,1,55,0,0,0,58,7,3,0,26,9,1
28,161,Valdemoro,1-022-B,684,0,0,684,499,1,500,2,13,248,1,65,0,0,1,109,9,4,1,34,13,0
28,161,Valdemoro,1-022-C,700,0,0,700,502,0,502,9,10,253,0,74,0,0,0,77,8,7,1,54,9,0
28,161,Valdemoro,1-023-A,580,0,0,580,413,0,413,7,9,174,0,71,0,2,0,75,5,2,0,53,15,0
28,161,Valdemoro,1-023-B,626,0,0,626,412,0,412,5,10,199,1,57,0,0,0,65,4,4,0,49,18,0
28,161,Valdemoro,1-024-A,558,0,0,558,370,0,370,5,5,176,0,43,0,0,0,70,5,2,1,45,18,0
28,161,Valdemoro,1-024-B,579,0,0,579,360,1,361,5,6,166,2,50,0,0,0,55,4,5,0,53,14,1
28,161,Valdemoro,1-025-A,639,0,0,639,462,0,462,4,5,221,1,84,0,0,1,100,6,4,0,33,2,1
28,161,Valdemoro,1-025-B,633,0,0,633,454,0,454,5,8,231,0,66,0,0,0,86,12,2,1,38,4,1
28,161,Valdemoro,1-026-A,876,0,0,876,594,0,594,7,12,270,2,90,3,0,1,108,6,4,0,71,20,0
28,161,Valdemoro,1-026-B,803,0,0,803,538,0,538,8,2,255,1,63,1,1,2,115,8,7,1,45,28,1
28,161,Valdemoro,2-001-A,607,0,0,607,352,1,353,3,3,164,1,98,0,1,1,41,1,0,0,28,12,0
28,161,Valdemoro,2-001-B,635,0,0,635,379,1,380,3,4,172,3,82,0,1,0,61,7,6,0,29,9,3
28,161,Valdemoro,2-002-A,878,1,0,879,595,0,595,3,11,283,2,104,0,0,0,112,7,3,0,54,11,5
28,161,Valdemoro,2-002-B,863,0,0,863,555,0,555,7,14,248,0,97,0,0,0,88,4,5,1,64,26,1
28,161,Valdemoro,2-003-A,646,0,0,646,384,1,385,4,11,178,1,79,1,0,0,44,1,11,0,39,14,2
28,161,Valdemoro,2-003-B,662,0,0,662,406,1,407,4,4,162,0,113,0,0,2,51,3,6,0,53,9,0
28,161,Valdemoro,2-004-A,848,0,0,848,564,0,564,5,4,300,2,82,0,1,4,79,3,8,0,54,21,1
28,161,Valdemoro,2-004-B,919,0,0,919,607,0,607,4,13,329,0,99,2,0,0,75,12,4,1,56,12,0
28,161,Valdemoro,2-005-A,602,0,0,602,342,1,343,3,9,169,2,75,1,0,0,50,1,1,0,23,9,0
28,161,Valdemoro,2-005-B,619,0,0,619,376,0,376,8,7,190,0,71,0,0,0,51,1,1,0,34,13,0
28,161,Valdemoro,2-006-U,801,0,0,801,552,1,553,9,12,320,1,53,1,1,1,46,5,1,1,88,14,0
28,161,Valdemoro,2-007-A,538,0,0,538,352,0,352,5,10,167,0,62,1,0,2,54,2,3,0,31,15,0
28,161,Valdemoro,2-007-B,482,0,0,482,295,0,295,5,4,128,0,48,0,0,1,56,3,2,0,38,10,0
28,161,Valdemoro,2-008-U,865,0,0,865,569,1,570,3,6,301,0,102,0,1,1,88,3,4,1,43,17,0
28,161,Valdemoro,2-009-A,787,0,0,787,532,1,533,5,9,274,1,89,0,1,1,88,6,3,0,48,4,4
28,161,Valdemoro,2-009-B,723,0,0,723,494,0,494,6,12,216,0,68,0,0,1,110,9,7,2,46,16,1
28,161,Valdemoro,2-010-A,754,0,0,754,548,0,548,5,8,280,0,83,0,1,1,96,6,3,0,55,10,0
28,161,Valdemoro,2-010-B,812,0,0,812,571,1,572,8,5,299,1,72,0,0,0,101,7,8,0,51,20,0
28,161,Valdemoro,2-011-A,710,0,0,710,488,0,488,4,7,272,1,57,0,0,1,77,3,6,2,43,15,0
28,161,Valdemoro,2-011-B,723,0,0,723,518,0,518,6,9,258,1,68,0,0,0,99,8,4,0,44,21,0
28,161,Valdemoro,2-012-A,594,0,0,594,426,0,426,7,5,199,1,64,1,0,1,70,9,1,1,54,13,0
28,161,Valdemoro,2-012-B,712,0,0,712,536,0,536,3,4,241,1,76,2,0,1,117,8,4,2,63,14,0
28,161,Valdemoro,2-012-C,695,0,0,695,501,0,501,10,12,218,1,83,0,0,1,97,9,5,0,52,13,0
28,161,Valdemoro,2-013-A,661,0,0,661,484,0,484,4,5,248,2,67,2,0,0,80,9,3,2,48,13,1
28,161,Valdemoro,2-013-B,699,0,0,699,516,0,516,7,6,267,2,65,0,0,1,92,15,0,1,44,16,0
28,161,Valdemoro,2-014-A,564,0,0,564,428,0,428,4,4,241,0,49,0,0,0,60,7,8,0,41,14,0
28,161,Valdemoro,2-014-B,628,0,0,628,461,0,461,5,4,242,1,61,1,0,0,77,9,2,0,45,13,1
28,161,Valdemoro,2-015-A,599,0,0,599,393,0,393,5,7,157,2,76,0,0,0,75,6,5,0,37,21,2
28,161,Valdemoro,2-015-B,636,0,0,636,410,0,410,2,7,175,0,85,0,0,0,73,4,6,0,37,18,3
28,161,Valdemoro,2-016-A,638,0,0,638,414,0,414,1,2,206,0,53,0,1,0,84,2,2,1,52,9,1
28,161,Valdemoro,2-016-B,571,0,0,571,374,0,374,7,2,195,0,50,0,0,0,67,3,1,1,35,11,2
28,162,Valdeolmos-Alalpardo,1-001-A,828,0,0,828,616,2,618,8,8,378,1,68,0,0,2,92,5,2,0,42,11,1
28,162,Valdeolmos-Alalpardo,1-001-B,801,0,0,801,584,0,584,6,7,359,2,54,0,0,0,94,6,6,0,34,15,1
28,162,Valdeolmos-Alalpardo,1-002-U,639,0,0,639,490,2,492,2,2,282,0,60,0,0,1,68,9,2,0,51,15,0
28,162,Valdeolmos-Alalpardo,1-003-U,757,0,0,757,529,2,531,7,2,295,0,70,1,0,3,81,4,2,1,57,6,2
28,163,Valdepiélagos,1-001-U,472,0,0,472,363,0,363,4,8,144,0,74,0,0,1,72,2,6,1,26,24,1
28,164,Valdetorres de Jarama,1-001-A,677,0,0,677,479,2,481,3,4,276,1,54,0,0,1,72,4,0,1,54,10,1
28,164,Valdetorres de Jarama,1-001-B,552,0,0,552,370,1,371,9,6,191,2,66,1,1,0,41,1,4,2,41,5,1
28,164,Valdetorres de Jarama,1-001-C,649,0,0,649,458,2,460,8,6,251,0,79,0,0,0,44,8,9,1,44,9,1
28,164,Valdetorres de Jarama,1-002-A,825,0,0,825,621,2,623,4,10,300,0,102,0,2,1,100,7,1,0,71,25,0
28,164,Valdetorres de Jarama,1-002-B,851,0,0,851,613,2,615,6,7,322,1,99,0,0,1,89,7,3,0,60,19,1
28,165,Valdilecha,1-001-A,684,0,0,684,478,1,479,2,9,298,1,67,1,0,0,32,3,5,0,52,9,0
28,165,Valdilecha,1-001-B,699,0,0,699,508,1,509,6,11,311,1,88,0,0,0,32,2,0,0,52,6,0
28,165,Valdilecha,1-001-C,616,0,0,616,440,1,441,5,10,280,0,66,0,0,0,24,2,0,0,51,3,0
28,166,Valverde de Alcalá,1-001-U,391,0,0,391,298,0,298,3,2,154,0,76,0,0,0,30,1,1,0,21,10,0
28,167,Velilla de San Antonio,1-001-A,620,0,0,620,412,0,412,3,2,163,1,88,0,0,1,86,5,12,3,34,11,3
28,167,Velilla de San Antonio,1-001-B,673,0,0,673,440,2,442,5,4,179,0,90,0,2,2,92,7,6,4,39,12,0
28,167,Velilla de San Antonio,1-002-A,758,1,0,759,591,1,592,6,8,208,4,99,0,1,0,151,7,14,1,48,45,0
28,167,Velilla de San Antonio,1-002-B,850,0,0,850,627,2,629,6,7,235,0,109,0,0,1,159,9,9,0,50,44,0
28,167,Velilla de San Antonio,1-003-A,690,0,0,690,486,1,487,4,2,182,0,133,0,0,0,93,6,12,0,34,21,0
28,167,Velilla de San Antonio,1-003-B,724,0,0,724,510,0,510,4,7,203,0,130,0,0,1,84,3,4,0,50,24,0
28,167,Velilla de San Antonio,1-004-A,912,0,0,912,661,1,662,11,11,284,2,120,1,0,0,121,13,8,3,54,33,1
28,167,Velilla de San Antonio,1-004-B,831,0,0,831,610,1,611,8,5,269,2,137,0,0,0,112,4,0,1,49,23,1
28,167,Velilla de San Antonio,1-005-A,747,0,0,747,518,0,518,12,9,188,1,107,0,0,0,132,8,5,0,34,21,1
28,167,Velilla de San Antonio,1-005-B,824,0,0,824,584,1,585,6,13,213,2,128,0,0,0,146,5,6,1,45,20,0
28,167,Velilla de San Antonio,1-006-U,825,0,0,825,589,0,589,6,7,267,1,116,0,1,1,109,8,10,1,53,9,0
28,167,Velilla de San Antonio,1-007-A,608,0,0,608,452,1,453,7,18,180,2,62,0,0,0,112,6,15,0,34,16,1
28,167,Velilla de San Antonio,1-007-B,549,0,0,549,378,1,379,3,3,151,1,59,1,1,0,99,10,4,1,35,11,0
28,168,El Vellón,1-001-A,720,0,0,720,490,0,490,2,2,254,0,119,0,0,1,58,4,1,0,28,20,1
28,168,El Vellón,1-001-B,725,0,0,725,503,0,503,6,8,234,4,106,0,0,2,61,5,3,0,58,16,0
28,169,Venturada,1-001-A,585,0,0,585,471,0,471,5,3,250,0,32,0,0,0,79,8,6,1,63,24,0
28,169,Venturada,1-001-B,675,0,0,675,531,0,531,16,3,287,1,56,0,0,0,71,8,3,0,66,20,0
28,169,Venturada,1-001-C,631,0,0,631,474,0,474,10,3,232,2,53,0,0,1,78,8,6,0,66,14,1
28,170,Villaconejos,1-001-A,735,0,0,735,486,2,488,8,7,234,0,110,0,0,0,38,3,1,0,55,32,0
28,170,Villaconejos,1-001-B,752,0,0,752,501,0,501,11,15,226,0,95,0,0,0,34,1,1,0,83,34,1
28,170,Villaconejos,1-002-A,557,0,0,557,386,1,387,4,8,202,0,70,0,0,0,29,1,3,0,49,21,0
28,170,Villaconejos,1-002-B,559,0,0,559,422,0,422,4,7,207,1,78,0,0,0,45,1,3,0,47,29,0
28,171,Villa del Prado,1-001-A,577,0,0,577,464,1,465,5,13,270,1,99,0,0,0,26,0,2,1,41,7,0
28,171,Villa del Prado,1-001-B,626,0,0,626,443,2,445,4,10,248,0,115,0,0,0,33,0,0,0,29,6,0
28,171,Villa del Prado,1-002-A,512,0,0,512,380,2,382,2,10,227,0,84,0,1,1,24,0,1,1,22,9,0
28,171,Villa del Prado,1-002-B,538,0,0,538,382,2,384,2,8,209,0,80,0,0,1,31,0,3,0,43,7,0
28,171,Villa del Prado,1-003-A,516,0,0,516,349,2,351,7,4,207,1,84,0,0,0,30,1,0,0,15,2,0
28,171,Villa del Prado,1-003-B,518,0,0,518,322,2,324,2,6,176,0,71,0,0,1,26,0,1,2,36,3,0
28,171,Villa del Prado,1-004-A,657,0,0,657,473,2,475,5,8,248,3,125,0,0,0,40,2,4,0,33,7,0
28,171,Villa del Prado,1-004-B,823,0,0,823,547,1,548,3,3,211,2,91,0,4,1,116,11,14,0,64,27,1
28,172,Villalbilla,1-001-A,893,0,0,893,627,0,627,11,9,351,2,88,0,0,2,69,6,4,2,69,14,0
28,172,Villalbilla,1-001-B,920,0,0,920,627,1,628,4,10,334,3,90,0,0,3,73,8,10,2,65,22,4
28,172,Villalbilla,1-002-A,931,0,0,931,633,0,633,7,8,343,0,69,0,0,0,111,14,7,0,50,22,2
28,172,Villalbilla,1-002-B,952,0,0,952,671,0,671,10,5,359,3,78,0,0,1,104,10,7,2,70,20,2
28,172,Villalbilla,1-003-A,749,0,0,749,586,0,586,4,11,336,1,54,0,0,3,70,12,5,1,70,19,0
28,172,Villalbilla,1-003-B,779,0,0,779,611,1,612,5,5,379,1,58,0,1,1,52,5,6,0,70,28,1
28,172,Villalbilla,1-004-U,673,0,0,673,538,1,539,8,3,316,0,54,0,0,0,65,12,4,0,61,16,0
28,172,Villalbilla,1-005-A,558,0,0,558,418,0,418,5,4,216,3,46,0,3,0,64,10,8,0,43,16,0
28,172,Villalbilla,1-005-B,608,0,0,608,448,0,448,2,8,212,1,58,0,1,1,69,13,15,0,41,25,2
28,172,Villalbilla,1-006-A,864,0,0,864,694,0,694,11,14,366,2,77,0,0,0,114,15,11,0,62,21,1
28,172,Villalbilla,1-006-B,804,0,0,804,639,0,639,6,7,342,0,71,0,0,1,105,11,7,1,63,24,1
28,172,Villalbilla,1-007-A,709,0,0,709,488,1,489,3,6,255,1,60,0,0,0,93,5,9,0,42,14,1
28,172,Villalbilla,1-007-B,834,0,0,834,580,1,581,11,3,276,3,93,0,0,0,105,7,11,0,58,14,0
28,172,Villalbilla,1-007-C,712,0,0,712,495,1,496,9,4,264,2,53,0,2,2,78,6,13,2,47,14,0
28,172,Villalbilla,1-008-A,467,0,0,467,351,0,351,10,6,145,2,60,0,1,0,80,2,4,1,25,13,2
28,172,Villalbilla,1-008-B,521,0,0,521,396,0,396,5,4,177,1,45,0,1,0,89,9,7,3,34,20,1
28,173,Villamanrique de Tajo,1-001-U,594,0,0,594,470,0,470,7,8,225,1,118,1,1,0,57,1,2,0,38,11,0
28,174,Villamanta,1-001-A,565,0,0,565,395,2,397,1,9,184,1,106,0,0,0,50,2,0,0,38,6,0
28,174,Villamanta,1-001-B,711,0,0,711,481,2,483,4,6,245,0,111,0,0,2,40,1,5,3,54,12,0
28,174,Villamanta,1-001-C,697,0,0,697,509,2,511,3,5,295,0,77,0,0,1,47,6,2,0,60,13,2
28,175,Villamantilla,1-001-A,528,0,0,528,402,0,402,10,8,199,1,49,0,0,0,54,20,4,0,36,21,0
28,175,Villamantilla,1-001-B,523,0,0,523,412,0,412,6,9,216,2,55,0,1,1,57,10,3,0,44,8,0
28,176,Villanueva de la Cañada,1-001-A,538,0,0,538,371,0,371,0,4,220,0,48,0,1,1,43,4,3,0,35,11,1
28,176,Villanueva de la Cañada,1-001-B,694,0,0,694,493,0,493,6,4,312,0,51,0,0,1,48,9,3,0,50,9,0
28,176,Villanueva de la Cañada,1-001-C,716,0,0,716,498,1,499,6,4,293,1,64,0,0,0,53,6,4,0,54,13,1
28,176,Villanueva de la Cañada,1-002-A,703,0,0,703,542,1,543,4,1,438,1,18,0,0,0,22,7,2,2,46,2,0
28,176,Villanueva de la Cañada,1-002-B,674,0,0,674,517,1,518,4,3,390,0,17,0,0,0,17,8,3,0,70,6,0
28,176,Villanueva de la Cañada,1-003-A,611,0,0,611,470,1,471,4,5,318,2,35,0,0,1,37,8,4,0,45,12,0
28,176,Villanueva de la Cañada,1-003-B,655,0,0,655,492,1,493,6,4,313,0,26,0,0,1,56,14,1,1,59,10,2
28,176,Villanueva de la Cañada,1-004-A,766,0,0,766,585,1,586,7,6,409,0,67,0,0,0,39,5,3,2,39,9,0
28,176,Villanueva de la Cañada,1-004-B,747,0,0,747,564,1,565,11,6,397,0,46,0,0,1,33,5,1,0,59,5,1
28,176,Villanueva de la Cañada,1-005-A,750,0,0,750,523,0,523,3,1,342,1,37,0,0,0,65,15,4,1,47,6,1
28,176,Villanueva de la Cañada,1-005-B,678,0,0,678,481,1,482,4,4,309,3,41,0,0,1,53,8,2,0,45,8,4
28,176,Villanueva de la Cañada,1-006-A,668,0,0,668,431,0,431,6,2,237,1,74,0,1,2,48,3,4,0,42,10,1
28,176,Villanueva de la Cañada,1-006-B,771,0,0,771,507,1,508,7,10,304,0,58,0,1,0,47,9,3,0,48,20,1
28,176,Villanueva de la Cañada,1-006-C,757,0,0,757,472,0,472,5,3,282,1,58,0,1,1,62,3,5,0,39,12,0
28,176,Villanueva de la Cañada,1-007-A,678,0,0,678,526,1,527,8,4,343,3,44,0,0,0,50,7,5,0,50,12,1
28,176,Villanueva de la Cañada,1-007-B,729,0,0,729,573,0,573,8,7,371,0,58,1,0,0,50,5,3,0,55,15,0
28,176,Villanueva de la Cañada,1-008-A,597,0,0,597,444,1,445,3,1,304,0,45,1,0,0,41,4,4,0,41,0,1
28,176,Villanueva de la Cañada,1-008-B,658,0,0,658,499,1,500,5,3,298,0,49,0,0,1,60,15,1,1,56,11,0
28,176,Villanueva de la Cañada,1-008-C,617,0,0,617,471,0,471,7,4,309,1,38,0,0,0,40,10,5,2,46,9,0
28,176,Villanueva de la Cañada,1-009-A,481,0,0,481,326,1,327,1,0,183,1,39,0,0,0,40,7,2,1,49,4,0
28,176,Villanueva de la Cañada,1-009-B,520,0,0,520,362,1,363,0,1,212,1,35,1,0,1,48,13,1,0,45,4,1
28,176,Villanueva de la Cañada,1-010-A,581,0,0,581,406,1,407,4,2,271,0,52,0,1,1,32,6,2,0,24,12,0
28,176,Villanueva de la Cañada,1-010-B,578,0,0,578,408,1,409,3,0,246,1,53,0,0,1,41,7,3,0,47,7,0
28,177,Villanueva del Pardillo,1-001-A,770,0,0,770,593,1,594,6,3,322,0,107,1,0,1,72,12,6,1,45,17,1
28,177,Villanueva del Pardillo,1-001-B,824,0,0,824,632,3,635,8,3,381,0,87,0,0,1,76,14,9,1,36,19,0
28,177,Villanueva del Pardillo,1-002-A,770,0,0,770,540,1,541,5,3,305,1,91,0,1,2,60,6,5,0,49,11,2
28,177,Villanueva del Pardillo,1-002-B,722,0,0,722,497,1,498,15,4,287,1,58,0,2,0,63,3,7,0,44,14,0
28,177,Villanueva del Pardillo,1-003-A,667,0,0,667,482,2,484,10,3,278,2,54,0,1,0,73,9,6,0,36,11,1
28,177,Villanueva del Pardillo,1-003-B,757,0,0,757,580,2,582,4,7,341,1,63,0,1,0,96,14,8,1,38,8,0
28,177,Villanueva del Pardillo,1-003-C,702,0,0,702,521,3,524,12,1,328,0,64,0,1,0,54,9,3,1,40,11,0
28,177,Villanueva del Pardillo,1-004-U,947,0,0,947,723,0,723,14,9,376,0,119,1,0,1,94,10,4,1,70,23,1
28,177,Villanueva del Pardillo,1-005-A,684,0,0,684,527,2,529,9,4,316,2,50,0,0,0,63,12,3,1,49,20,0
28,177,Villanueva del Pardillo,1-005-B,697,0,0,697,530,1,531,11,4,328,0,55,0,0,0,64,9,2,0,43,15,0
28,177,Villanueva del Pardillo,1-006-A,885,0,0,885,674,1,675,9,7,397,2,90,0,1,0,84,17,4,2,48,14,0
28,177,Villanueva del Pardillo,1-006-B,805,0,0,805,588,0,588,6,5,346,2,77,0,1,0,71,6,5,4,48,14,3
28,177,Villanueva del Pardillo,1-007-A,568,0,0,568,427,2,429,4,2,291,1,32,0,0,0,38,7,3,0,50,1,0
28,177,Villanueva del Pardillo,1-007-B,631,0,0,631,476,0,476,4,1,331,2,31,0,0,0,53,6,1,0,33,14,0
28,177,Villanueva del Pardillo,1-008-A,649,0,0,649,525,2,527,7,3,335,2,41,1,0,0,66,15,5,0,43,9,0
28,177,Villanueva del Pardillo,1-008-B,671,0,0,671,531,0,531,10,3,331,3,60,0,0,0,69,8,4,0,35,7,1
28,178,Villanueva de Perales,1-001-A,592,0,0,592,453,4,457,6,8,220,1,73,0,0,1,71,3,4,1,48,21,0
28,178,Villanueva de Perales,1-001-B,662,0,0,662,503,2,505,7,13,254,2,67,0,0,0,72,1,5,1,71,10,2
28,179,Villar del Olmo,1-001-A,797,0,0,797,523,0,523,8,11,278,0,63,0,0,0,71,12,4,1,59,16,0
28,179,Villar del Olmo,1-001-B,780,0,0,780,501,0,501,4,11,261,1,70,0,0,0,65,6,0,1,58,23,1
28,180,Villarejo de Salvanés,1-001-A,501,0,0,501,373,1,374,3,7,181,1,89,0,0,0,35,3,1,0,45,9,0
28,180,Villarejo de Salvanés,1-001-B,498,0,0,498,368,2,370,3,6,182,0,89,0,0,0,49,3,2,1,16,19,0
28,180,Villarejo de Salvanés,1-002-U,790,0,0,790,536,1,537,6,9,255,1,151,0,1,1,48,4,3,1,40,17,0
28,180,Villarejo de Salvanés,1-003-A,598,0,0,598,455,1,456,4,6,202,1,155,0,1,0,40,2,2,0,31,12,0
28,180,Villarejo de Salvanés,1-003-B,559,0,0,559,403,0,403,5,6,187,0,118,0,0,2,34,0,1,0,37,13,0
28,180,Villarejo de Salvanés,1-004-A,679,0,0,679,496,2,498,4,13,207,1,170,3,0,1,54,4,4,2,30,4,1
28,180,Villarejo de Salvanés,1-004-B,614,0,0,614,445,1,446,7,6,173,2,128,0,0,1,59,5,1,1,55,8,0
28,180,Villarejo de Salvanés,1-005-A,675,0,0,675,542,2,544,5,12,234,0,175,1,0,0,54,7,4,0,41,10,1
28,180,Villarejo de Salvanés,1-005-B,644,0,0,644,484,2,486,0,15,211,0,137,0,0,0,70,2,5,0,38,8,0
28,181,Villaviciosa de Odón,1-001-U,936,0,0,936,670,0,670,6,7,408,2,90,0,0,1,79,7,5,1,44,20,0
28,181,Villaviciosa de Odón,1-002-A,790,0,0,790,548,0,548,5,5,331,1,73,0,0,0,68,4,5,2,35,18,1
28,181,Villaviciosa de Odón,1-002-B,744,0,0,744,543,0,543,7,5,282,1,96,0,0,0,73,4,5,1,44,25,0
28,181,Villaviciosa de Odón,1-003-A,744,0,0,744,544,0,544,8,4,349,1,53,0,0,0,58,7,4,0,43,17,0
28,181,Villaviciosa de Odón,1-003-B,695,0,0,695,530,0,530,7,3,383,0,44,0,0,0,37,7,0,1,38,10,0
28,181,Villaviciosa de Odón,1-004-U,672,0,0,672,447,0,447,0,7,217,3,93,1,0,0,66,3,8,0,31,18,0
28,181,Villaviciosa de Odón,1-005-A,659,0,0,659,503,0,503,8,0,331,0,35,1,0,0,45,5,8,0,59,11,0
28,181,Villaviciosa de Odón,1-005-B,723,0,0,723,526,0,526,1,5,377,0,38,0,0,0,36,9,3,1,45,8,3
28,181,Villaviciosa de Odón,1-006-A,800,0,0,800,619,0,619,6,12,320,0,102,0,0,2,89,14,4,0,45,25,0
28,181,Villaviciosa de Odón,1-006-B,824,0,0,824,602,0,602,8,6,315,0,83,0,2,0,94,13,8,0,33,40,0
28,181,Villaviciosa de Odón,1-007-A,592,0,0,592,443,0,443,3,4,294,0,37,1,0,1,46,8,0,0,35,11,3
28,181,Villaviciosa de Odón,1-007-B,553,0,0,553,415,0,415,3,7,256,0,35,0,0,0,46,8,2,1,47,10,0
28,181,Villaviciosa de Odón,1-008-A,776,0,0,776,604,0,604,5,3,344,0,74,0,0,3,71,13,6,1,52,31,1
28,181,Villaviciosa de Odón,1-008-B,793,0,0,793,611,0,611,9,5,369,0,64,0,0,0,100,3,3,0,33,23,2
28,181,Villaviciosa de Odón,1-009-A,529,0,0,529,414,0,414,4,3,281,1,40,0,1,1,38,5,2,1,32,4,1
28,181,Villaviciosa de Odón,1-009-B,503,0,0,503,390,0,390,5,0,261,0,45,0,0,0,25,5,3,0,39,5,2
28,181,Villaviciosa de Odón,1-010-A,650,0,0,650,512,0,512,7,2,362,0,24,0,0,0,47,7,2,0,46,15,0
28,181,Villaviciosa de Odón,1-010-B,587,0,0,587,437,0,437,5,5,305,0,36,0,0,0,29,11,2,1,37,6,0
28,181,Villaviciosa de Odón,1-011-A,678,0,0,678,506,0,506,4,3,258,1,79,0,1,0,97,8,5,0,33,17,0
28,181,Villaviciosa de Odón,1-011-B,660,0,0,660,526,0,526,2,6,293,0,91,1,0,0,67,9,4,0,37,15,1
28,181,Villaviciosa de Odón,1-012-A,846,0,0,846,649,0,649,11,1,432,0,46,0,1,0,80,14,7,1,45,11,0
28,181,Villaviciosa de Odón,1-012-B,828,0,0,828,630,0,630,7,2,403,2,53,0,0,3,61,17,3,0,69,10,0
28,181,Villaviciosa de Odón,1-013-A,674,0,0,674,524,0,524,7,1,325,0,56,0,0,0,58,3,6,3,56,9,0
28,181,Villaviciosa de Odón,1-013-B,622,0,0,622,504,0,504,7,3,296,0,44,0,0,0,75,3,3,0,61,11,1
28,181,Villaviciosa de Odón,1-014-A,813,0,0,813,620,0,620,6,1,400,1,69,0,0,0,74,14,2,0,38,14,1
28,181,Villaviciosa de Odón,1-014-B,773,0,0,773,576,0,576,8,6,360,1,65,1,1,1,63,16,1,1,37,14,1
28,181,Villaviciosa de Odón,1-015-A,895,0,0,895,695,0,695,5,9,470,0,59,0,1,0,58,16,3,0,59,15,0
28,181,Villaviciosa de Odón,1-015-B,895,0,0,895,702,0,702,6,6,486,0,56,0,0,0,60,16,1,0,47,24,0
28,181,Villaviciosa de Odón,1-016-U,943,0,0,943,593,0,593,5,0,396,2,61,0,0,0,57,8,2,1,46,15,0
28,182,Villavieja del Lozoya,1-001-U,247,0,0,247,194,0,194,3,3,73,0,44,0,0,0,40,0,3,0,19,9,0
28,183,Zarzalejo,1-001-A,499,0,0,499,369,0,369,2,8,125,0,84,0,0,1,78,0,0,0,28,43,0
28,183,Zarzalejo,1-001-B,761,0,0,761,531,1,532,10,10,225,1,64,0,1,1,135,4,5,1,25,49,1
28,901,Lozoyuela-Navas-Sieteiglesias,1-001-A,503,0,0,503,340,0,340,2,5,152,0,69,1,1,0,56,1,3,0,15,34,1
28,901,Lozoyuela-Navas-Sieteiglesias,1-001-B,491,0,0,491,362,0,362,1,6,171,1,65,0,0,2,47,4,3,4,28,28,2
28,902,Puentes Viejas,1-001-U,565,0,0,565,442,0,442,4,5,202,1,50,0,0,1,92,4,3,0,42,34,4
28,903,Tres Cantos,1-001-A,885,0,0,885,676,0,676,6,7,345,2,79,0,1,2,140,15,4,0,40,34,1
28,903,Tres Cantos,1-001-B,778,0,0,778,589,1,590,11,5,282,2,84,0,0,0,120,13,5,0,42,26,0
28,903,Tres Cantos,1-002-A,671,0,0,671,516,1,517,4,2,244,1,97,0,0,0,114,7,1,0,26,21,0
28,903,Tres Cantos,1-002-B,597,0,0,597,464,1,465,8,11,230,1,75,0,0,0,86,7,1,0,27,18,1
28,903,Tres Cantos,1-003-A,686,0,0,686,509,1,510,3,3,218,0,93,0,0,0,116,16,0,1,31,26,3
28,903,Tres Cantos,1-003-B,751,0,0,751,531,1,532,7,3,255,1,113,1,0,3,90,11,0,0,29,19,0
28,903,Tres Cantos,1-004-A,675,0,0,675,470,0,470,12,8,288,0,46,0,0,1,55,12,3,0,36,8,1
28,903,Tres Cantos,1-004-B,608,0,0,608,434,1,435,3,5,266,1,57,0,0,0,47,8,2,0,32,14,0
28,903,Tres Cantos,1-005-A,687,0,0,687,545,1,546,7,4,249,3,94,0,0,0,106,12,3,0,37,31,0
28,903,Tres Cantos,1-005-B,625,0,0,625,466,0,466,10,3,202,1,84,0,0,0,94,10,4,0,23,34,1
28,903,Tres Cantos,1-006-A,900,0,0,900,675,1,676,7,6,292,1,138,1,1,1,138,12,2,1,43,33,0
28,903,Tres Cantos,1-006-B,831,0,0,831,606,1,607,14,10,252,1,120,0,0,0,112,9,3,0,51,35,0
28,903,Tres Cantos,1-007-A,809,0,0,809,604,1,605,11,1,307,6,111,0,0,1,88,25,5,0,36,14,0
28,903,Tres Cantos,1-007-B,805,0,0,805,583,1,584,15,8,307,3,83,0,1,0,82,16,2,0,44,22,1
28,903,Tres Cantos,1-008-A,855,0,0,855,622,1,623,8,8,319,0,93,0,0,0,102,20,4,2,43,24,0
28,903,Tres Cantos,1-008-B,840,0,0,840,632,1,633,13,9,324,0,99,0,1,1,99,17,1,0,41,25,3
28,903,Tres Cantos,1-009-A,660,0,0,660,530,2,532,5,6,224,2,109,0,0,1,104,18,5,0,27,29,2
28,903,Tres Cantos,1-009-B,618,0,0,618,486,0,486,3,4,197,1,92,0,1,0,120,13,3,0,25,27,0
28,903,Tres Cantos,1-010-A,702,0,0,702,573,1,574,10,2,212,0,127,0,0,1,140,7,3,0,28,42,2
28,903,Tres Cantos,1-010-B,737,0,0,737,601,1,602,8,3,225,0,127,0,0,1,148,14,3,0,30,43,0
28,903,Tres Cantos,1-011-U,851,1,0,852,672,1,673,8,10,206,0,149,0,0,1,168,11,8,0,22,90,0
28,903,Tres Cantos,1-012-U,844,0,0,844,673,0,673,10,2,329,0,87,0,0,0,148,37,1,0,27,31,1
28,903,Tres Cantos,1-013-A,910,0,0,910,725,1,726,8,0,475,0,71,0,1,3,72,25,3,0,49,19,0
28,903,Tres Cantos,1-013-B,779,0,0,779,605,1,606,17,3,362,0,73,0,0,0,76,19,3,0,37,16,0
28,903,Tres Cantos,1-014-A,661,0,0,661,506,1,507,10,6,269,1,75,0,0,0,78,14,3,0,34,17,0
28,903,Tres Cantos,1-014-B,602,0,0,602,471,0,471,6,0,212,0,76,0,0,0,97,16,5,0,39,19,1
28,903,Tres Cantos,1-015-A,591,0,0,591,449,1,450,5,4,219,3,58,1,1,0,96,6,5,0,28,23,1
28,903,Tres Cantos,1-015-B,561,0,0,561,418,1,419,8,3,222,1,68,0,0,0,73,6,2,0,11,25,0
28,903,Tres Cantos,1-016-A,699,0,0,699,541,1,542,18,2,243,2,98,0,0,0,110,10,1,1,23,33,1
28,903,Tres Cantos,1-016-B,776,0,0,776,559,1,560,12,4,243,3,119,0,0,0,100,18,5,0,33,19,4
28,903,Tres Cantos,1-017-A,555,0,0,555,403,1,404,12,3,168,2,72,0,0,0,88,16,0,0,18,23,2
28,903,Tres Cantos,1-017-B,687,0,0,687,517,1,518,13,2,258,2,71,0,0,0,105,3,6,0,30,27,1
28,903,Tres Cantos,1-017-C,702,0,0,702,525,1,526,5,3,226,0,101,0,0,0,123,13,2,0,25,27,1
28,903,Tres Cantos,1-018-A,481,0,0,481,367,1,368,5,2,148,0,86,0,0,0,71,13,3,0,18,22,0
28,903,Tres Cantos,1-018-B,502,1,0,503,393,1,394,4,2,127,3,94,0,0,0,96,14,1,3,21,28,1
28,903,Tres Cantos,1-019-A,734,0,0,734,568,1,569,8,7,256,1,100,0,0,0,114,23,2,0,29,29,0
28,903,Tres Cantos,1-019-B,737,0,0,737,558,1,559,8,4,239,2,97,0,2,3,136,8,3,0,24,33,0
28,903,Tres Cantos,1-020-A,587,0,0,587,474,1,475,10,5,218,1,87,0,0,1,98,7,2,0,30,16,0
28,903,Tres Cantos,1-020-B,630,0,0,630,502,1,503,6,2,241,1,73,0,0,0,105,18,4,0,32,21,0
28,903,Tres Cantos,1-021-U,885,0,0,885,695,1,696,11,6,361,1,119,0,0,2,106,20,3,0,39,28,0
28,903,Tres Cantos,1-022-A,576,0,0,576,465,1,466,10,2,241,2,62,0,0,0,85,16,2,3,26,16,1
28,903,Tres Cantos,1-022-B,526,0,0,526,426,0,426,8,1,233,0,36,1,1,1,81,23,0,0,23,16,2
28,903,Tres Cantos,1-023-A,918,0,0,918,733,1,734,14,5,405,0,98,0,0,0,115,24,3,1,48,21,0
28,903,Tres Cantos,1-023-B,861,0,0,861,687,1,688,13,5,376,4,96,0,0,0,129,8,5,0,35,15,2
28,903,Tres Cantos,1-024-A,741,0,0,741,586,1,587,13,6,244,3,80,0,0,2,148,21,6,0,32,31,1
28,903,Tres Cantos,1-024-B,797,0,0,797,622,1,623,18,5,262,3,79,1,0,1,158,22,8,1,41,24,0
28,903,Tres Cantos,1-025-A,587,0,0,587,397,1,398,3,1,195,1,70,0,1,0,66,5,4,0,35,16,1
28,903,Tres Cantos,1-025-B,660,0,0,660,457,1,458,10,2,235,0,57,0,2,0,90,14,6,0,27,14,1
28,903,Tres Cantos,1-025-C,636,1,0,637,423,1,424,4,1,210,1,50,0,1,1,78,18,5,1,33,21,0
28,903,Tres Cantos,1-026-A,509,0,0,509,410,1,411,7,2,208,1,50,0,0,0,83,6,6,0,30,17,1
28,903,Tres Cantos,1-026-B,487,1,0,488,373,1,374,3,3,187,1,35,0,0,0,83,9,0,0,36,16,1
28,903,Tres Cantos,1-027-A,638,0,0,638,551,1,552,11,4,350,3,66,0,0,0,62,13,2,1,31,9,0
28,903,Tres Cantos,1-027-B,817,0,0,817,701,1,702,7,4,441,1,83,0,0,0,90,31,1,0,36,8,0
28,903,Tres Cantos,1-027-C,712,0,0,712,591,1,592,16,6,357,1,66,0,0,0,72,23,0,1,37,13,0
28,990,Residentes ausentes-Madrid,99-001-U,1,0,0,1,0,0,0,0,0,0,0,0,0,0,0,0,0,0,0,0,0,0
28,990,Residentes ausentes-Madrid,99-002-U,7.447,0,0,7.447,421,0,421,9,105,124,2,78,1,1,2,36,2,7,0,33,18,3
28,990,Residentes ausentes-Madrid,99-003-U,7.448,0,0,7.448,489,0,489,4,102,157,4,78,1,2,1,44,11,8,1,44,28,4
28,990,Residentes ausentes-Madrid,99-004-U,7.448,0,0,7.448,537,0,537,3,31,204,3,82,1,0,0,108,11,7,2,43,40,2
28,990,Residentes ausentes-Madrid,99-005-U,7.448,0,0,7.448,615,0,615,2,38,275,7,78,2,0,2,112,10,2,0,51,34,2
28,990,Residentes ausentes-Madrid,99-006-U,7.448,0,0,7.448,912,0,912,6,64,388,9,127,1,1,2,137,15,14,1,83,62,2
28,990,Residentes ausentes-Madrid,99-007-U,7.448,0,0,7.448,570,0,570,4,43,244,10,74,1,0,5,81,8,7,0,44,45,4
28,990,Residentes ausentes-Madrid,99-008-U,7.448,0,0,7.448,675,0,675,4,43,303,5,82,1,2,2,116,9,8,0,64,34,2
28,990,Residentes ausentes-Madrid,99-009-U,7.448,0,0,7.448,515,0,515,2,18,247,3,66,0,0,1,71,9,9,1,54,33,1
28,990,Residentes ausentes-Madrid,99-010-U,7.448,0,0,7.448,532,0,532,5,74,212,5,86,0,0,0,57,11,4,1,37,33,7
28,990,Residentes ausentes-Madrid,99-011-U,7.448,0,0,7.448,506,0,506,3,74,187,4,70,1,2,3,68,6,2,1,39,44,2
28,990,Residentes ausentes-Madrid,99-012-U,7.448,0,0,7.448,639,0,639,7,52,308,0,51,0,0,1,105,8,3,0,66,37,1
28,990,Residentes ausentes-Madrid,99-013-U,7.448,0,0,7.448,486,0,486,3,16,218,2,70,1,0,2,80,9,3,3,40,34,5
28,990,Residentes ausentes-Madrid,99-014-U,7.448,0,0,7.448,489,0,489,6,33,209,0,56,0,0,2,76,8,2,1,50,42,4
28,990,Residentes ausentes-Madrid,99-015-U,7.448,0,0,7.448,451,0,451,1,24,194,4,52,0,0,2,74,12,6,0,35,45,2
28,990,Residentes ausentes-Madrid,99-016-U,7.448,0,0,7.448,566,0,566,2,52,242,2,84,1,0,4,71,7,4,1,54,38,4
28,990,Residentes ausentes-Madrid,99-017-U,7.448,0,0,7.448,544,0,544,2,34,219,5,102,0,0,2,90,3,10,1,41,29,6
28,990,Residentes ausentes-Madrid,99-018-U,7.448,0,0,7.448,546,0,546,6,44,250,5,70,0,0,2,76,12,5,1,31,38,6
28,990,Residentes ausentes-Madrid,99-019-U,7.448,0,0,7.448,592,0,592,4,45,226,7,91,1,1,2,118,13,5,1,46,30,2
28,990,Residentes ausentes-Madrid,99-020-U,7.448,0,0,7.448,540,0,540,2,37,216,2,86,0,2,4,74,10,6,0,47,48,6
28,990,Residentes ausentes-Madrid,99-021-U,7.448,0,0,7.448,651,0,651,7,40,274,2,97,0,3,0,107,15,8,2,52,42,2
28,990,Residentes ausentes-Madrid,99-022-U,7.448,0,0,7.448,546,0,546,1,34,223,3,77,0,0,1,100,12,5,0,44,40,6
28,990,Residentes ausentes-Madrid,99-023-U,7.448,0,0,7.448,727,0,727,8,78,257,10,94,1,1,2,122,15,15,3,63,53,5
28,990,Residentes ausentes-Madrid,99-024-U,7.448,0,0,7.448,701,0,701,6,51,292,1,129,0,2,3,81,11,8,0,51,60,6
28,990,Residentes ausentes-Madrid,99-025-U,7.448,0,0,7.448,602,0,602,1,44,251,3,82,2,1,4,86,13,6,0,62,44,3
28,990,Residentes ausentes-Madrid,99-026-U,7.448,0,0,7.448,540,0,540,2,30,192,2,87,0,3,3,101,11,8,1,44,54,2
28,990,Residentes ausentes-Madrid,99-027-U,7.448,0,0,7.448,667,0,667,2,36,294,5,98,0,2,0,98,9,6,1,64,46,6
28,990,Residentes ausentes-Madrid,99-028-U,7.448,0,0,7.448,587,0,587,3,65,254,6,65,0,4,2,76,8,2,1,54,46,1
28,990,Residentes ausentes-Madrid,99-029-U,7.448,0,0,7.448,507,0,507,1,45,198,4,82,0,2,1,84,5,4,1,36,43,1
28,990,Residentes ausentes-Madrid,99-030-U,7.448,0,0,7.448,725,0,725,9,52,316,5,112,2,0,2,79,12,12,1,69,53,1
28,990,Residentes ausentes-Madrid,99-031-U,7.448,0,0,7.448,711,0,711,7,51,312,4,104,0,3,2,109,12,5,0,42,54,6
28,990,Residentes ausentes-Madrid,99-032-U,7.448,0,0,7.448,596,0,596,4,34,259,1,88,0,1,1,104,14,1,2,49,36,2
28,990,Residentes ausentes-Madrid,99-033-U,7.448,0,0,7.448,563,0,563,2,29,267,3,88,0,0,1,74,5,1,0,55,34,4
28,990,Residentes ausentes-Madrid,99-034-U,7.448,0,0,7.448,527,0,527,5,49,201,6,70,1,2,3,90,10,6,0,35,45,4
28,990,Residentes ausentes-Madrid,99-035-U,7.448,0,0,7.448,436,0,436,1,29,167,6,73,0,3,0,67,10,7,0,36,33,4
28,990,Residentes ausentes-Madrid,99-036-U,7.448,0,0,7.448,525,0,525,5,27,214,2,78,0,0,1,81,16,8,0,43,45,5
28,990,Residentes ausentes-Madrid,99-037-U,7.448,0,0,7.448,566,0,566,7,37,241,6,81,0,2,1,86,16,6,0,46,35,2
28,990,Residentes ausentes-Madrid,99-038-U,7.448,0,0,7.448,478,0,478,2,7,195,3,85,0,0,1,78,7,4,2,46,47,1
28,990,Residentes ausentes-Madrid,99-039-U,7.448,0,0,7.448,759,0,759,5,55,307,5,119,0,1,3,112,19,4,0,63,65,1
28,990,Residentes ausentes-Madrid,99-040-U,7.448,0,0,7.448,543,0,543,1,24,240,6,84,0,2,1,76,11,4,0,51,43,0
28,990,Residentes ausentes-Madrid,99-041-U,7.448,0,0,7.448,697,0,697,2,36,300,2,101,1,1,0,105,12,5,1,74,53,4
28,990,Residentes ausentes-Madrid,99-042-U,7.448,0,0,7.448,554,0,554,4,24,226,3,88,1,0,0,83,12,5,1,59,40,8
28,990,Residentes ausentes-Madrid,99-043-U,7.448,0,0,7.448,589,0,589,5,48,248,6,88,1,0,3,70,13,3,1,62,38,3
28,990,Residentes ausentes-Madrid,99-044-U,7.448,0,0,7.448,516,0,516,1,30,210,4,77,1,1,2,99,7,9,0,43,30,2
28,990,Residentes ausentes-Madrid,99-045-U,7.448,0,0,7.448,677,0,677,1,37,249,7,114,0,2,3,114,15,8,2,48,71,6
28,990,Residentes ausentes-Madrid,99-046-U,7.495,0,0,7.495,612,0,612,0,56,239,4,94,0,2,1,102,15,2,2,49,40,6
28,990,Residentes ausentes-Madrid,99-047-U,7.448,0,0,7.448,682,0,682,0,17,320,10,105,2,0,1,89,11,10,1,65,48,3
28,990,Residentes ausentes-Madrid,99-048-U,7.448,0,0,7.448,569,0,569,0,4,237,3,95,0,1,5,114,15,4,5,45,38,3
28,990,Residentes ausentes-Madrid,99-049-U,7.448,0,0,7.448,499,0,499,5,31,227,1,64,1,0,2,76,8,3,1,43,35,2
28,990,Residentes ausentes-Madrid,99-050-U,7.448,0,0,7.448,406,0,406,3,32,193,1,45,0,2,5,60,6,4,1,26,26,2
28,990,Residentes ausentes-Madrid,99-051-U,7.448,0,0,7.448,477,0,477,4,48,192,1,87,1,1,1,68,9,4,3,32,24,2
28,990,Residentes ausentes-Madrid,99-052-U,0,0,0,0,0,0,0,0,0,0,0,0,0,0,0,0,0,0,0,0,0,0
Total,,,,5.211.765,179,0,5.211.944,3.411.995,1.824,3.413.819,35.107,34.342,1.599.186,7.219,614.296,2.544,2.404,4.148,620.631,52.925,23.451,2.779,248.379,161.032,5.376
